license_number,report_id
0931368006025,105164
0930366004780,105166
,105169
09313680038166,105178
09313711017737,105185
0931366003103,119160
93130120002000,119161
9313012000214,119165
0931370108805,119168
0931313000280,119169
4223241005868,119170
0931365001915,119174
9313012000129,119179
5212650006238,119183
0931339008253,119191
0931315000030,119194
9313012000154,119198
93130500005258,119203
0931339700592,119206
0931339108682,119209
0931365004994,119210
0931371102760,119218
9313020000229,119222
0931364003090,119224
0931371100466,119226
0931314000124,119237
0931366005084,119239
0931367003410,119251
0931339309297,119254
9313070107754,119259
0931368006333,119261
09313659900008,119263
0931366002880,119268
0931369007348,119272
0505553002894,119277
0931339802487,119280
0931368006333,119285
09313140000044,119289
09313140000044,119294
0931312000210,119300
0931314000055,119303
0931312000108,119304
0931313000007,119313
0931370108977,119322
0930568001733,119323
09313110003523,119342
0931369007348,119344
0931339405634,119345
0931313000328,119349
9313040003916,119351
0931315000179,119356
0931314000129,119359
0931341002418,119364
,119366
0931339803632,119370
9313050006357,119371
9313011003532,119376
0931315000242,119377
0931366005084,119389
0931369002816,119391
0931314000111,119392
0931369010877,119402
0931339008253,119409
0931314000049,136845
0931366005472,153377
0931370105678,153383
2632968007982,153385
0931313000107,153398
0931339500509,153401
0931369007517,153404
0931368003212,153408
0931313000024,153412
09313701004295,153417
0931370109001,153421
03053054001793,153422
0931369005002,153424
0931310003477,153426
0931310003477,153427
0931314000183,153430
0931314000183,153431
0931350004724,153434
0931350004724,153435
0931369001875,183118
0931350008853,183120
,183123
,183124
0931339702292,183126
0410315000025,183135
0931312000111,183137
0931313000040,183148
0931341002787,183153
0931312000013,183160
0931369003168,183168
0931353001334,183172
0931368000481,183181
0931369001875,183200
0931370109258,183210
0931313000052,183220
2736071102667,183240
0931371103276,183241
0931368005433,183245
0931369003168,183251
0931341001473,183255
0000068002270,183261
0931367000761,183277
0931312000060,183279
0931311003507,183280
09313120000247,183282
0931350008853,183294
0931365005028,183295
0931367000761,183297
0931366005472,183298
0931313000040,183305
0931313000086,183306
0931367002959,183307
0931313000255,183320
0931369003168,183326
9313050007359,183335
3310653005639,183338
2029966005965,183345
0931341002787,183348
2747171102262,183356
0931368005433,183363
2632968007982,183365
0931320000361,183373
0931367003020,183385
09313200000349,183390
0931312000111,183411
0931365001915,183414
0931313000052,183429
931350005989,183437
0931369001939,183439
0931369010111,183441
0931313000265,183451
0931371103276,183454
0931370107681,183468
0930568007814,183469
0931341001473,183472
0931350006261,183474
0931369008986,183482
0931350005195,183493
0931369001478,183499
931350005989,183511
0931369006783,183518
0931368005625,183531
0931370105678,183547
09305500005116,183560
0931369001939,183566
0931368002225,183579
2081167000391,183580
0000012000182,183582
0931313000106,183583
0931370103072,183589
0931339101633,183596
0931313000107,183604
0931311003471,183609
9313065004728,183610
0931368000157,183611
0931369010111,183614
0931367002959,183616
0931313000273,183618
0931312000091,183619
0931368005625,183623
0931368005625,183624
0931368005625,183625
0931365005028,183628
0931367005302,183631
9313068006528,183636
0931369010111,183637
0931370101803,183650
9313068006528,183654
0931366003103,183664
0931371103174,183682
0931369003001,183689
9313065004728,183697
0931366007059,183700
0931368002225,183701
0931339101633,183702
0931371100155,183704
0931312000091,183705
0931369004079,183707
0931368002036,183721
0931370103072,183724
0931350004914,183725
9313050007359,183737
0931370103726,183738
9305068001929,183744
2081167000391,183754
0931369001939,183755
0931313000281,183770
0931369006783,183772
0931313000104,183773
0931313000157,183776
0931368000157,183778
0931313000281,183785
0931370101803,183792
0931366005043,183814
0931366006960,183820
9313153001283,183825
0931370104282,183826
0931312000052,183830
0931366005516,183832
0931350006342,183848
0931313000019,183882
0931367001648,183887
0931370108805,183893
0931312000100,183894
0931313000084,183897
0931370103072,183903
0931371100155,183904
0931370107681,183908
0930570116002,183911
9305068001929,183919
0931369003001,183928
0931369008979,183934
0931367006631,183939
0931367001648,183954
0931339701419,183963
0931366006960,183970
0931368003212,183975
0931369007517,183976
0931311003437,183983
9313153001283,183985
0930568001733,183986
0931313000114,183997
0931312000050,184001
0931313000019,184007
0931339500509,184008
0931370109808,184010
0931313000084,184011
0931353001334,184013
0931370100129,184016
0931366005084,184029
0931314000058,184031
0931350000798,184043
9305013000191,184044
9313040006226,184051
0931320000209,184052
0931313000104,184053
0931365003104,184054
0931339208713,184055
0931364000648,184065
0931368003520,184066
0931339503383,184068
0931313000107,184083
0931312000034,184084
0931341002418,192115
0931368002914,192117
0931350004914,192118
0931350003090,192120
0931312000100,192137
0931314000058,192140
0931339405634,192142
0931350003090,192143
0931350003090,192146
0931367003213,192156
0931315000179,192162
0931339503383,192165
0931370108977,192166
0931313000164,192172
0931341005215,192178
0931313000164,192185
0931370104282,198088
0931339935801,198090
0931366002886,198091
0931370109808,198125
0931339802042,198130
0931315000011,198133
2041967001688,198137
0931339002572,198146
0931313000024,198147
0931313000114,198149
0931339802039,198162
0931366004710,198167
0931339935801,198185
0931339405634,198188
9313012000129,198191
0931339208713,198194
0930568001828,198195
09313130000295,198222
0931366002886,198235
0931313000157,198236
0931313000229,198259
0931313000304,198262
0931313000321,198266
0931365004940,198267
0931340000509,198282
0931370101044,198285
0931312000043,198290
0931365006003,198302
0931367003548,198304
0931312000060,198316
0931340000601,198317
0931339703561,198318
0931371100350,198325
0931365000818,198327
0931311000006,198335
09313701004295,198341
0931350009486,198349
0931369008980,198361
0931313000304,198368
0931371102760,198387
0931371102272,198391
0931369008980,198392
0931339105785,198401
0931313000309,198409
0931368005976,198414
0931313000307,198419
0931313000309,198420
0931353001193,198423
0931340000601,198429
0931353003241,198431
0931353005427,198432
0931364003552,198433
0931339703561,198446
0931315000030,198449
0931313000137,198457
0931365006003,198466
0931313000314,198480
0931369004459,198502
0931313000034,198503
0931315000179,198505
0931313000229,198514
0931313000316,198534
0931368005976,198537
0931339002572,198548
0931312000157,198553
,198556
09313130000317,198559
0931353001193,198563
0931339900136,198573
0931312000197,198584
0931312000249,198591
08063660077360,198613
2644369011470,198614
5213040006372,198619
0931341004227,198620
0931368005625,198630
0931369005002,198642
0931339604774,198647
0931313000034,198656
0931312000114,198660
0931371100350,198661
0931312000034,198666
0931312000197,198670
5213040006372,198671
0931313000321,198678
0931312000088,198680
0931339902695,198695
0931367003020,198699
0931370104892,198704
0931370100055,198712
0931364003090,198727
0931369001478,198730
0931371100613,198731
0931368005625,198744
0931339804963,198746
0931312000088,198747
0931369008888,198759
9313039308744,198760
0931369008871,198761
0931313000325,198763
0931315000063,198768
0931367003548,198769
0931339804963,198774
0931313000045,198787
0931312000237,198800
0931369002251,198816
0931339405634,198821
0931312000256,198828
0931350000798,198836
0931368005681,198843
0931350005359,198849
0931313000331,198850
0931365004593,198852
0434669008895,198863
0931370108977,198864
0931369008982,198866
0931369006257,198873
0931312000097,198887
0931368001121,198888
0931340000365,198897
0931369008897,198899
0931369004184,198900
1343166002080,198904
0931350005359,198914
0931367005608,198916
0931369008871,198917
0931353001851,198919
0931371100613,198920
2633768006608,198921
0931320000266,198923
0931314000168,198928
9313111003467,198930
0931320000267,198936
0931339701254,198945
0931340001111,198956
0931368005681,198958
0434669008985,198961
0931350005946,198971
0931367001431,198974
0931365004593,198975
0931365002113,198984
0931339401355,198994
0931367004436,198995
0931366006130,198997
0931369008884,198999
9313111003467,199000
0931312000141,199003
0931313000334,199006
0931313000335,199017
0931340000365,199019
0434669008895,199022
0931350005946,199030
1343166002080,199034
5301940006029,199036
0931371101967,199040
0931368005695,199043
0930366005118,199045
0931370100129,199053
0931368005695,199056
0931366006130,199058
0931339401355,199059
0931313000041,199061
0930570105261,199073
0931371100350,199078
0931365005982,199079
0931371100613,199086
0931340004741,199090
0931315000242,199094
0931370109047,199097
0931367004436,199104
0931367001431,199106
9313050006357,199114
4223241005868,199122
9313068005528,199125
0931312000237,199129
0931312000256,199130
0931369008982,199131
0931314000056,199138
0931368005695,199140
0930366005118,199144
0931369003180,199146
0931367005913,199154
0931350002707,199159
0931368006270,199174
0931369008978,199177
9313013000004,199180
0931368005695,199190
0931367000761,199193
0931313000041,199224
0931314000011,199226
0931369003180,199231
0931339802700,199234
0931365002113,199235
0931311003431,199236
0931311003484,199242
0931350004124,199247
0931315000242,199248
0931311003533,199249
0931311003453,199257
0931311003520,199276
0931314000011,199284
0931369004184,199293
0931369008980,199295
0931367000761,199300
0931314000016,199320
0931367000193,199333
0931339008253,199336
0931311003484,199342
0931311003533,199344
0931311003431,199345
0931314000015,199347
0931314000056,199354
0931339902695,199355
0931369006257,199357
0931340001111,199358
0931314000017,199360
0931367005913,199363
0931368005695,199374
0931339802700,199381
0931311003453,199383
0931311003520,199384
0931339405634,199388
0931368004070,199390
4223241005868,199391
0931313000265,199393
9313067005272,199394
0931365005982,199407
2718970103342,199412
0931370109047,199420
0931353005291,199424
0931367000193,199434
93131030000098,199435
0931366002880,199447
0931366002881,199448
0931369008980,199451
09313068000480,199454
0931314000018,199463
0931369006566,199472
0931313000113,199479
9313067005272,199481
0931354000096,199483
0931367005737,199503
0931369003168,199506
0931367001847,199512
0085768003777,199519
0931312000243,199523
93131030000098,199528
0931366002067,199538
2281739903000,199541
0931366002880,199550
5213540004389,199551
0931353005291,199552
0931367004101,199557
0931312000127,199559
0931366002881,199583
0931350004811,199591
0931350006906,199598
0931313000113,199604
0931370107843,199613
0931314000111,199619
0931313000182,199621
0085768003777,199622
0931369002816,199626
0931341002787,199628
0931368003533,199629
0931350004915,199630
0931320000361,199631
0931369002931,199632
0931314000022,199649
0931368004070,199656
0931314000027,199657
0931313000314,199661
0931314000037,199662
0931312000197,199665
0931312000360,199668
0931339405634,199669
09313068000480,199671
1234568007940,199674
0931369010877,199679
0931315000043,199682
2731970106714,199688
0931369001939,199690
0931312000111,199698
0931365002541,199705
09313701004295,199708
2647969008511,199709
0931339605627,199710
0930568001828,199730
0931364004363,199731
0931370107843,199737
0931369003001,199742
0931314000030,199744
0931313000314,199746
0931341002787,199749
0931314000024,199753
0931312000187,199756
0931364003090,199762
0931341002364,199763
0931366006900,199764
0931367001847,199771
0931339605627,199772
09313701004295,199774
0931370107672,199776
09313068000480,199780
0931339902018,199781
0931368003280,199785
1234568007940,199791
0931369003168,199793
0931365001915,199794
0931339605394,199802
0931341000946,199803
0931369001939,199804
0931368004070,199820
0931369008986,199821
0931368003280,199822
0931369008986,199823
0931313000204,199829
0931313000168,199832
0931312000226,199835
0931353005291,199842
0931339708125,199850
0931370109577,199852
0931368006948,199854
0931366006900,199857
0931369007348,199871
0931368003280,199873
0931312000023,199883
0931370109577,199887
0931339708125,199888
0931312000194,199893
2745371102555,199895
09313120000021,199896
931366000615,199904
0432339501861,199905
0931368006948,199910
0931339802042,199914
0931370100698,199915
0931315000011,199917
0931339802039,199919
0931370107672,199925
0931339605394,199933
0931313000204,199934
2745371102555,199937
0931312000023,199939
0931369003168,199943
0931369001939,199946
0931312000187,199963
0931311000149,199968
0931313000168,199974
0930568001733,199982
0930514000011,199983
0931364004363,199989
0931366005929,199990
0930514000011,199993
1234568007940,199994
0931339902018,200001
0931368002225,200007
0931312000194,200013
09313120000021,200028
0931314000043,200030
0931312000226,200039
0931369008979,200061
0931370101803,200097
0931312000350,200098
0931371103216,200104
0931339500509,200110
0931313000185,200116
0931313000185,200117
0931364000619,200122
0931370100698,200124
0931367002959,200128
0931312000023,200130
0931368002234,200138
0931311003512,200141
0931314000046,200142
0931369003168,200181
0931353001355,200204
0931312000253,200213
0931369002042,200216
0931365005028,200220
0931313000207,200225
0931314000058,200228
0931341000816,200240
0931313000019,200261
0931314000050,200274
0930568001733,200278
0931341002787,200288
0931311003471,200296
0931370109454,200312
0931368003564,200343
0931369011277,200345
0931311003535,200352
0931371100349,200358
0931339208992,200360
0931313000114,200381
0931368005625,200382
0931312000146,200388
0931366002074,200391
0931369008977,200397
0931369005382,200407
0931371100349,200409
0931341000699,200410
0931369002042,200413
0931369002042,200414
0931314000168,200432
0931314000053,200445
0931313000131,200453
0931313000197,200483
0931366005043,200485
0931312000153,200498
9313014000164,200504
0931339101633,200505
0931339101633,200506
09313120000247,200529
0931364001142,200554
0931312000210,200558
0931311003532,200563
09313150000109,200565
0931313000273,200567
0931370109833,200569
1234511111111,200570
0931369008884,200572
0931313000314,200573
0931368005625,200576
0931314000168,200577
0931366005516,200578
0931350006342,200579
0931370105047,200595
0931350005359,200609
0931313000114,200626
0931367006784,200627
0931313000110,200629
0931368003280,200630
0931311003532,200639
0931371102953,200651
0931367004467,200658
0931371101720,200663
0931370101803,200668
0931369008978,200679
0931370110220,200686
09313xxxx13000096,200696
0931312000153,200700
0931370104337,200706
0931353002457,200707
0931350005359,200719
0931314000067,200734
0931368006270,200738
0931369003519,200769
03053054001793,200773
0931339708125,200804
0931371102272,200806
0931370104485,200812
0931315000059,200823
0931367005913,200836
0931340005965,200839
09313120000247,200841
0931370110220,200844
0931369004079,200847
0931339708125,200875
0931370108601,200876
0931369003519,200889
0931320000267,200891
0931367005913,200897
0931350004661,200913
09313xxxx13000096,200932
0931313000104,200937
0931367006631,200939
0931369005002,200945
0931370104485,200957
0930612000059,200958
0432368007872,200961
0931370103072,200962
0931313000237,200964
0931370110220,200965
,200974
0931353001334,200976
0931313000136,200986
0931313000110,200989
0930568001828,200993
0931315000030,200995
0931312000013,201005
9313153001283,201017
0931315000059,201021
0931367006631,201031
09313xxxx13000252,201044
0931370108977,201048
0931369000149,201060
0931350004399,201071
0931370108601,201072
0931320000266,201077
2633768006608,201079
0931313000104,201080
0931313000262,201081
0931366004710,201094
0931369008266,201101
0931339108682,201103
0931370109577,201125
0931370107843,201126
0931353003241,201133
0931364001142,201136
09313xxxx13000096,201141
0931367003410,201142
0931369008980,201144
0931371100466,201148
9313153001283,201149
0931313000325,201166
0931339901589,201177
0931313000125,201181
5212650006238,201185
0931370109258,201206
0931315000030,201219
0931366005472,201220
0931311003484,201221
0931339901589,201222
0931366004710,201223
5301666006885,201260
0931366005472,201270
0930566007062,201273
0931370107843,201277
0931366001496,201280
0931370109577,201282
0931314000011,201292
0931312000018,201296
0931313000187,201307
0931313000007,201312
09313140000087,201348
9313153001283,201377
0931369008980,201378
0931313000255,201387
0931312000227,201399
9313153001283,201416
0931369010877,201418
0931313000153,201423
0931311003534,201424
0931366002886,201431
0931311003520,201432
0931370104282,201433
9313013000016,201436
0931370109808,201449
0913115000074,201454
0931367006631,201461
0931369002251,201464
0931312000023,201470
0931312000043,201474
0931311003437,201477
0931370105389,201484
0931368006641,201486
09313660006980,201487
0931369008986,201492
0931312000314,201498
0931368002234,201500
8006771102136,201507
0931367005737,201515
0931370102538,201527
0931313000281,201531
0931312000314,201532
0931368005433,201551
0931366005043,201555
0931366005043,201568
2041366001491,201570
0931366001492,201571
0930568001733,201576
0931311003520,201587
0931313000116,201588
0931368006641,201590
0931353002493,201593
0931313000153,201594
0931370107843,201598
0913115000074,201603
0931311003437,201607
9313013000016,201612
0931368002600,201614
0931364004363,201617
0931314000111,201626
0931369002816,201628
0931368006270,201630
0931350004915,201633
0931368005976,201638
0930366005118,201639
9313068005528,201641
0931368005695,201649
0931370105389,201654
0931339802042,201660
0931315000011,201666
0931339802039,201667
0931368005433,201670
0931313000107,201671
0931369008986,201681
0931314000098,201701
0931371102478,201702
0931314000101,201706
9313068005528,201709
0931368005976,201712
0931350006358,201714
0931311003440,201719
0931312000136,201725
0931368005695,201729
0930366005118,201731
0930570116002,201735
0931368002600,201742
0931368006641,201754
0913115000074,201756
0931366005837,201764
0931370102538,201772
9313013000016,201773
2041366001491,201775
0931366001492,201776
0931366001496,201777
0931339506963,201786
0931370109808,201790
0931311000006,201792
0931313000182,201799
0931365006003,201813
0931365002113,201814
0931339405634,201816
09313110003523,201817
0931367004101,201823
0931339701419,201825
0931371103216,201829
0931312000243,201831
0931312000108,201836
0931367005302,201844
09313660006980,201850
0931365002113,201860
0931354001988,201863
9313111003452,201878
0931371102478,201886
0931366005837,201889
0931368002600,201890
0931314000072,201894
0931313000280,201895
0931315000242,201896
0931365006003,201908
0931313000084,201916
09313120000027,201926
8006771102136,201942
09313140000087,201948
0931312000197,201959
0931371101967,201969
9313111003452,201987
0931350002707,201993
0931313000130,201994
0931339506963,202000
0931339701419,202015
0931369007348,202023
0931312000197,202040
0931312000097,202053
0931367006784,202060
0931370109454,202069
0931314000108,202101
0931350002707,202104
0931311003512,202122
0931312000329,202124
2719571101856,202128
0931370100055,202129
0931368002036,202147
0931312000066,202157
0931313000280,202164
0931370107681,202167
0931369006566,202203
0931311003512,202207
931366000615,202208
0931370100055,202229
09313068000480,202231
0931314000109,202237
0931314000114,202251
0931370100055,202256
0931339405634,202260
0931367003548,202268
0931368003280,202275
0931314000122,202289
0930612000059,202290
2719571101856,202293
0931312000066,202295
0931369010111,202302
0931312000136,202306
0931370103726,202312
9313103000002,202316
0931369006566,202327
0931339802042,202328
0931339802039,202329
0931315000011,202330
0931368005625,202334
0931339605394,202335
09313701004295,202337
0931350005946,202358
0931371101565,202370
2719571101856,202374
0931312000060,202381
0931350005946,202384
2719571101856,202392
0931369008871,202404
0931369007517,202408
9313039308744,202410
0931369008888,202414
0931313000168,202416
0931313000328,202417
0930514000120,202421
0931313000335,202423
0931370109809,202430
0931366003103,202432
0931312000232,202441
0931368003212,202442
0931314000168,202445
0931339500509,202448
0931368003280,202450
09313068000480,202462
0432339501861,202465
0931339500509,202468
0931339409189,202469
0931369001875,202471
0931313000046,202478
0931314000128,202490
09313120000247,202512
0931339500509,202519
0931312000068,202520
0931313000045,202526
0931340000134,202533
5623854000503,202569
0931313000222,202572
0931313000086,202580
0931313000052,202583
0931314000168,202592
0931313000335,202595
9313040003916,202601
0931371100349,202603
0931312000153,202605
0931315000242,202606
09313701004295,202608
0931368003280,202611
0931312000197,202612
0931368001121,202613
0931364000619,202616
0931314000030,202621
0931370108525,202632
0931368003551,202634
0931368003212,202648
0931369007517,202649
0432339501861,202656
0931339500509,202659
0931340000134,202660
9313050007359,202666
0931312000329,202674
0931313000086,202676
0931353005427,202682
0931368003281,202683
09313120000247,202686
0931313000204,202689
0931368001121,202693
0931369007517,202694
5623854000503,202697
0931370107672,202700
0931339804963,202716
0931314000168,202717
0931313000273,202720
0931354000096,202724
0931313000052,202735
0931341002418,202736
0931369008979,202738
0931339504678,202755
0931339605394,202761
0931312000153,202770
0931313000045,202771
0931370103726,202772
0931369006228,202782
0931311000149,202787
0931353008013,202792
0931313000314,202799
0931364000619,202800
0931365000818,202801
0931312000118,202812
0931313000113,202819
9313111003467,202846
0931370107672,202852
0931311003520,202860
0931368002225,202868
0931312000329,202869
0931353005427,202872
0931313000204,202878
0931367004436,202882
093137110054902,202887
0931371102760,202888
0931341000699,202890
0931354000096,202901
0931315000179,202909
0931369008146,202913
0931340001111,202928
0931369003168,202930
1137868002232,202943
0931369006257,202960
9313111003467,202969
0931369006228,202971
0931313000185,202973
0931315000030,202976
0931366002074,202978
0931340001111,202982
0931313000019,203003
0931369001478,203013
0931368001720,203014
0931368003280,203015
0931313000113,203017
0931339804963,203019
0931365000818,203032
0931366001463,203035
0931369006257,203043
0931370107672,203049
0931311003520,203051
0931368002225,203052
0931312000329,203057
0931313000207,203058
0931341000699,203059
0931312000329,203062
0931311000149,203064
0931313000146,203068
0931339935801,203077
0931340002783,203078
0931312000068,203082
0931367004436,203083
0931366004030,203086
9313050007359,203089
0931313000185,203094
0931339403377,203099
09313120000247,203115
93130500005258,203126
0931314000159,203130
0931354000096,203141
0931350005359,203152
0931313000113,203162
0931369010881,203172
0931370105678,203173
0931339703564,203179
0931369006257,203187
0931368004070,203204
0931313000045,203206
0931339935801,203209
0931369008982,203215
0931370103726,203218
0931312000114,203221
0931339403377,203229
0931369001478,203233
0931314000171,203234
0931314000170,203235
0931314000055,203236
0931314000037,203240
0931339700592,203244
9313014000164,203246
0931366005929,203250
9313011003532,203253
9313153001283,203261
0931313000114,203263
09313701004295,203274
0931311003453,203277
0931368002225,203278
0931368005681,203279
0931313000207,203295
0931366005169,203300
9305068001929,203318
0931369008146,203320
0931314000037,203321
0931313000114,203327
9313039604340,203330
0931320000361,203331
,203332
0931350005359,203338
0931366005929,203369
0931339409189,203371
0931314000022,203372
0931313000226,203376
0931311003513,203377
0931367005913,203381
0931313000146,203393
0931313000146,203394
0931366001463,203396
0931353001355,203407
0931368004070,203408
0931367005913,203414
0931314000176,203419
9313011003532,203420
93130140000173,203421
0931367005913,203428
0931368004070,203435
0931314000067,203440
0931350009486,203451
0931339409189,203458
0931311003513,203461
0931368006828,203466
0931368004070,203471
0931313000107,203472
0930568001733,203475
0931313000187,203476
0931312000018,203478
0931368001720,203481
09305500005116,203486
09313120000247,203490
0931370109258,203494
0931367002064,203523
0931339938026,203527
0931366004030,203532
9313014000164,203534
0931365005028,203551
0931339938026,203553
0931314000190,203554
0931314000255,203561
0931314000182,203572
9313068005528,203575
0931314000184,203576
0931368006270,203577
0931368005695,203580
0931368005695,203581
0931369005002,203585
0931368005695,203590
0931313000197,203595
0930366005118,203603
0931313000226,203604
0931314000189,203613
0931312000013,203614
0931370108805,203615
0931367001742,203625
0931341000760,203630
0931339409189,203633
0931311003532,203654
0931365005028,203669
0931312000232,203671
0931339902018,203674
0931912000334,203677
0931370109258,203678
0931369008980,203683
0931311003507,203686
9313153001283,203690
0931370109577,203719
0931368001720,203720
0931370108805,203722
0931314000016,203727
0931312000018,203739
0931370104485,203740
0931370109833,203741
0931312000141,203742
0931314000067,203744
0931311003532,203746
0931312000194,203748
0931369008884,203757
0931367001847,203758
0931339405634,203759
0931315000242,203760
0931314000194,203766
0931312000034,203769
9313012000214,203770
0931371102272,203781
09305500005116,203785
0931368003533,203789
0931368003533,203801
9313050006357,203806
0931369008980,203807
0931311003507,203814
9313068005528,203816
0931912000334,203828
9313020000229,203830
0931339708125,203835
0931370109577,203837
0931312000023,203842
0931371102272,203843
0931339902018,203845
0931312000141,203846
0931313000255,203851
0931368003533,203853
0931314000209,203856
0931350006339,203870
0931367001847,203873
0931312000197,203879
0931353004851,203882
0931340000601,203883
9313013000004,203888
0931339704336,203889
0931367006631,203900
0931341000760,203901
0931370104485,203908
0931369008871,203913
0931339503383,203920
0931313000328,203921
0931312000060,203923
0931367002064,203947
0931339902018,203951
0931313000229,203952
0931311003533,203964
0931313000107,203965
0931369008980,203977
0931339408745,203978
0931370101044,203993
0931312000023,204001
0931314000210,204004
0931370109808,204006
0931314000018,204010
0931350005195,204040
0931367003213,204041
9313111003452,204044
0931367006631,204053
0931314000159,204056
0931314000235,204060
0931371102760,204072
0931312000060,204079
0931339408745,204082
0931367000761,204084
0931312000194,204101
0931339309297,204104
091314000205,204108
2647969008511,204109
0931367001742,204116
0931367000754,204119
0931314000024,204139
0931353002493,204155
0931370101044,204164
0931314000255,204168
0931311003431,204181
0931315000086,204184
0931314000098,204186
0931313000301,204193
0931314000209,204197
0931341002364,204221
09313130000044,204223
0931367003020,204225
0931369005550,204229
0931339703561,204232
0931370109808,204261
0931350006358,204263
0931369008871,204267
0931371101720,204274
0931370105389,204287
0931339507016,204300
09313140000216,204306
0931314000024,204308
0931314000159,204312
0931313000229,204313
9313040003916,204316
0931368002234,204330
0931311003534,204333
0931312000043,204349
0931314000242,204354
0931350006358,204368
0931313000301,204375
0931370108601,204377
0931339101633,204393
0931367000761,204397
0931367000754,204398
0931367003020,204399
0931339703561,204404
0931353002493,204410
0931314000055,204411
0931350008853,204414
0931314000098,204415
0931368000157,204416
0931313000110,204427
0931314000046,204432
0931315000086,204439
0931339703561,204440
0931314000002,204462
09313140000001,204468
09313130000044,204475
0931314000218,204476
0931313000156,204482
0931320000267,204485
0931320000266,204486
2633768006608,204488
0931350006358,204497
0931367002959,204501
0931367001594,204505
0434669008895,204529
0931311003534,204533
0931370108601,204550
0931350000798,204553
0931314000213,204555
0931371101720,204556
0931367000193,204557
0931314000225,204558
09313140000216,204563
0931370105389,204565
0930366004780,204568
0931350005946,204570
0931313000206,204573
9313065004728,204577
0931341002364,204578
0931369008983,204585
0931314000227,204589
0931366004710,204591
0931369010877,204592
0931314000224,204596
0931313000301,204612
0931367000761,204623
930514000104,204630
0931368005625,204631
0931313000137,204639
0931371101720,204654
0931314000046,204658
0931314000129,204659
0930053002103,204661
0931366006900,204662
5304239304075,204663
0931314000227,204671
0931350005195,204676
0931339008253,204680
0931367001594,204686
0931367000193,204691
0931313000273,204692
0931368005625,204699
0931365002541,204700
0931350000798,204706
09313140000001,204711
0931314000002,204712
0931370105389,204714
0931353003241,204716
2633768006608,204717
93131030000098,204721
0931371101720,204724
0931371101720,204734
0931311003440,204737
0931371101565,204747
93131030000098,204748
0931369008888,204750
0931313000335,204752
9313103000002,204755
0931314000233,204756
0931367001594,204759
0931314000129,204760
0930568001733,204765
0931369010877,204769
0930053002103,204784
0931366006900,204785
0931313000335,204786
0931353003241,204789
0931369000149,204791
0931314000227,204792
0931313000273,204800
0931369010877,204806
0931314000058,204807
5212650006238,204813
0931313000164,204823
0931330005868,204833
0931313000255,204836
0931369010877,204842
0931369006566,204844
0931369010877,204856
0931314000236,204881
0931368002600,204896
0931312000091,204897
0931314000255,204898
0931314000240,204901
0931369000149,204931
0931314000243,204932
0931353005291,204934
0931366002067,204935
0931369000154,204936
0931340002783,204938
0931366006900,204948
0931214000246,204951
0931370104282,204960
0931371102478,204963
0931313000255,204967
0931369008266,204979
0931314000227,204992
0931312000088,204993
0931330005868,204998
0931313000164,205000
0931350002707,205004
0931366007742,205014
0931340000601,205027
0930568001733,205030
0931366007742,205033
0931314000030,205035
0931366002067,205037
0931369000149,205047
0931366004710,205054
0931368003564,205056
0931367001433,205065
0931314000058,205074
0931367005302,205077
,205086
09313140000044,205097
0931369008266,205101
0931313000307,205124
0931339704300,205137
0931370104282,205143
0931353005291,205147
0931371102478,205149
0931365006316,205156
0931313000041,205161
0931312000043,205167
0931314000016,205170
0931312000143,205172
0930366004780,205177
0931214000246,205182
0931313000237,205184
0931339701282,205189
0931366004710,205193
0931350002707,205194
0931350002707,205197
0931341002418,205205
0931369008979,205217
0931313000153,205220
0931366007059,205223
0931365004626,205231
0931313000334,205234
0931369006228,205248
0931369007517,205249
09313068000480,205253
0931369008979,205254
0931369008884,205256
0931365006316,205261
0931313000041,205262
0931312000256,205265
0931370109808,205269
0931368004070,205270
0931350008853,205275
0931370107843,205276
0931369008884,205278
9313111003467,205281
0931311003484,205294
0931320000361,205297
0931364003552,205301
0931314000015,205309
0931313000207,205310
0931369011277,205312
0931314000259,205319
0931353005427,205332
0931312000143,205335
0931312000256,205344
0931315000242,205348
09313068000480,205353
0931312000143,205355
0931313000204,205356
0931311003533,205357
0931314000271,205360
0931369005382,205375
0432339501861,205379
0931369003168,205380
0931339500509,205384
0931353001355,205392
9305068001929,205393
0931368003212,205396
0931339605394,205403
0931370107843,205404
0931364003905,205407
0931314000265,205411
0931311003512,205412
0931320000361,205420
0931350004724,205423
0931364000619,205425
0931366007059,205428
0931339704300,205430
0931364003552,205436
0931353005427,205441
0931341002418,205447
0931365004626,205450
0931368004070,205456
0931312000157,205459
0931366001467,205469
0931369003519,205471
0931312000136,205476
0931367005302,205488
0931314000194,205495
0931364004363,205503
0931311003484,205504
,205506
0931370104892,205510
0931314000015,205511
0931341001617,205516
0931312000194,205519
0931313000185,205523
0931370110220,205525
931314000268,205529
0931350009486,205531
0931314000101,205534
0931315000030,205547
0931313000265,205548
,205551
0931368003212,205557
0931365990015,205558
0931350004724,205559
0931314000271,205560
0931367005913,205568
0931366002880,205576
0931366002881,205582
09313xxxx13000096,205590
0931364000619,205605
0931369011277,205608
0432339501861,205619
0931339605394,205622
0931364003905,205630
0931313000106,205635
0931311003512,205647
0931369003168,205654
,205659
0931366004710,205665
0931314000101,205677
0931313000316,205679
0931371100350,205680
0931350004724,205682
0931369002251,205686
9313039900799,205690
0931350009486,205698
931314000268,205699
,205702
0931350005916,205705
0931370110220,205721
0931369007348,205722
0931311003471,205725
0931371103276,205726
0931313000106,205731
0931369002042,205732
0931367005302,205737
0931369002042,205743
0931370109258,205766
0931366001467,205770
0931369001939,205793
0931369002816,205794
0931365990015,205795
0931366002069,205800
0931314000270,205802
0931364003905,205809
0931313000307,205817
0931353001355,205820
0931364003552,205828
0931365004626,205831
0931313000185,205839
0931313000185,205849
0931314000218,205855
0931365002541,205858
0931350004399,205860
0931370104892,205863
0931314000252,205896
0931369008986,205897
0931364003905,205899
0931350005164,205903
0931214000275,205912
0931366004710,205916
0931311003471,205931
0931350005916,205932
0931369002042,205933
0931313000316,205938
09313120000021,205940
0931339403377,205941
0931369002251,205948
0931364004363,205949
0931313000168,205952
0931369004079,205953
0931367005913,205984
0931315000030,205987
,205994
0931367005913,206011
0931314000278,206045
9313013000016,206049
0931314000265,206050
0931371103276,206063
0931369008986,206066
0931369007348,206073
0931214000275,206076
09313150000021,404099
0931314000279,404103
0931314000252,404110
0931314000281,404115
0931370100055,404122
0931314000282,404155
0930065004245,404156
09313120000021,404157
0931314000281,404162
0931214000275,404164
,404168
0931314000287,404169
0931314000288,404171
0931314000284,404177
0931314000287,404190
09313701004295,404200
0931314000288,404201
0931312000349,404220
0931339703564,404226
09313140000294,404231
9313013000016,404243
09313659900008,404261
0931313000213,404310
0931370100055,404328
0931312000349,404337
09313140000294,404355
09313659900008,404368
0931314000053,404372
0931371103216,404373
0931313000049,404375
0931314000122,404378
0931370100055,404398
0931368004070,404403
0930515000001,404429
093137110054902,404435
0931314000280,404437
0931340000365,404443
0931370110137,404444
0931314000278,404457
0931314000053,404475
0931353004851,404478
0931339603304,404483
0931365005982,404485
0931320000361,404492
,404503
0931312000324,404505
0931314000296,404514
0931350005956,404515
0931314000122,404518
0931339506963,404520
0931370108525,404532
0931312000060,404534
0931313000146,404535
0931312000052,404549
0931365000818,404556
09313xxxx13000252,404561
0931366004030,404562
0931341000816,404575
09313150000001,404581
0931354000096,404585
0931354001988,404601
0931339701419,404607
09313701004295,404611
09313120000021,404613
09313120000021,404614
0931370100698,404620
,404623
0931312000187,404632
0931312000036,404636
0931368005625,404649
0931311003535,404658
0931366005043,404698
0931365000818,404708
0931370108525,404711
0931312000324,404716
0931370110137,404717
0931314000022,404734
0931313000262,404735
0931341000816,404739
0931320000361,404763
0931354001988,404766
0931313000157,404774
0931364003090,404775
0931341002364,404776
0931314000176,404780
0931314000280,404784
0931315000005,404786
0931315000007,404794
09313xxxx13000252,404812
0931350004914,404823
0931312000114,404831
0931365005982,404843
0931320000361,404852
0931339002572,404856
0931369008888,404865
0931313000335,404871
0931312000187,404875
0931314000209,404879
0931350006340,404881
0931366004030,404887
0931313000146,404889
0931314000037,404890
0931339701282,404893
0931369008871,404909
0931368001121,404910
0931312000100,404911
0931313000036,404922
0931313000130,404924
0931339506963,404929
0931311003431,404932
0931369006783,404935
0931370100698,404937
,404938
0931314000117,404943
0931314000072,404945
0931312000100,404950
0931314000022,404964
2093939902307,404977
0931311003437,404978
0931312000108,404979
0931312000114,404982
0931312000052,404983
0931350004914,405009
0931368001121,405023
0931312000127,405033
0931311000006,405073
0931368003280,405078
0931365005982,405097
0930570105261,405101
0931367002064,405108
9313013000016,405109
0931369006566,405110
0931314000278,405113
0931340000365,405114
0931339701419,405117
0931339701282,405128
0931315000025,405136
0931339901589,405138
0931339900136,405141
0931371102953,405155
0930568007814,405157
0931369009301,405158
0931312000249,405159
0931370105047,405161
6115267002667,405163
9313040006226,405164
0617267002198,405168
09313130000295,405178
0931311003431,405179
0931313000335,405182
0931312000050,405184
0931370107681,405186
0931313000182,405187
0931370100129,405188
0931312000366,405191
0931339503383,405194
0931313000304,405196
0931312000108,405198
9313039604340,405199
0931314000170,405203
0931314000171,405205
0931339002572,405214
0931371100349,405220
0930514000120,405221
0931339802475,405222
0931312000028,405225
0931311000006,405228
0931370100129,405232
0931366005929,405235
09305500005116,405236
5301940006029,405237
0931313000130,405244
0931371101967,405253
0931314000117,405283
0931312000018,405298
0931313000187,405300
3523870106104,405301
0931311003437,405315
0931311000006,405318
2093939902307,405325
0931365004593,405344
0931312000213,405351
0931313000280,405354
0931339208713,405361
0931339901589,405373
0931366005516,405374
1137868002232,405381
0931350000034,405382
0931368003280,405391
0931367002064,405393
0931339901589,405411
0931314000171,405427
0931314000170,405428
0931367001433,405464
0931339701282,405470
0931366005929,405475
0931339935801,405479
0931312000066,405486
0931312000043,405492
,405498
0931369008977,405501
0931313000301,405503
0931369006566,405512
0931367000193,405519
0931369002816,405520
9313111003452,405523
0931369006566,405524
0931370107382,405532
0931367006009,405549
0930514000120,405550
0931314000168,405553
09313xxxx13000096,405557
0931313000281,405562
0913167000808,405574
0931315000045,405577
0931370101044,405578
0931339408745,405579
0931371100349,405581
930514000104,405585
93130150000036,405588
0931315000039,405593
0931312000226,405600
,405604
09313xxxx13000096,405610
09313660006980,405613
1137868002232,405615
0931314000111,405618
0931350006342,405620
0931313000262,405627
0931313000309,405650
0931366005516,405658
0931368002234,405661
0931367006009,405663
0931314000098,405669
0931370107382,405671
0931312000043,405684
0931312000066,405685
0931312000114,405686
0931312000034,405701
0931214000275,405703
0931365004593,405705
0931370109258,405709
0931371102760,405722
0931339408696,405729
0931339708125,405731
0931314000168,405733
0931214000275,405741
0931312000034,405743
0931312000213,405744
0931314000108,405758
0931339708125,405764
0931313000130,405769
0931315000043,405772
0931369008978,405795
0931367001408,405822
0931369008871,405823
0931313000280,405828
0931366005837,405830
0931311003507,405837
0931315000044,405842
09313120000027,405847
0931313000281,405850
0931339305815,405853
0931366007742,405855
93130150000036,405860
0931314000240,405871
09313680038166,405876
0931315000044,405878
09313120000247,405889
,405895
0931314000235,405896
0931912000334,405898
9313013000016,405899
0931339001873,405904
0931369003519,405906
9313039604340,405909
0931314000252,405915
0931350004811,405921
0931341005215,405922
0931368006948,405923
0931368006948,405924
0931313000007,405926
0931339504678,405927
0931311003534,405928
0931366005516,405952
9313012000154,405955
08063660077360,405957
0931313000160,405970
2041967001688,405973
0931366002067,405979
09313400002390,405985
0931370108265,405987
0931314000129,405995
9313013000016,405996
0931367000193,405997
,406012
0931314000108,406013
0931312000018,406018
0931315000043,406020
0931370109454,406025
0931368003551,406027
0931365006003,406030
0931350006342,406042
0931340004499,406051
0931314000218,406056
0931369008982,406058
0931311003534,406060
0931340004741,406061
0931367001408,406062
0931370107843,406067
0931370108601,606092
0931366006960,606094
0931313000107,606095
0931340004741,606096
0931366002740,606117
09313120000247,606123
0931315000050,606131
0931312000226,606132
0434669008895,606142
0931367003443,606152
0931366002067,606160
0931367003023,606163
08063660077360,606165
0931314000240,606169
0931312000146,606184
0931314000218,606186
0931315000030,606193
0931311003534,606195
0931366002886,606201
0931366002740,606209
0931366005837,606220
0931314000168,606229
0931912000334,606235
0931370103072,606241
4223241005868,606245
09313110000003,606249
0931315000050,606253
0931364003552,606257
0931370109489,606262
0931340000509,606263
0931311003520,606264
0931314000067,606277
9313040003916,606281
0931313000084,606285
0931313000113,606295
0931313000207,606298
0931340004499,606299
0931369000149,606307
0931369000154,606308
0931371103216,606309
0931366002886,606311
0931369008897,606313
0931312000088,606315
0931314000129,606316
931314000268,606329
0931370109258,606336
1234553001992,606340
0931312000018,606342
2647969008511,606350
0931312000146,606356
0931315000059,606360
0931315000053,606363
0931313000019,606364
0931313000045,606373
0931370104485,606374
0931313000307,606378
0931369004184,606381
0931313000019,606383
0931339500509,606403
0931370108601,606408
0931365006003,606413
9313015000167,606420
0931369008980,606427
9313012000154,606429
0931311003534,606438
9313040003916,606444
0931314000259,606451
0931365002113,606452
0931313000185,606454
0931370109258,606477
0931341001473,606482
0931366005084,606483
0931311003520,606485
0085768003777,606486
0931367001847,606488
0931311003534,606496
4223241005868,606501
0931341001473,606507
0931369004184,606508
0931365005028,606509
0931369007517,606524
0931315000059,606525
0931311003453,606540
0931313000185,606541
0931340000509,606542
0931314000218,606543
09313140000001,606553
0931314000002,606561
5222368002641,606569
0931350005164,606574
0931353004851,606577
0931370104485,606578
0931339902018,606583
0931368003212,606588
0931313000229,606592
0931339305815,606593
0931367001847,606608
0931368002036,606610
09313110000003,606614
0931366001467,606616
0931312000088,606631
0931340004499,606632
0931314000182,606652
0931369008980,606659
0931339902018,606663
0931365005028,606673
0931313000185,606678
0931314000002,606683
0931315000063,606684
2093939902307,606689
0931353001355,606692
0931364003552,606693
0931315000066,606699
0931311003453,606708
,606710
0931315000067,606719
0931314000218,606720
0931369008980,606733
0931350004399,606738
0913115000074,606739
0931315000069,606743
0931367001431,606756
0931313000204,606758
0931313000265,606763
0931314000225,606767
0931339700276,606772
0931315000068,606773
0931315000067,606774
0931365004626,606780
0931367000761,606782
0931369007517,606785
0931368003212,606786
0931339802893,606791
0931315000068,606798
0931315000069,606804
0931312000210,606819
0931315000170,606826
0931353005427,606833
0913115000074,606841
0931353004851,606844
0931370109001,606854
0931366006130,606869
0931367001431,606874
0931313000229,606877
0931367001594,606878
0931314000282,606883
0931339700276,606891
0931312000060,606892
0931312000197,606893
0931367000761,606894
0931340000509,606901
0931314000176,606902
0931366004710,606903
9313153001283,606908
0931313000104,606916
0931366006900,606918
9313050000075,606922
0931313000193,606933
9313111003467,606935
0931314000218,606938
0931369002931,606950
0931311003534,606952
0931364004363,606963
0931366004710,606964
0931339604774,606966
0931367005737,606976
0931311003534,606986
0931314000225,606996
0931314000282,606997
9313068005528,607002
0931365006316,607004
0931366002881,607006
0931312000329,607007
0931339401355,607008
09313120000021,607009
0931367006631,607017
0931370109001,607020
0931365004626,607024
0931369008884,607046
0931369002931,607051
0931313000116,607054
0931365004626,607082
0931366002880,607085
0931313000250,607088
0931320000267,607089
0931367001431,607093
0931353001193,607099
0931369001939,607100
0931350002707,607102
"


License/Customer No.
								Â 0931314000218",607113
0931339008253,607125
0931370108977,607132
9313153001283,607135
0931365004940,607143
0931313000314,607147
0931368005433,607157
0931314000252,607159
0931365002541,607160
0931313000168,607167
1343166002080,607176
0931369008983,607179
0931369008984,607182
9313050000075,607183
9313012000214,607187
0931366002069,607193
9313111003467,607194
0930568001828,607197
0931370108977,607204
0931370100055,607205
0931312000141,607218
0931312000243,607219
0931315000076,607221
0931370105389,607222
0931367006784,607230
0931313000116,607235
0931312000097,607236
0931367006631,607245
1343166002080,607248
0931369008884,607253
0931339401355,607264
0931315000068,607265
0931339604774,607267
0931314000282,607273
0931366002881,607275
0931366002880,607277
0931366004710,607292
0931313000250,607294
0931366005169,607295
0931313000168,607311
0931370105615,607314
,607324
0931314000252,607326
9313012000214,607328
0931313000041,607330
0931369008983,607331
0931340002783,607333
0000054000006,607335
0931366002069,607342
0931313000153,607345
09313120000021,607348
0931369005550,607350
0931364004363,607355
0931366005169,607362
0931339802487,607385
0931314000224,607391
0931370108977,607393
9313020000229,607396
0931367000761,607397
9313050007359,607405
0931365006316,607407
0931313000136,607419
0931339700592,607420
9313014000164,607429
0931313000222,607431
0931367005261,607446
0931320000267,607448
09313140000001,607449
0931368003212,607462
0931340002783,607465
0931366002074,607478
0931353005291,607480
0931368003533,607481
0931370105615,607486
0931370100055,607491
0931370104892,607495
0931313000222,607497
0931339704336,607505
0931364003905,607506
0930566007062,607507
0931312000243,607508
0931313000041,607509
0931370109833,607510
0931367004436,607522
0931369005550,607523
0931339700592,607530
0931312000186,607546
0931368003551,607560
0931313000237,607561
2041967001688,607567
0931368005695,607569
0931315000086,607572
0931366002880,607573
0931315000084,607576
0931370105389,607587
0931320000361,607588
0931367003020,607591
0931367000761,607594
0931315000092,607600
0930366005118,607603
0931368002914,607605
0931370104892,607609
0931366007633,607618
0913167000808,607630
0931368003533,607632
0931339804963,607637
0931354000096,607667
,607668
0930568001828,607671
0931313000325,607672
0931313000264,607679
0931315000092,607693
0931368003212,607695
0931366004030,607711
9313013000004,607713
0931339101633,607715
0931369008266,607718
0931313000146,607722
0931313000125,607723
0931339802700,607730
0931313000255,607731
0931368003212,607741
0931370109833,607744
0931339605394,607746
0931367004436,607757
0931368005695,607761
5212650006238,607763
0930366005118,607777
0931315000095,607786
0931315000068,607790
0931313000265,607791
0931313000325,607799
0931366005084,607804
0931313000316,607806
,607823
0931366006900,607826
03053054001793,607827
,607834
0931367004436,607835
0931339105785,607836
0931368006333,607841
0931312000157,607843
9313070109073,607844
0931367003410,607853
0931313000146,607856
0931367005302,607858
0931339108682,607859
0931312000187,607863
9313050007359,607873
0931370109577,607885
0931368002914,607886
0931365000856,607910
9313153001283,607917
0085768003777,607934
0931365001915,607936
03053054001793,607938
0931366004030,607962
0931367004436,607967
0931315000112,607975
0931350005946,607980
0931339105785,607981
0931315000086,607984
09313150000109,607985
0931368003551,608014
0931339903000,608023
0931313000125,608027
0931315000113,608053
0931315000130,608055
4223241005868,608059
0931370109577,608069
0931313000316,608081
0931339802700,610086
0931313000265,610092
0931369002251,610096
0931370101044,610098
0931341004676,610099
,610101
0931339309297,610104
0931312000186,610123
0931312000256,610139
0931353005097,610141
4215969008268,610142
0931313000206,610147
0931367000754,610161
0931365000856,610162
0931370109808,610176
0931311003512,610177
0931311003437,610182
0931312000350,610186
,610190
0931314000270,610206
09313150000111,610208
0931314000265,610209
0931350005946,610212
0931339605394,610219
0931339701419,610220
0931370108977,610223
0931371102272,610226
9313011003532,610227
0931339703564,610229
0931366007633,610244
0931314000209,610247
4223241005868,610259
0931314000183,610260
0931312000208,610263
0931311000149,610264
0931369010881,610272
0931339903000,610278
0931350005956,610282
0931315000039,610285
0931350006261,610300
0931367001648,610303
0931315000112,610314
9313013000016,610316
0931353005097,610317
0931370101044,610320
4215969008268,610331
0931354001890,610332
0931312000068,610333
0931369008986,610338
0931339701419,610342
0931313000034,610348
0931350006340,610358
0931367001648,610372
9313153001283,610375
0931370109808,610376
0931366002067,610377
0931314000209,610378
09313xxxx13000096,610382
0931313000166,610385
2745371102555,610390
0931311000149,610414
0931350005956,610423
0931314000183,610430
0931353005291,610445
0931311003437,610446
0931339903000,610456
0931340000601,610465
0931314000270,610479
0931311003513,610489
0930570116002,610490
0931369002042,610493
0931369002042,610495
0931370104282,610507
0931339702292,610512
0931370101044,610515
0931341000699,610523
0931312000108,610528
0931371102272,610536
0931369011277,610538
0931339506963,610542
0931340000601,610547
0931369010881,610548
0931367000754,610555
0930366004780,610556
0931369003991,610566
9313013000016,610569
09313701004295,610571
0931312000350,610575
0931353003241,610576
0931350006261,610582
0931369008146,610586
09313659900008,610605
0931366002067,610624
0931339409189,610626
0931370104337,610639
0931368003281,610647
0931368005681,610654
0931370108525,610665
0931312000208,610671
0931313000034,610672
0930366004780,610684
0931367002959,610687
0931350009430,610692
0931350004811,610711
0913115000074,610726
0931369002042,610730
0931369002042,610733
0931368002234,610743
0931313000307,610744
0931366005929,610749
0931339900183,610755
0931365000738,610759
0931341000699,610761
0931313000281,610762
09313120000247,610770
0931354001988,610774
0931369011277,610777
0931314000015,610778
0931313000220,610789
0931369003991,610796
0931368004070,610805
0931365006003,610811
09313701004295,610812
0931315000120,610819
0931365000738,610823
0931354001988,610835
2745371102555,610858
0931313000160,610860
0931341005215,610864
0931314000159,610865
931314000268,610891
0931313000309,610894
0931350009430,610906
0505553002894,610909
0931339702292,610922
0931350004811,610933
0931313000281,610942
0931365004593,610949
09313xxxx13000096,610952
0931314000236,610953
0931311003512,610967
0931313000250,610969
0931369005550,610975
9313039501852,610976
0931315000095,610978
0931369003519,610982
0931314000109,610991
0931366005472,610993
0931370108977,610995
0931314000015,610997
2647969008511,610999
0931354001988,611011
0931350006906,611021
0931315000030,611028
0931365001349,611045
0931366001463,611063
0931314000053,611080
0931314000055,611086
0931370104337,611087
0931313000040,611091
0931366005929,611104
0931339900183,611105
0931350004124,611107
0931364003090,611108
9313015000143,611109
0931339403377,611111
0931365006003,611113
0931366002074,611116
0931368004070,611122
0505553002894,611125
0931365004593,611126
0931313000156,611134
0931314000109,611147
0931314000129,611162
0930366004780,611165
0931366003064,611169
0931314000072,611170
0931341002364,611172
0931368001720,611188
0931315000095,611195
0931371100155,611200
0931314000213,611217
0931315000030,611222
09313120000247,611232
0931311003471,611233
0931314000296,611240
,611246
0931365004593,611249
0931367006009,611250
0931339403377,611255
0931314000055,611256
0931350006906,611263
,611264
,611269
0931314000129,611273
0931313000024,611283
0931315000179,611290
0931350006410,611305
0931313000040,611308
0931314000122,611309
0931313000281,611319
0931368001720,611324
0931368003564,611325
0931315000133,611328
0931369008888,611342
0931311003440,611345
0931313000335,611349
0931368003564,611357
0931314000072,611361
0931314000053,611368
0931341002364,611369
0931364003090,611372
0000012000138,611374
0930514000011,611387
0931330005868,611392
9313068005528,611401
09313110000003,611402
0931311003471,611404
0931368006270,611405
0931314000296,611410
0931371100155,611411
0931314000236,611415
0931350004124,611421
0931313000156,611422
0931367006631,611427
0931341004676,611432
0931365005982,611433
0931369005382,611443
0931311003535,611451
0931314000213,611452
9313111003452,611459
0931369006566,611470
09313140000087,611473
,611486
0931340000365,611496
0931314000098,611507
0931314000117,611520
0931350000034,611537
,611539
9313015000143,611542
0931368005976,611546
0931313000281,611552
0931370105678,611553
0931314000122,611554
0931313000309,611555
0931340000365,611557
0931314000072,611558
0931366005472,611562
0931369003180,611567
09313130000044,611568
,611570
0931368000157,611577
0931314000227,611593
0931311003535,611599
0931341000760,611609
0931367006009,611612
0931313000024,611614
0931315000140,611619
0931313000086,611634
0931312000052,611635
0931312000034,611646
9313111003452,611653
0931314000281,611659
0434669008985,611663
,611664
93130140000173,611668
0931368006828,611680
0931365001349,611690
0931369003180,611695
0931315000142,611704
0931370106952,611713
0931313000137,611714
0931367000193,611720
093137110054902,611721
0931315000141,611734
0931370108601,611748
2041366001491,611756
0931366001492,611758
0931312000034,611768
0931314000098,611772
9313015000143,611777
2632968007982,611787
0931313000250,611793
0931339002572,611802
0931371103174,611804
0931313000019,611810
0931314000043,611818
0931370103072,611823
0931312000220,611832
0931339101633,611833
0931339701254,611834
0931368003520,611839
0931313000164,611865
0931315000147,611868
,611870
0931339902695,611872
0931313000307,611888
0931312000100,611890
0931368003520,611900
0931370100698,611901
0931367006784,611906
0931367000193,611910
1340470110121,611917
0931371103174,611920
0931341000946,611927
0931369003168,611930
0931339108682,611936
0931312000052,611959
0931368001121,611961
0931339504678,611964
0931313000207,611990
0931367000193,611995
0931313000131,612004
0000012000345,612013
0434669008985,612015
0931313000314,612027
0931366004710,612047
0931364003552,612053
0931312000349,612056
0434669008985,612058
0931364000648,612059
0931313000273,612062
0931368001121,612064
0931350006358,612074
0931311003484,612075
0931311000006,612078
0931370107382,612081
0930512000060,612083
0931369000149,810093
0931369000154,810094
0000012000345,810108
0931312000043,810120
0931369008977,810128
0931368000157,810131
0931314000030,810139
0931313000084,810150
0931368003520,810166
0931350006342,810170
0931370100698,810175
0931370103072,810178
0931368006828,810188
0931339605627,810193
0931370107672,810198
0931339108682,810199
0931313000049,810204
0931368002225,810210
0931366005043,810211
0930053002103,810215
0931313000207,810217
0931312000127,810226
0931370100698,810229
0931314000281,810232
0931366005837,810237
2632968007982,810239
0931312000324,810249
0931368005625,810250
0931315000157,810255
0931313000280,810259
0931315000158,810262
0931339900136,810263
0931366003064,810264
0931339503383,810265
0931370107382,810273
0931339504678,810274
09313xxxx13000252,810276
0931366006900,810277
0931370107672,810283
0931311003484,810286
0931315000044,810291
0931350006364,810298
0931312000097,810299
0931350004914,810305
0931313000164,810310
0931330005868,810315
0931312000220,810326
0931313000107,810336
0931313000054,810337
0931364003073,810345
0931370108805,810349
0931367005261,810361
0931371100613,810365
09313150000021,810372
0931313000106,810379
0931314000278,810381
0931364000648,810388
0931315000161,810389
0931313000331,810391
0931314000043,810400
0931368005625,810407
0931314000227,810410
0931353004851,810418
0931339704300,810422
0931339408745,810435
0931315000045,810437
0931339901589,810438
0931371101565,810463
0931367003548,810465
0930514000120,810467
0931315000076,810468
0931314000210,810470
0931339002572,810479
0931371101720,810482
0931369001478,810483
0931365004994,810490
0931311003533,810494
09313140000044,810500
0931314000243,810502
03053054001793,810503
0931311003431,810516
9305068001929,810530
0931314000209,810531
0931315000170,810533
9313039604340,810535
0931370109489,810549
0931369008983,810550
0931371100613,810564
03053054001793,810567
0931366005516,810569
0931312000213,810575
9313015000167,810576
0931315000005,810577
0931368002225,810583
0931312000088,810585
0931314000288,810592
0931313000262,810593
0931371100349,810597
0931312000146,810601
0931366007059,810603
0931369008897,810604
0931315000069,810616
0931314000002,810620
0930514000120,810623
0931315000242,810638
0931312000264,810643
0931312000264,810644
0931312000068,810645
0931320000267,810648
0931312000264,810650
0931370104485,810651
0931320000266,810652
0931313000265,810668
0931350002707,810673
9313050006357,810678
931366000615,810679
0931312000358,810683
0931314000108,810692
0931313000130,810694
0931314000170,810716
0931313000204,810718
0931340004741,810720
0931341002418,810727
0931367005737,810734
93130500005258,810737
0931339001873,810738
0617267002198,810744
0931314000210,810747
09313120000286,810751
930514000104,810756
0931368006641,810760
0931313000007,810775
0931371100794,810777
,810784
0931339506963,810792
0931314000046,810793
0931339603304,810807
0931314000284,810811
0931371100794,810817
0931369008983,810846
0931368003520,810848
0931367003548,810850
0931314000176,810854
09313711017737,810855
0931364003073,810856
0930065004245,810860
0931313000262,810868
0931371100794,810871
0931353001334,810877
0931315000005,810878
0931311003533,810879
0931366001467,810881
0931368001121,810882
0931320000267,810884
0931339803632,810885
0931366005516,810886
0931371100349,810888
0931315000069,810891
0931312000264,810894
0931320000266,810901
0931312000146,810903
0931314000233,810907
0931314000073,810910
0931340004741,810924
0931370101803,810928
0931314000288,810929
0931313000226,810934
0931312000043,810947
0931369008884,810950
0931341000699,810954
0931370107681,810965
0931315000025,810975
0931311003532,810976
0931313000049,810996
0931370105549,810999
8006771102136,811003
8006771102136,811017
0931312000349,811022
09313140000294,811045
0931370110220,811048
0931314000171,811055
0931368006641,811070
0931314000027,811072
0931339935801,811087
0931350008853,811096
0931353002457,811110
0931370104892,811111
0931367001433,811127
0931315000050,811136
0931314000252,811137
0931370109809,811143
0931370109809,811147
9313013000016,811160
0931340000134,811181
0931370101803,811190
0931320000361,811197
,811198
0931339504534,811199
0931312000329,811202
0931314000067,811203
0931314000183,811208
0931350005956,811212
0931365990015,811215
0931312000143,811217
0931315000067,811220
0931312000253,811224
0931371102760,811226
0931312000111,811232
0931340006772,811240
0931350003090,811242
0931365002113,811253
0931312000314,811255
0931315000182,811257
0931341001617,811261
0931339408696,811264
0931366002740,811266
9313015000167,811269
9305068001929,811270
0931369008146,811271
0931315000063,811279
0931339405634,811285
0931370109258,811297
0931365000818,811298
0931370107843,811303
0931339605394,811304
0931315000185,811308
0931370104892,811310
0931313000182,811315
0931313000328,811317
0931368006025,811321
0931364003905,811324
0931312000194,811325
0931312000226,811328
0931311003475,811331
0931353005427,811342
0931340002783,811345
930514000104,811349
0931311003437,811352
0931315000141,811354
6115267002667,811357
0931339403312,811358
0931312000366,811361
0931313000213,811363
0931313000113,811370
0931339001873,811377
0931368002914,811381
0931339605394,811385
0931312000068,811386
0931369005002,811388
0931314000114,811392
0931314000168,811394
0931312000253,811413
0931339901589,811414
0434669008895,811434
0931312000125,811439
0931369008982,811442
0931312000226,811443
0931314000252,811453
0931353005427,811464
0931369005002,811465
0931311003475,811469
0931312000226,811476
5301666006885,811481
0931339408745,811482
0931314000176,811483
0931312000068,811484
93131030000098,811489
0931315000045,811501
0931350009430,811506
0931320000361,811507
0931311000006,811512
0931339603304,811518
0931313000262,811521
0931350009430,811529
0931365002541,811531
0931313000052,811548
0931314000049,811549
0931366005084,811558
0931339802893,811583
0931370107843,811614
0931370107681,811631
0931314000194,811633
0931314000242,811634
0931315000227,811649
0931315000210,811656
0931370110137,811660
0931313000110,811674
0931313000084,811680
0931341000816,811693
0931313000208,811694
0930515000103,811695
0931314000030,811712
0931313000113,811714
0931353001334,811737
0931314000067,811741
0931313000204,811742
0931314000101,811743
9313070109073,811758
0931313000182,811767
0931315000005,811772
0931313000328,811773
0931315000068,811778
0931313000307,811783
93131030000098,811789
0931312000314,811792
0931368002914,811807
0931340006772,811810
0931314000240,811821
0931315000141,811829
0931367006631,811830
0931341002418,811836
0931315000200,811840
0931315000199,811841
0931364003905,811848
0931371102272,811853
0931339504534,811861
0931312000329,811871
0931366005169,811890
0931365990015,811893
0931371102272,811903
0931312000023,811904
0931312000194,811909
0931313000084,811915
0931312000013,811928
0931368006333,811934
0931367005913,811943
0931369008982,811959
0434669008895,811960
0931369008980,811981
0931315000199,811985
0931314000255,811987
0931341000816,811988
0931353001355,811995
0931313000107,811998
09313xxxx13000096,811999
09313140000044,812001
0931313000045,812010
0931339409189,812017
0931311003507,812020
0931314000278,812022
09313150000021,812023
0931368004070,812025
0931315000242,812034
0931350004914,812040
0931368003533,812049
0931367005737,812053
0931315000179,812056
0931314000122,812061
0931312000143,812072
9313070109073,812089
0931315000179,812096
0931316000206,812108
0931314000122,812109
0931314000016,812117
0931315000179,812119
0931314000046,812122
0931371100350,812129
09313xxxx13000096,812146
0931314000108,812149
0931312000023,812153
0931311003507,812157
0931353001355,812161
0931369008980,812165
0931340000601,812169
0931313000146,812172
0931315000227,812173
0931350005956,812181
0931370110137,812182
0931350004914,812192
0931366004030,812202
0931370108805,812211
0931368004070,812213
9313050006357,812224
0931350005195,812234
0931314000018,812239
0931350008853,812241
0931313000197,812248
0931369008980,812261
0931314000168,812269
0931366007059,812282
0931339700592,812286
0931339105785,812287
9313014000164,812291
0931314000184,812293
0931371100350,812297
0931314000018,812309
0931369003001,812311
0931350005195,812312
0931314000271,812316
0931314000049,812318
0931314000108,812322
0931339701419,812323
0931313000146,812327
0931366006960,812328
0931366007059,812334
0931350004724,812344
0931367005913,812345
0931350005195,812349
0931350006906,812357
0931371101565,812362
0931339701419,812368
0931371101565,812384
0931366006960,812389
0931339703564,812442
0931339008253,812452
0931369005002,812455
0931367003020,812472
0931367001431,812499
0931313000187,812506
0931369008986,812508
0931314000224,812510
09313660006980,812515
0931371101565,812518
0931367001431,812519
0931313000133,812524
0931350006906,812525
0931368002234,812532
0931370104337,812538
0931314000098,812540
0931313000325,812558
0931369005002,812590
0931313000197,812592
0931314000049,812594
0931315000223,812607
9313014000164,812613
0931339700592,812615
0931313000316,812626
0931339101633,812640
0931315000092,812653
0931366006960,812654
0931369008980,812667
0931339603304,812675
0931313000116,812680
0931339008253,812689
9313068005528,812692
0931368006270,812699
0931313000265,812703
0931365005028,812716
0931368002234,812719
0931315000235,812723
0931341000946,812731
0931369001939,812740
0931313000237,812746
931314000268,812747
0931315000112,812748
0931315000068,812760
0931314000259,812768
0931314000209,812772
0931314000190,812779
0931313000264,812783
0931369003168,812790
0931353003241,812794
0931368004070,812796
0931369003001,812809
0931369002931,812812
0931315000084,812815
0931314000271,812818
0931313000045,812827
0931312000360,812829
0931315000227,812836
0931369003001,812843
9313040003916,812851
0931369008871,812852
0931364004363,812853
0931316000010,812855
0931315000235,812856
0931313000133,812861
0931313000116,812883
0931367003213,812884
0931366002881,812890
0931315000182,812909
0931313000107,812910
0931369008266,812917
0931369006228,812924
0931366005043,812928
0931341000946,812934
0931313000206,812937
,812940
0931366002880,812949
,812954
9313050000075,812956
5212650006238,812957
9313068005528,812961
0931314000265,812963
0931367001557,812972
931314000268,812976
0931353002493,812990
09313140000216,813001
0931312000186,813006
0931366006130,813009
0931350009486,813014
0931339101633,813015
0931350004915,813017
0931369002931,813022
0931364004363,813023
0931367000761,813025
,813038
0931314000117,813052
0931369008986,813055
0931312000264,813073
0931370108601,813078
0931314000072,813080
0931314000259,813091
0931314000224,813093
0931315000084,813097
0931339309297,813098
0931320000267,813105
0931369003168,813108
0931367005737,813110
0931315000069,813121
0931320000266,813124
0931313000237,813127
0931367002064,813131
0931313000086,813135
9313050000075,813139
0931315000242,813143
0931311003512,813144
0931339008253,813148
9313039308744,813156
0931313000335,813159
0931315000195,813164
0931367002064,813170
0931367000761,813179
0931315000195,813180
0931315000195,813181
0931314000129,813182
0931314000288,813183
9313040003916,813186
0931369008980,813205
0931350006905,813214
0931367000761,813220
0931339700276,813221
,813230
0931367003548,813236
09313120000021,813243
0931315000185,813250
0931314000101,813257
0931312000210,813258
0931366006130,813259
0931341000699,813262
0931367003410,813263
0931311003512,813267
0931312000197,813269
0931315000185,813271
0931314000170,813276
0931368005839,813279
0931366005929,813296
0931315000242,813301
0931314000225,813304
0931353001851,813305
0931369003519,813306
0931314000072,813310
9313013000004,813313
0931339500509,813314
0931314000190,813319
,813320
0931313000264,813321
0931315000185,813323
0931370108601,813328
0931368005839,813333
0931366002881,813338
0931369002816,813339
0931371103174,813341
0931369008266,813342
0931315000030,813347
0931315000195,813350
0931350005351,813352
0931366002880,813358
0931350005916,813359
0931313000116,813360
0931312000141,813368
0931370109833,813372
0931315000039,813379
0931367003410,813380
0931350000034,813382
0931368006333,813388
0931367003548,813390
0931315000112,813394
0931339309297,813398
0931313000265,813404
0931367001557,813405
0931370108525,813414
0931312000227,813415
0931369004079,813420
0931366005929,813430
0931313000250,813434
0931339401355,813439
0931350009486,813445
0931315000246,813449
0931369010881,813455
0931313000125,813456
0931368001720,813458
0931315000092,813459
0931315000182,813462
0931368005625,813465
0931313000041,813470
0931313000107,813474
9313012000214,813477
,813478
0931368003212,813480
0931369001478,813485
0931312000186,813486
0931314000288,813488
0931341005215,813492
0931369003001,813493
,813495
0931312000197,813496
0931350005351,813507
0931312000243,813512
0931368005433,813516
9313039308744,813526
0931313000335,813528
0931369007517,813531
0931320000267,813533
0931320000266,813534
0931312000264,813535
0931354001988,813539
0931313000316,813542
0931339500509,813547
9313013000004,813550
0931315000185,813551
0931314000189,813554
0931368006333,813556
0931339401355,813562
2701970107654,813570
0931312000034,813571
0931313000250,813572
0931367004436,813576
0931313000086,813582
0931339803632,813586
0931353001193,813591
0931312000018,813597
,813599
0931369004079,813603
0931311003440,813604
0931341005215,813610
0931368001720,813612
0931314000129,813627
0931353001851,813629
,813631
0931370109489,813632
0931313000250,813634
0931315000030,813637
0931339700276,813640
0931369002816,813642
0931311003533,813644
0931350004915,813645
0931313000019,813651
,813669
0931371103276,813670
0931369010881,813688
0931350000034,813689
0931313000250,813691
,813712
0931315000185,813724
0931369004079,813749
0931365004593,813750
0931367002959,813757
0931369008983,813762
0931312000243,813763
0931365002541,813773
0931354001890,813781
0931315000170,813796
0931313000153,813798
0931313000325,813799
0931313000307,813805
0931369008884,813806
091314000205,813811
1137868002232,813817
0931365000738,813818
0931312000349,813830
0931370104485,813834
0931366005516,813837
0931369004079,813843
0931354001988,813846
0931339803632,813858
0931311000149,813862
4223241005868,813863
0617267002198,813875
0931366005169,813882
,813884
0931365004940,813896
09313120000027,813917
0931315000059,813928
09313670001742,813930
3500039809037,813933
0931371103174,813935
0931315000133,813943
09313659900008,813945
0931364000619,813946
0931368000481,813982
0931315000185,813983
,813994
0931312000034,814006
0931313000334,814009
0931314000213,814010
0931312000023,814021
0931315000112,814024
0931367000193,814029
0931369007348,814037
2745371102555,814039
0931369001875,814042
0931369006566,814044
0931369003991,814047
0931339802487,814053
0931367001433,814057
0931313000041,814062
0931367006631,814066
0931367005913,814073
0931367005913,814086
0931341000760,814088
0931339504534,814089
0931366007742,814094
0931354002086,814101
0931314000015,814117
0931312000060,814118
0931350006342,814125
0931369008871,814128
9313020000229,814133
0931367000761,814141
0931314000108,814142
0931371100349,814165
0931311003535,814167
0931311003533,814170
0931368003551,814171
0931366004710,814176
9313013000016,814181
0931368003212,814188
0931353004851,814193
0931314000053,814194
,814202
0931311003431,814210
0931311003484,814211
0931339405634,814228
0931369006566,814248
0931315000157,814249
0931313000316,814253
0931312000034,814259
0931368000157,814260
0931366007742,814267
09313140000294,814272
0931369002042,814299
0931369002042,814304
0931912000334,814313
0931368002234,814316
0931350006340,814317
0931365004593,814321
0931371103174,814329
09313659900008,814330
0931371102760,814333
0931369008146,814347
0931313000204,814352
0931339504534,814355
0931315000059,814358
0931368000481,814366
0931368000481,814369
0931366005516,814375
0931312000157,814376
0931350006342,814377
0931315000185,819799
0931367003443,819804
0931367005302,819806
0931369008978,819812
0931314000111,819834
0931370108601,819838
0931371100349,819868
0931368005625,819869
0931370104485,819871
0931313000168,819875
0931369007517,819876
0432339501861,819878
0931315000066,819893
0931312000066,819905
0931365006003,819914
0931311003431,819926
0931350002707,819929
0931339903000,819930
0931353004851,819940
0931370108525,819944
,819945
0931369000149,819952
0931312000194,819957
0931366006900,819958
0931339802042,819959
2701970107654,819961
0931315000011,819963
0931339802039,819965
0931315000242,819967
0931315000142,819968
0931367000754,819974
0931339708125,820001
0931339604774,820003
0931370104337,820006
0931312000329,820008
0931371102478,820012
0931315000140,820013
0931312000349,820021
0931312000256,820028
0931367001408,820029
0931369011277,820032
0931370103072,820042
0931311003532,820043
0931367000761,820054
0931365001349,820066
0931314000024,820067
09313160000023,820070
0931371100155,820072
0931314000037,820081
0931365000738,820092
0931316000021,820096
0931367005737,820102
09313160000023,820104
0931339305815,820110
0931313000265,820112
0931315000185,820117
0931341001473,820124
0000012000138,820141
0931368008166,820142
0930570101722,820143
,820156
0931367000193,820157
0931367001408,820158
0931339405634,820162
0931311003534,820172
0931369001478,820177
,820179
091314000205,820181
0931313000204,820184
0931370101044,820185
,820188
0931341000760,820194
,820197
0931314000281,820203
9313065004728,820220
0931313000208,820222
0931350005359,820229
0931341002364,820230
09313680038166,820241
,820246
0931311003440,820254
0931315000076,820256
0931339802042,820258
0931313000168,820262
0930570101722,820275
0931366001496,820300
0931369002042,820306
0931316000029,820307
2041366001491,820309
0931369002042,820311
9313111003467,820317
0931314000108,820320
0931312000114,820321
0931366001492,820327
0931314000024,820329
0931313000166,820337
0931366004710,820346
0931312000157,820353
0931312000023,820356
0931367005302,820372
0931368005433,820377
0931312000256,820380
0931315000120,820390
0931367003020,820397
0931313000314,820405
0931354002086,820407
0931368003551,820408
0931341002787,820409
0931311003475,820414
0931371102272,820415
0432339501861,820416
0931314000015,820424
0931314000171,820427
0931314000030,820430
0931313000106,820442
0000012000138,820443
0931315000142,820455
0931367005913,820467
0931367005913,820476
0931366005837,820477
1137868002232,820479
0931368008166,820482
0931365001349,820491
0931369003991,820493
0931339902018,820497
0931350005164,820506
0931368005695,820511
0931312000066,820512
0930366005118,820517
0931371102272,820524
0931314000046,820529
0931314000209,820545
09313150000021,820548
0931314000046,820555
0931367003020,820565
0931311003513,820576
0931367002064,820606
0931339802487,820611
9313020000229,820613
0931367001433,820617
0931371102760,820618
0931339408696,820619
0931312000028,820620
0931339935801,820637
9313153001283,820642
,820659
0931314000171,820660
0931313000106,820662
0931368003280,820665
5301940006029,820669
0931313000045,820670
0931369008983,820675
0931371101967,820680
0931365002113,820684
2093939902307,820685
0931313000045,820696
0931315000076,820700
0931339305815,820721
,820727
0931314000002,820733
09313140000001,820739
0931316000206,820741
0931369001478,820748
0931313000113,820764
0931365002113,820768
2041366001491,820769
0931314000169,820770
0931312000153,820773
0931341002787,820787
0931350005946,820795
0931341000760,820800
,820805
,820810
0931370107672,820822
0931370102538,820837
0931369010877,820841
0931312000178,820843
0931313000133,820854
0931313000335,820860
9313039308744,820862
0931339900183,820866
0931370107681,820873
0931315000185,820882
09313120000247,820884
0931368002234,820887
9313070109073,820889
0931311003520,820894
0931312000187,820905
0931369002042,820911
0931314000281,820918
0931313000301,820920
0931368005433,820921
1234568007940,820929
0931313000265,820939
0931366001463,820943
0931339902018,820962
0931370107681,820963
,820977
0931311003453,820978
0931341002364,820982
0931315000005,820983
0931370103072,820986
0931314000209,820987
0931350006261,821006
0931315000242,821007
931350005989,821015
0931341002364,821017
1234553001992,821022
0931370105615,821025
0931314000296,821027
0931350005359,821032
0931366004710,821037
0931314000098,821040
,821066
09313130000317,821077
0931368003551,821080
,821087
0931316000045,821093
93130140000173,821101
0931369008878,821103
0931370102538,821142
0931312000178,821147
0931350005916,821157
0931369008986,821168
0931339900183,821170
0931312000100,821178
9313153001283,821192
0931369008983,821194
0931315000161,821204
0931365000818,821211
0931312000153,821228
0931313000024,821235
0931311003520,821238
0931314000235,821239
0931339604774,821240
0931314000101,821241
0931312000028,821242
0931370110220,821245
0931314000128,821248
9313039308744,821266
0931370105615,821280
0931314000190,821284
0931339900183,821285
0931313000264,821295
0931315000005,821296
0931367005913,821298
0931370107672,821300
0931370106952,821312
93131030000098,821314
0931314000030,821317
0931316000075,821326
0931314000218,821341
0931312000329,821345
0931371101967,821384
5218739501851,821401
08063660077360,821405
0931313000264,821411
0931366001463,821412
9313013000016,821416
0931339802700,821419
0931368002234,821424
0931370109808,821427
9313070109073,821429
0931315000007,821432
,821434
0931339604774,821437
,821448
0931313000104,821457
0931314000296,821460
0931370110220,821461
09313150000109,821465
0931313000262,821466
0931341002364,821469
0931339604774,821471
0931353002493,821474
0931314000056,821476
0931368003280,821482
0931368005433,821483
2701970107654,821485
0931316000010,821490
0931314000117,821504
0931369005002,821505
0931365006316,821510
,821515
0931313000207,821519
0931365006316,821521
0931350004914,821524
0931315000227,821528
0931339605394,821535
0931315000053,821537
0931353005427,821541
0931350006358,821543
,821548
0931339603304,821549
0931320000361,821552
0931366002442,821557
0931369005002,821564
0931313000187,821569
0931350005956,821571
9313103000002,821579
0931369008986,821584
0931312000018,821585
0931313000316,821587
0931313000166,821589
0931314000288,821597
0931311003440,821601
0410315000025,821604
0931315000242,821609
0931350006261,821620
0931315000185,821621
0931314000030,821623
0931312000167,821634
0931368006025,821635
0931371101967,821637
93131030000098,821638
0931370108265,821639
9313067003715,821651
0931320000267,821658
0931315000069,821659
0931320000266,821661
0931353001355,821665
0931369011277,821674
5301940006029,821676
0931365005028,821682
,821683
0931367005261,821687
9313067005272,821689
0931370104282,821691
0931314000218,821703
931350005989,821704
0931369010877,821710
0931313000262,821713
0931315000227,821714
0931314000117,821715
0931315000185,821725
930514000104,821726
,821729
0931315000178,821731
0931339802700,821744
0931341002418,821745
0931312000208,821750
0931312000359,821753
0931364004363,821755
0931313000166,821760
0931339605394,821764
0931350004914,821765
0931339603304,821766
,821772
0931369002251,821788
0931313000185,821790
0931369008979,821791
0931369010881,821793
0931316000029,821794
0931369008980,821795
0931313000125,821797
0931315000092,821810
,821815
0913115000074,821816
0931369008982,821819
0931370108265,821837
0931364003552,821838
9313067003715,821853
09313660006980,821863
0931313000084,821864
0931369002251,821872
0931314000022,821874
0931315000120,821877
0931316000075,821878
0931370109808,821879
0931350002707,821881
08063660077360,821886
0931313000187,821891
0931312000018,821903
0931313000250,821924
09313xxxx13000096,821937
0931339701419,821945
0931340004499,821949
0931312000034,821952
,821957
0931340004741,821963
0931367002064,821964
0931311003513,821970
0931353002493,821971
0931315000092,821975
0931368004070,821976
0931370104337,821987
0931314000270,821991
9313111003467,821998
0931315000157,821999
0931314000281,822002
0931339408696,822003
0931354001890,822008
0931315000200,822012
0930514000011,822013
0931339008253,822015
0931314000167,822026
0931316000029,822031
0931371100349,822041
0931368003533,822042
0931364003905,822046
0931312000208,822047
0931312000359,822051
0930515000103,822053
0931314000252,822061
0931312000066,822063
0931341000816,822064
,822073
0931312000066,822074
0931369008980,822075
0931350005946,822080
0931339500509,822084
0931350004811,822086
0931370105389,822093
09313xxxx13000096,822097
0931368004070,822098
0931316000037,822108
0931369008980,822111
0931314000167,822112
0931368003212,822120
0931339101633,822122
,822140
0931354000096,822144
0931369007517,822145
0931315000007,822149
0931314000240,822162
0931315000076,822180
0931313000185,822183
0931314000288,822184
0931341000816,822186
,822197
0931315000200,822198
0930515000103,822204
0931312000097,822214
0931314000288,822217
0931313000166,822242
0931366001492,822244
0931370101803,822248
2041366001491,822254
0931366001496,822256
0931341002364,822261
0931312000197,822289
,822292
0931364003905,822298
0931354000096,822302
0931366002442,822310
0931912000334,822322
0931313000107,822326
09313660006980,822331
0931367005261,822342
,822361
0931320000267,822364
0000012000345,822366
0931912000334,822369
,822371
0931370104337,822376
0931350004811,822402
931314000268,822424
0931313000182,822429
0931315000235,822431
0931313000262,822435
0931366006900,822436
0931370100055,822439
0931312000264,822462
0931367006784,822466
0931312000097,822468
0931314000225,822471
0930514000011,822493
0931371101002,822514
0931366007742,822519
0931312000143,822530
0931314000053,822531
0931315000140,822535
0931312000153,822550
0931339500509,822555
0931370109454,822558
0931371100613,822560
0931316000037,822606
9313013000016,822613
0931312000197,822622
,822628
0931366007742,822641
09313140000294,822657
,822658
0931314000279,822659
0931315000140,822661
0931312000329,822664
0931340000134,822667
0931313000197,822688
09313120000021,822691
0931313000107,822695
,822696
0930514000011,822697
0931353003241,822701
0931316000098,822721
931314000268,822727
0931313000166,822728
0930514000120,822733
0931339704336,822736
0931314000281,822737
0930570101722,822752
0931340004741,822753
0930514000011,822757
0931366006130,822764
0931312000114,822783
931314000268,822786
0931316000075,822797
09313150000021,822806
931314000268,822810
09313150000021,822811
0931312000153,822812
0931366006130,822814
0931339101633,822815
0931366006900,822818
0931313000197,822823
0931313000084,822825
0931339802700,822828
0931367003020,822833
0931369003991,822856
9313015000032,822857
0931314000225,822860
0931366006130,822865
0931316000037,822869
09313120000021,822875
,822876
0931311000149,822877
0931316000098,822887
0931339408745,822892
0931314000176,822900
0931314000168,822923
0931314000209,822930
0931315000166,822933
0930570101722,822941
2647969008511,822962
,822968
0931369008888,822973
0931366004710,822975
,822983
0931339208713,823002
0931312000349,823013
0931314000037,823016
0931315000235,823024
0931367006631,823025
0931367002064,823032
,823052
0931369004184,823053
0931313000182,823056
0931339408745,823058
0931370104892,823066
,823075
0931314000168,823076
0931354002086,823083
0931371103216,823098
0931350009430,823101
,823103
0931314000209,823111
0931339703561,823114
0931341000699,823118
0931315000195,823132
0931315000005,823146
0931314000168,823148
0931315000045,823149
0931313000168,823152
0931320000266,823160
0931320000267,823162
0931315000069,823165
0931367003020,823167
5301666006885,823169
9313020000229,823175
0931340004741,823179
0931315000242,823180
,823196
0931341005215,823205
0931365005028,823206
931366000615,823211
0931367000761,823213
0931369001478,823223
0931365002541,823239
0931370109833,823243
0931316000098,823244
0931366002886,823248
0931314000072,823253
0931339604774,823263
0931354001988,823266
0931370105678,823267
0931368001720,823287
0931339901589,823288
0931316000075,823294
0931368003564,823301
,823302
0931371102272,823314
0931364004363,823315
0931314000282,823317
2093939902307,823318
0931313000281,823329
0931314000053,823332
0931312000329,823338
0931314000128,823341
0931313000273,823344
0931370108977,823345
0931313000156,823347
0931316000045,823352
0931315000045,823356
0931315000223,823357
0931214000246,823380
0931350006261,823384
0931313000328,823385
0931371103216,823387
0931315000141,823388
0931367003020,823409
0931367006631,823415
0931312000141,823418
0931367005769,823424
09313150000001,823426
0931350004661,823427
0931371100155,823431
0931312000213,823433
0931367003023,823434
0931364003090,823437
0931314000072,823449
0931313000204,823451
0931370101803,823455
,823475
0931353004851,823486
0931370105678,823487
0931367003548,823490
0931314000168,823493
0931371102478,823495
0931313000204,823497
0931313000187,823506
0931366004030,823522
0931341000760,823524
0000012000345,823525
0931314000173,823527
0930366004780,823545
0931341005215,823548
0931371100155,823549
09313140000294,823563
0931311003507,823571
0931370104892,823573
0931371102953,823589
0931368006333,823590
0931312000127,823591
0931315000242,823592
0931314000176,823595
6115267002667,823596
0931311003507,823601
0931339208713,823606
0931339708125,823608
,823609
0931313000156,823613
9313020000229,823623
0931369009301,823628
0931370109833,823636
0931365001915,823641
0931366002886,823664
0931341000699,823669
0931367002064,823670
09313150000109,823675
0931341000760,823686
0931366004030,823688
0931364003090,823689
4215969008268,823704
09313150000001,823708
0931311003475,823719
0931367003548,823729
0931314000168,823732
0931313000304,823733
,823739
0931339703561,823753
0931369007348,823754
0931313000328,823758
0931350006261,823759
0931368005433,823761
,823762
0931368003564,823764
2018166000615,823765
0931313000052,823767
0931313000164,823772
0931366002863,823779
931366000615,823780
0931313000304,823782
0931315000141,823785
0930566007062,823789
0931312000314,823793
0931313000250,823795
0931339802700,823797
0931365001915,823809
0931314000049,823816
0931339001873,823821
,823826
0931369009301,823827
0931350006358,823846
0931367003023,823847
0931314000173,823849
,823856
0931369007348,823875
0931366005472,823877
,823883
0931312000314,823885
0931365000738,823894
0931366004710,823895
09313120000247,823902
9313011003532,823906
0931354001988,823910
0931312000186,823913
0931370103726,823917
0931350006358,823936
0931313000309,823943
,823951
0931339503383,823955
09313xxxx13000252,823965
0931315000039,823966
0931315000223,823971
0931350000034,823972
0931366005472,823976
,823987
0931313000024,823990
0931313000160,823995
0931314000049,824002
0931313000281,824003
0931367005608,824008
0931367006784,824009
0931365005028,824013
0931313000052,824014
0931369006257,824020
9313015000143,824021
0931312000023,824029
,824033
0931370106952,824035
0931312000232,824048
,824060
0931341002787,824066
0931339506963,824076
0931339008253,824080
09313110000003,824084
0931366005472,824086
2093939902307,824099
9313070109073,824104
0931315000242,824115
0931313000130,824117
9313011003532,824118
0931370108977,824119
0931314000053,824123
09313xxxx13000252,824127
0931369008983,824129
0931339506963,824130
0931370107843,824138
93130150000036,824139
0931341002787,824152
0931367000193,824165
9313111003452,824170
0931312000060,824171
0931314000271,824181
0931339802487,824183
0931370103726,824189
,824190
0931367005769,824193
0931314000265,824196
0931313000164,824214
0931313000281,824219
0931339504534,824220
0931313000130,824222
0931371102953,824226
0931368006333,824227
09313110000003,824231
0931339008253,824234
0931368003212,824237
0931314000128,824244
9313040003916,824246
2041366001491,824252
0931366002067,824258
09313068000480,824267
0931367000193,824273
0931339802487,824279
0931314000224,824286
0931315000005,824288
0931370110220,824293
09313068000480,824307
,824308
0931314000271,824310
0931314000189,824320
0931365004593,824321
0931315000068,824331
0931369002251,824334
0931314000259,824342
0931314000015,824344
0931316000029,824346
93130150000036,824348
9313070109073,824349
0931369002042,824362
0931369002042,824365
0931311003431,824369
0931339700276,824371
0931315000147,824381
0931313000041,824387
0931339503383,824396
09313140000044,824398
0931365001349,824399
,824402
0913115000074,824407
0000012000182,824413
0000068002270,824415
0931311003453,824416
930514000104,824421
0931368006270,824422
9313012000154,824425
0931340004499,824426
0931341005215,824428
0931312000066,824432
0931367004101,824433
0931312000023,824436
,824449
0931369002042,824455
0931314000278,824456
0931350006340,824458
0931339900183,824463
0931369004184,824464
0931330000192,824483
0931369002251,824493
9313013000016,824506
0931315000178,824513
0931370108805,824524
0931365006003,824532
0913115000074,824538
0931315000092,824542
930514000104,824544
0931311003535,824556
0931314000015,824564
0931366007633,824572
0617267002198,824574
0931367004101,824575
0931369000154,824580
0931369000149,824582
0931312000018,824587
0931315000092,824590
0931368003212,824600
0931369008983,824604
0931313000045,824606
0931315000195,824610
0931313000041,824621
,824625
0931365004593,824628
0931366002863,824634
0931366002067,824640
0931314000159,824644
0931314000259,824650
0931370107843,824656
,824657
0931370108601,824660
0931368002234,824667
0931316000029,824672
0931371102953,824682
0931314000265,824683
0931315000112,824684
4223241005868,824686
,824703
0931369011277,824709
0931370109489,824711
0931370109577,824712
0931364003090,824718
0931330000192,824719
0931366005043,824725
0931340000509,824728
0931371103174,824732
0931369008266,824743
,824749
9313039308744,824757
0931312000243,824770
0931339405634,824775
0931339708125,824801
0931366005516,824822
0931312000360,824825
0931312000060,824841
9313015000143,824843
2747171102262,824847
0930065004245,824849
,824882
0931339900183,824887
0931370109577,824904
0931365001349,824911
0931312000125,824917
,824936
0931316000146,824955
0931314000287,824957
9313111003467,824972
0931313000307,824973
0931313000185,824975
0931311003484,824977
,824981
0931313000207,824984
0931313000320,824985
0931316000029,825003
0931314000167,825007
,825009
0931313000157,825024
0931315000113,825027
0931353001355,825031
,825046
0930515000001,825050
0931350006340,825057
0931314000218,825059
0931341005215,825061
0931315000210,825065
0931313000185,825076
,825078
0931339900183,825097
0931315000130,825100
0931314000129,825102
,825116
0931313000084,825134
0931314000235,825146
0931339105785,825178
0931314000067,825188
2041366001491,825216
0931366001492,825217
0931370109454,825219
,825232
0931367000754,825242
0931370105047,825249
09313160000023,825250
0931312000125,825255
0931312000329,825279
0931339605394,825289
0931312000194,825305
0931311003532,825329
