doh_id,insp_rpt,yelp_rating,yelp_reviews
602,201823,4,848
602,824433,4,848
611,183277,3.5,20
611,199193,3.5,20
611,606782,3.5,20
623,201486,3.5,41
623,201486,3.5,41
623,810760,3.5,41
623,810760,3.5,41
716,404156,3.5,372
716,824849,3.5,372
725,183118,3,7
725,202471,3,7
725,814042,3,7
757,199506,3.5,5
757,202930,3.5,5
757,205380,3.5,5
757,611930,3.5,5
807,201044,4,273
807,404561,4,273
807,810276,4,273
807,823965,4,273
833,203486,4.5,42
833,405236,4.5,42
840,153377,3,96
840,201220,3,96
840,610993,3,96
840,823877,3,96
855,201071,3,40
855,205860,3,40
855,606738,3,40
862,201094,2.5,11
862,204591,2.5,11
862,612047,2.5,11
862,814176,2.5,11
867,198090,2,14
867,203077,2,14
867,405479,2,14
867,811087,2,14
871,199598,3.5,17
871,611021,3.5,17
911,201786,3.5,124
911,404520,3.5,124
911,610542,3.5,124
911,824076,3.5,124
912,201916,2,10
912,606285,2,10
912,810150,2,10
912,821864,2,10
912,822825,2,10
946,812731,3.5,36
1033,823490,3.5,38
1044,199503,3,4
1044,201515,3,4
1044,810734,3,4
1049,199850,2.5,69
1049,200804,2.5,69
1049,203835,2.5,69
1049,405731,2.5,69
1049,823608,2.5,69
1054,199451,3,23
1054,199451,3,23
1054,201144,3,23
1054,201144,3,23
1054,203683,3,23
1054,203683,3,23
1054,606427,3,23
1054,606427,3,23
1054,821795,3,23
1054,821795,3,23
1153,199174,2.5,2
1153,199174,2.5,2
1153,203577,2.5,2
1153,203577,2.5,2
1153,611405,2.5,2
1153,611405,2.5,2
1153,812699,2.5,2
1153,812699,2.5,2
1153,824422,2.5,2
1153,824422,2.5,2
1207,205231,4,1029
1207,606780,4,1029
1220,200891,3.5,148
1220,204485,3.5,148
1220,607089,3.5,148
1220,810648,3.5,148
1220,813105,3.5,148
1220,821658,3.5,148
1220,823162,3.5,148
1240,205558,2.5,45
1240,811215,2.5,45
1248,198999,3,16
1248,198999,3,16
1248,203757,3,16
1248,203757,3,16
1248,607046,3,16
1248,607046,3,16
1248,810950,3,16
1248,810950,3,16
1248,813806,3,16
1248,813806,3,16
1251,200569,3.5,66
1251,200569,3.5,66
1251,200569,3.5,66
1251,203741,3.5,66
1251,203741,3.5,66
1251,203741,3.5,66
1251,607510,3.5,66
1251,607510,3.5,66
1251,607510,3.5,66
1251,823243,3.5,66
1251,823243,3.5,66
1251,823243,3.5,66
1260,821651,3,10
1261,821689,4,345
1305,205516,3,6
1305,811261,3,6
1311,119371,4,1395
1311,810678,4,1395
1322,405822,3.5,25
1322,405822,3.5,25
1322,820029,3.5,25
1322,820029,3.5,25
1328,198916,3.5,41
1328,198916,3.5,41
1328,198916,3.5,41
1328,198916,3.5,41
1328,198916,3.5,41
1328,824008,3.5,41
1328,824008,3.5,41
1328,824008,3.5,41
1328,824008,3.5,41
1328,824008,3.5,41
1332,204416,3.5,279
1332,611577,3.5,279
1332,814260,3.5,279
1338,153408,3.5,700
1338,202442,3.5,700
1338,205396,3.5,700
1338,606588,3.5,700
1338,813480,3.5,700
1338,822120,3.5,700
1339,153404,3.5,365
1339,202408,3.5,365
1339,205249,3.5,365
1339,606524,3.5,365
1339,813531,3.5,365
1339,822145,3.5,365
1362,198349,2,49
1362,203451,2,49
1362,205531,2,49
1362,813014,2,49
1377,199177,3.5,41
1377,199177,3.5,41
1377,199177,3.5,41
1377,199177,3.5,41
1377,199177,3.5,41
1377,405795,3.5,41
1377,405795,3.5,41
1377,405795,3.5,41
1377,405795,3.5,41
1377,405795,3.5,41
1377,819812,3.5,41
1377,819812,3.5,41
1377,819812,3.5,41
1377,819812,3.5,41
1377,819812,3.5,41
1404,810603,3.5,52
1408,184068,4.5,426
1408,184068,4.5,426
1408,203920,4.5,426
1408,203920,4.5,426
1408,810265,4.5,426
1408,810265,4.5,426
1408,823955,4.5,426
1408,823955,4.5,426
1427,611169,4,315
1431,203466,4.5,88
1431,611680,4.5,88
1435,202755,3.5,11
1435,405927,3.5,11
1435,611964,3.5,11
1463,202887,3,36
1463,611721,3,36
1467,198945,3,277
1467,611834,3,277
1477,199424,4,19
1477,204934,4,19
1477,607480,4,19
1484,204300,4,1460
1484,204300,4,1460
1490,202478,4,23
1490,202478,4,23
1490,202478,4,23
1493,205469,3.5,273
1493,205469,3.5,273
1493,205469,3.5,273
1493,810881,3.5,273
1493,810881,3.5,273
1493,810881,3.5,273
1496,199061,3,476
1496,205161,3,476
1496,607330,3,476
1496,813470,3,476
1496,824387,3,476
1500,811003,4,196
1516,198704,3.5,3144
1516,205510,3.5,3144
1516,607495,3.5,3144
1516,811111,3.5,3144
1516,823066,3.5,3144
1536,183911,4,62
1536,201735,4,62
1536,610490,4,62
1546,200104,4,30
1546,201829,4,30
1546,404373,4,30
1546,823098,4,30
1575,204585,3,16
1575,204585,3,16
1575,607179,3,16
1575,607179,3,16
1575,810550,3,16
1575,810550,3,16
1618,202666,3.5,556
1618,607405,3.5,556
1624,205407,2.5,456
1624,607506,2.5,456
1624,811324,2.5,456
1624,822046,2.5,456
1660,200122,3,37
1660,202616,3,37
1660,205425,3,37
1660,813946,3,37
1675,153434,3.5,342
1675,205423,3.5,342
1675,812344,3.5,342
1678,199333,3.5,30
1678,204557,3.5,30
1678,405519,3.5,30
1678,611720,3.5,30
1678,814029,3.5,30
1678,824165,3.5,30
1695,200706,3.5,66
1695,200706,3.5,66
1695,200706,3.5,66
1695,610639,3.5,66
1695,610639,3.5,66
1695,610639,3.5,66
1695,821987,3.5,66
1695,821987,3.5,66
1695,821987,3.5,66
1697,404444,3,553
1697,811660,3,553
1720,198325,2,13
1720,205680,2,13
1720,812129,2,13
1741,119356,4,87
1741,198505,4,87
1741,611290,4,87
1766,200397,3.5,41
1766,200397,3.5,41
1766,200397,3.5,41
1766,200397,3.5,41
1766,200397,3.5,41
1766,405501,3.5,41
1766,405501,3.5,41
1766,405501,3.5,41
1766,405501,3.5,41
1766,405501,3.5,41
1766,810128,3.5,41
1766,810128,3.5,41
1766,810128,3.5,41
1766,810128,3.5,41
1766,810128,3.5,41
1767,198746,3.5,343
1767,202716,3.5,343
1767,607637,3.5,343
1817,183631,3.5,61
1817,183631,3.5,61
1817,201844,3.5,61
1817,201844,3.5,61
1817,607858,3.5,61
1817,607858,3.5,61
1817,819806,3.5,61
1817,819806,3.5,61
1829,607936,3.5,747
1857,611433,4,27
1883,200976,3.5,452
1883,810877,3.5,452
1889,199247,3.5,382
1889,611107,3.5,382
1904,198956,4,28
1904,198956,4,28
1904,202928,4,28
1904,202928,4,28
1924,205690,3.5,107
1924,205690,3.5,107
1928,183721,3,258
1928,202147,3,258
1928,606610,3,258
1948,405222,3,365
1950,202782,4,550
1950,205248,4,550
1950,812924,4,550
1953,192156,4,14
1953,812884,4,14
1974,404483,3.5,217
1974,810807,3.5,217
1974,821549,3.5,217
1992,105185,3.5,82
2019,119210,4.5,71
2019,810490,4.5,71
2023,199472,3.5,121
2023,202203,3.5,121
2023,204844,3.5,121
2023,611470,3.5,121
2023,814044,3.5,121
2037,199591,4,3
2037,405921,4,3
2037,610711,4,3
2037,822086,4,3
2045,607132,2.5,350
2046,810345,3.5,25
2046,810345,3.5,25
2056,183820,3,207
2056,606094,3,207
2056,812328,3,207
2057,198866,3,27
2057,198866,3,27
2057,198866,3,27
2057,198866,3,27
2057,198866,3,27
2057,203215,3,27
2057,203215,3,27
2057,203215,3,27
2057,203215,3,27
2057,203215,3,27
2057,406058,3,27
2057,406058,3,27
2057,406058,3,27
2057,406058,3,27
2057,406058,3,27
2057,811442,3,27
2057,811442,3,27
2057,811442,3,27
2057,811442,3,27
2057,811442,3,27
2074,404881,3,213
2074,610358,3,213
2074,814317,3,213
2074,824458,3,213
2076,183887,4,1332
2076,610303,4,1332
2085,610141,4,236
2129,405579,3.5,290
2129,810435,3.5,290
2149,183848,4.5,2
2149,183848,4.5,2
2149,200579,4.5,2
2149,200579,4.5,2
2149,405620,4.5,2
2149,405620,4.5,2
2149,810170,4.5,2
2149,810170,4.5,2
2149,814125,4.5,2
2149,814125,4.5,2
2150,198904,3.5,81
2150,198904,3.5,81
2150,198904,3.5,81
2150,607176,3.5,81
2150,607176,3.5,81
2150,607176,3.5,81
2153,198863,3,27
2153,198863,3,27
2153,198863,3,27
2153,198863,3,27
2153,198863,3,27
2153,606142,3,27
2153,606142,3,27
2153,606142,3,27
2153,606142,3,27
2153,606142,3,27
2153,811434,3,27
2153,811434,3,27
2153,811434,3,27
2153,811434,3,27
2153,811434,3,27
2170,200658,3.5,370
2181,405163,3.5,388
2181,811357,3.5,388
2181,823596,3.5,388
2188,606340,2.5,79
2188,821022,2.5,79
2215,201177,2.5,41
2215,405138,2.5,41
2215,810438,2.5,41
2221,205800,3.5,81
2221,205800,3.5,81
2221,205800,3.5,81
2221,607193,3.5,81
2221,607193,3.5,81
2221,607193,3.5,81
2223,405904,4,238
2223,810738,4,238
2223,823821,4,238
2226,200595,3.5,416
2226,405161,3.5,416
2226,825249,3.5,416
2227,184051,3.5,158
2227,405164,3.5,158
2228,811242,3.5,233
2228,811242,3.5,233
2239,205411,3.5,488
2239,610209,3.5,488
2239,812963,3.5,488
2239,824196,3.5,488
2243,607182,3,27
2243,607182,3,27
2243,607182,3,27
2243,607182,3,27
2243,607182,3,27
2244,198899,3,27
2244,198899,3,27
2244,198899,3,27
2244,198899,3,27
2244,198899,3,27
2244,606313,3,27
2244,606313,3,27
2244,606313,3,27
2244,606313,3,27
2244,606313,3,27
2244,810604,3,27
2244,810604,3,27
2244,810604,3,27
2244,810604,3,27
2244,810604,3,27
2284,611305,3,93
2298,183832,2.5,16
2298,200578,2.5,16
2298,405374,2.5,16
2298,810569,2.5,16
2298,813837,2.5,16
2298,824822,2.5,16
2303,183307,4,33
2303,183307,4,33
2303,200128,4,33
2303,200128,4,33
2303,204501,4,33
2303,204501,4,33
2303,610687,4,33
2303,610687,4,33
2303,813757,4,33
2303,813757,4,33
2310,198900,3.5,90
2310,606381,3.5,90
2310,823053,3.5,90
2336,119224,3.5,435
2336,404775,3.5,435
2336,611108,3.5,435
2336,823437,3.5,435
2344,119402,3,79
2344,201418,3,79
2344,820841,3,79
2382,198759,3,27
2382,198759,3,27
2382,198759,3,27
2382,198759,3,27
2382,198759,3,27
2382,202414,3,27
2382,202414,3,27
2382,202414,3,27
2382,202414,3,27
2382,202414,3,27
2382,204750,3,27
2382,204750,3,27
2382,204750,3,27
2382,204750,3,27
2382,204750,3,27
2382,404865,3,27
2382,404865,3,27
2382,404865,3,27
2382,404865,3,27
2382,404865,3,27
2382,611342,3,27
2382,611342,3,27
2382,611342,3,27
2382,611342,3,27
2382,611342,3,27
2382,822973,3,27
2382,822973,3,27
2382,822973,3,27
2382,822973,3,27
2382,822973,3,27
2390,204229,4,281
2390,607350,4,281
2415,199551,4,274
2433,198502,3.5,76
2435,184084,3,34
2435,203769,3,34
2435,405701,3,34
2435,611646,3,34
2435,813571,3,34
2435,821952,3,34
2453,205189,3.5,181
2470,204316,3,28
2470,606281,3,28
2470,812851,3,28
2470,824246,3,28
2477,119160,3.5,145
2477,119160,3.5,145
2477,202432,3.5,145
2477,202432,3.5,145
2479,199895,4.5,4
2479,610390,4.5,4
2479,814039,4.5,4
2488,200769,3.5,931
2488,205471,3.5,931
2488,405906,3.5,931
2488,610982,3.5,931
2488,813306,3.5,931
2489,810298,3.5,26
2496,610300,4,233
2496,821006,4,233
2506,199883,3.5,121
2559,183241,4,190
2559,205726,4,190
2559,813670,4,190
2572,200343,2.5,11
2572,205056,2.5,11
2572,611325,2.5,11
2572,823301,2.5,11
2575,606756,3,182
2575,812499,3,182
2579,812972,4,184
2585,204040,3,28
2585,812234,3,28
2600,201487,3.5,136
2600,405613,3.5,136
2600,812515,3.5,136
2600,821863,3.5,136
2606,119272,3,47
2606,119344,3,47
2606,205722,3,47
2606,814037,3,47
2636,811199,4,44
2636,814089,4,44
2636,824220,4,44
2654,198888,3,17
2654,198888,3,17
2654,202613,3,17
2654,202613,3,17
2654,404910,3,17
2654,404910,3,17
2654,611961,3,17
2654,611961,3,17
2666,811358,3.5,150
2696,610142,3,60
2696,823704,3,60
2703,199454,3.5,333
2703,202231,3.5,333
2703,824267,3.5,333
2713,202634,3,75
2713,406027,3,75
2713,607560,3,75
2713,814171,3,75
2767,198146,4,6
2767,404856,4,6
2767,611802,4,6
2771,611756,4,100
2771,611756,4,100
2771,820309,4,100
2771,820309,4,100
2771,822254,4,100
2771,822254,4,100
2771,825216,4,100
2771,825216,4,100
2774,611758,4,100
2774,611758,4,100
2774,822244,4,100
2774,822244,4,100
2778,607335,2.5,84
2810,606577,3.5,241
2810,814193,3.5,241
2830,405985,3,15
2833,205137,3.5,43
2833,810422,3.5,43
2842,203630,4,81
2842,611609,4,81
2842,814088,4,81
2842,823524,4,81
2855,203179,3.5,183
2855,404226,3.5,183
2855,610229,3.5,183
2860,183181,3.5,585
2860,813982,3.5,585
2865,610512,3.5,36
2867,202913,3,257
2867,610586,3,257
2867,814347,3,257
2876,192117,3,40
2876,607605,3,40
2884,203086,3.5,61
2884,203086,3.5,61
2884,404562,3.5,61
2884,404562,3.5,61
2884,607711,3.5,61
2884,607711,3.5,61
2884,812202,3.5,61
2884,812202,3.5,61
2899,406051,3.5,236
2899,821949,3.5,236
2907,202469,4,42
2907,610626,4,42
2907,812017,4,42
2919,198401,2.5,7
2919,607836,2.5,7
2919,812287,2.5,7
2919,825178,2.5,7
2962,184055,3.5,315
2962,405361,3.5,315
2962,823002,3.5,315
2967,203318,3,52
2967,810530,3,52
2973,119345,3.5,310
2973,192142,3.5,310
2973,811285,3.5,310
2973,814228,3.5,310
2973,824775,3.5,310
2981,119191,3.5,531
2981,119409,3.5,531
2981,199336,3.5,531
2981,607125,3.5,531
2981,812452,3.5,531
2981,824080,3.5,531
2996,119389,3.5,90
2996,184029,3.5,90
2996,606483,3.5,90
2996,811558,3.5,90
3020,610332,4,57
3020,813781,4,57
3024,119254,4,172
3024,204104,4,172
3024,610104,4,172
3024,813098,4,172
3031,119226,3,204
3031,201148,3,204
3047,119263,3,192
3047,404261,3,192
3047,610605,3,192
3047,813945,3,192
3086,811279,4,6
3099,202943,3,63
3099,405381,3,63
3118,199626,2,19
3118,201628,2,19
3118,405520,2,19
3119,199630,2.5,27
3119,201633,2.5,27
3119,813017,2.5,27
3195,606117,4,13
3202,200407,2.5,15
3202,611443,2.5,15
3224,611045,4,31
3224,820066,4,31
3224,824399,4,31
3234,202632,3,64
3234,404532,3,64
3240,119261,3.5,64
3240,607841,3.5,64
3240,813388,3.5,64
3259,198994,3,287
3259,607008,3,287
3259,813439,3,287
3278,405237,4,28
3278,820669,4,28
3294,199094,1.5,27
3294,205348,1.5,27
3294,810638,1.5,27
3294,823180,1.5,27
3299,199146,4,589
3299,611567,4,589
3327,201101,3,70
3327,204979,3,70
3327,607718,3,70
3327,812917,3,70
3372,119203,3.5,36
3372,810737,3.5,36
3374,201588,4,84
3374,607054,4,84
3374,812680,4,84
3415,183295,2.5,79
3415,200220,2.5,79
3415,203551,2.5,79
3415,606509,2.5,79
3415,812716,2.5,79
3415,821682,2.5,79
3444,199257,3.5,76
3444,203277,3.5,76
3444,606540,3.5,76
3444,824416,3.5,76
3447,198852,2.5,33
3447,405344,2.5,33
3447,610949,2.5,33
3447,813750,2.5,33
3447,824321,2.5,33
3449,198318,3.5,627
3449,204232,3.5,627
3449,823114,3.5,627
3458,199447,3.5,50
3458,205576,3.5,50
3458,607085,3.5,50
3458,812949,3.5,50
3459,607576,4,160
3459,812815,4,160
3470,183825,3.5,279
3470,201017,3.5,279
3470,820642,3.5,279
3476,204155,3.5,365
3476,812990,3.5,365
3476,821474,3.5,365
3513,204935,3,146
3513,405979,3,146
3513,610377,3,146
3513,824258,3,146
3531,198997,2,55
3531,606869,2,55
3531,813009,2,55
3531,822764,2,55
3555,199632,3,44
3555,606950,3,44
3555,812812,3,44
3573,201863,2.5,165
3573,404601,2.5,165
3573,813539,2.5,165
3574,405729,3,74
3574,811264,3,74
3574,820619,3,74
3576,205065,3,64
3576,405464,3,64
3576,811127,3,64
3576,814057,3,64
3590,183596,3,16
3590,200505,3,16
3590,607715,3,16
3590,812640,3,16
3590,822122,3,16
3625,201060,3,36
3625,606307,3,36
3625,810093,3,36
3625,824582,3,36
3628,184065,4.5,54
3628,612059,4.5,54
3647,203523,2.5,229
3647,405108,2.5,229
3647,820606,2.5,229
3653,610489,2,24
3653,820576,2,24
3697,201433,3,37
3697,204960,3,37
3697,610507,3,37
3697,821691,3,37
3722,607157,4,233
3722,607157,4,233
3722,607157,4,233
3722,813516,4,233
3722,813516,4,233
3722,813516,4,233
3722,823761,4,233
3722,823761,4,233
3722,823761,4,233
3724,198984,2.5,227
3724,201814,2.5,227
3724,606452,2.5,227
3724,811253,2.5,227
3724,820684,2.5,227
3754,606152,3.5,26
3754,819804,3.5,26
3785,606893,3.5,66
3785,606893,3.5,66
3785,606893,3.5,66
3785,813269,3.5,66
3785,813269,3.5,66
3785,813269,3.5,66
3785,822289,3.5,66
3785,822289,3.5,66
3785,822289,3.5,66
3786,198961,3.5,41
3786,198961,3.5,41
3786,198961,3.5,41
3786,198961,3.5,41
3786,198961,3.5,41
3786,611663,3.5,41
3786,611663,3.5,41
3786,611663,3.5,41
3786,611663,3.5,41
3786,611663,3.5,41
3794,105166,2.5,48
3794,105166,2.5,48
3794,823545,2.5,48
3794,823545,2.5,48
3818,610099,4,1
3827,199519,3.5,423
3827,606486,3.5,423
3841,611250,4,233
3841,611250,4,233
3841,611250,4,233
3854,198619,3,155
3864,201714,3,872
3864,204263,3,872
3864,821543,3,872
3870,199764,2.5,263
3870,204662,2.5,263
3870,606918,2.5,263
3870,810277,2.5,263
3875,203300,3,5
3875,811890,3,5
3876,203078,3,13
3876,204938,3,13
3876,607333,3,13
3876,811345,3,13
3882,198971,3,111
3882,202384,3,111
3882,204570,3,111
3882,607980,3,111
3882,820795,3,111
3917,199045,3,5
3917,201639,3,5
3917,203603,3,5
3917,607603,3,5
3934,200061,3,23
3934,200061,3,23
3934,202738,3,23
3934,202738,3,23
3934,821791,3,23
3934,821791,3,23
3975,199710,4.5,6
3975,810193,4.5,6
3998,606772,3,124
3998,813221,3,124
4015,202890,3,511
4015,610523,3,511
4015,823118,3,511
4018,184066,3,106
4022,198919,4,23
4022,813305,4,23
4028,198431,3.5,593
4028,201133,3.5,593
4028,204716,3.5,593
4028,610576,3.5,593
4028,822701,3.5,593
4050,205014,4,68
4050,405855,4,68
4050,814094,4,68
4050,822519,4,68
4055,200007,4,1272
4055,202868,4,1272
4055,810210,4,1272
4064,200876,3.5,200
4064,204377,3.5,200
4064,606092,3.5,200
4064,611748,3.5,200
4064,813078,3.5,200
4064,819838,3.5,200
4064,824660,3.5,200
4070,199234,2.5,265
4070,607730,2.5,265
4125,200995,3.5,77
4125,202976,3.5,77
4125,205547,3.5,77
4132,199968,3,54
4132,202787,3,54
4132,610264,3,54
4132,813862,3,54
4132,822877,3,54
4181,183939,2.5,22
4181,200939,2.5,22
4181,611427,2.5,22
4181,814066,2.5,22
4200,200204,3.5,132
4200,203407,3.5,132
4200,205392,3.5,132
4200,606692,3.5,132
4200,811995,3.5,132
4200,821665,3.5,132
4200,825031,3.5,132
4209,199159,3.5,70
4209,201993,3.5,70
4209,205004,3.5,70
4209,607102,3.5,70
4209,810673,3.5,70
4209,819929,3.5,70
4209,821881,3.5,70
4221,198423,4.5,6
4292,199390,3.5,1590
4292,610805,3.5,1590
4348,202682,3.5,191
4348,202682,3.5,191
4348,205332,3.5,191
4348,205332,3.5,191
4348,606833,3.5,191
4348,606833,3.5,191
4348,811342,3.5,191
4348,811342,3.5,191
4348,821541,3.5,191
4348,821541,3.5,191
4373,205403,3.5,514
4373,205403,3.5,514
4373,205403,3.5,514
4373,607746,3.5,514
4373,607746,3.5,514
4373,607746,3.5,514
4373,811304,3.5,514
4373,811304,3.5,514
4373,811304,3.5,514
4373,821535,3.5,514
4373,821535,3.5,514
4373,821535,3.5,514
4373,825289,3.5,514
4373,825289,3.5,514
4373,825289,3.5,514
4380,606257,3.5,821
4380,612053,3.5,821
4380,821838,3.5,821
4408,183963,3,162
4408,404607,3,162
4408,610220,3,162
4408,812323,3,162
4436,200141,2.5,41
4436,200141,2.5,41
4436,202122,2.5,41
4436,202122,2.5,41
4436,205412,2.5,41
4436,205412,2.5,41
4436,610177,2.5,41
4436,610177,2.5,41
4436,813144,2.5,41
4436,813144,2.5,41
4539,200961,3.5,3
4539,200961,3.5,3
4553,183499,2.5,11
4553,810483,2.5,11
4553,820177,2.5,11
4553,823223,2.5,11
4576,202157,3,20
4576,405486,3,20
4576,819905,3,20
4576,824432,3,20
4599,199154,2.5,45
4599,814073,2.5,45
4599,814086,2.5,45
4600,204661,3.5,279
4600,810215,3.5,279
4620,825027,3.5,451
4671,183531,4,8011
4671,200382,4,8011
4671,204631,4,8011
4671,810250,4,8011
4671,813465,4,8011
4690,201484,3.5,681
4690,204287,3.5,681
4690,822093,3.5,681
4758,199412,2.5,82
4772,198282,3.5,273
4772,198282,3.5,273
4772,198282,3.5,273
4772,606263,3.5,273
4772,606263,3.5,273
4772,606263,3.5,273
4772,824728,3.5,273
4772,824728,3.5,273
4772,824728,3.5,273
4902,184043,2.5,104
4902,184043,2.5,104
4902,204553,2.5,104
4902,204553,2.5,104
4920,202335,3.5,514
4920,202335,3.5,514
4920,202335,3.5,514
4976,405301,3,185
4976,405301,3,185
5028,810683,4,77
5061,198843,3.5,160
5061,198843,3.5,160
5061,203279,3.5,160
5061,203279,3.5,160
5061,610654,3.5,160
5061,610654,3.5,160
5131,198712,3,43
5131,404122,3,43
5131,822439,3,43
5135,606262,3.5,256
5135,606262,3.5,256
5135,810549,3.5,256
5135,810549,3.5,256
5135,813632,3.5,256
5135,813632,3.5,256
5135,824711,3.5,256
5135,824711,3.5,256
5137,183707,3,123
5137,200847,3,123
5137,205953,3,123
5137,813420,3,123
5150,198573,4.5,2
5150,405141,4.5,2
5150,810263,4.5,2
5171,198897,4.5,24
5171,404443,4.5,24
5171,611496,4.5,24
5195,810999,4,774
5215,199763,3.5,720
5215,404776,3.5,720
5215,611172,3.5,720
5215,820230,3.5,720
5217,405532,4,118
5217,405532,4,118
5217,612081,4,118
5217,612081,4,118
5223,199852,3.5,76
5223,201125,3.5,76
5223,203719,3.5,76
5228,811631,3.5,129
5234,821604,3.5,220
5249,199776,3.5,110
5249,202700,3.5,110
5249,810198,3.5,110
5249,820822,3.5,110
5255,200651,3.5,1010
5255,405155,3.5,1010
5258,201431,4,543
5258,606201,4,543
5258,823248,4,543
5266,405987,4,257
5266,405987,4,257
5266,821639,4,257
5266,821639,4,257
5300,200962,4,454
5300,606241,4,454
5300,611823,4,454
5300,820042,4,454
5327,183261,2.5,62
5327,824415,2.5,62
5343,153421,4,23
5343,153421,4,23
5343,153421,4,23
5343,606854,4,23
5343,606854,4,23
5343,606854,4,23
5351,404220,4,78
5351,612056,4,78
5351,813830,4,78
5354,202128,3.5,291
5354,202128,3.5,291
5382,153385,3,785
5382,153385,3,785
5382,611787,3,785
5382,611787,3,785
5383,184044,3.5,105
5408,202430,3.5,303
5408,811143,3.5,303
5429,611917,3.5,160
5429,611917,3.5,160
5508,183738,4,411
5508,183738,4,411
5511,201454,3,15
5511,821816,3,15
5511,824407,3,15
5512,198391,3,70
5512,203781,3,70
5512,610226,3,70
5512,820415,3,70
5512,823314,3,70
5515,198816,3,17
5515,201464,3,17
5515,205686,3,17
5515,610096,3,17
5515,821788,3,17
5515,824334,3,17
5547,202370,3.5,43
5547,810463,3.5,43
5626,824847,4,44
5626,824847,4,44
5626,824847,4,44
5642,405168,4,182
5642,824574,4,182
5648,183240,2,50
5648,183240,2,50
5664,205172,2.5,296
5664,811217,2.5,296
5666,153383,4,17
5666,153383,4,17
5666,203173,4,17
5666,203173,4,17
5666,611553,4,17
5666,611553,4,17
5666,823267,4,17
5666,823267,4,17
5669,198387,4,149
5669,405722,4,149
5669,811226,4,149
5669,814333,4,149
5696,199236,3.5,62
5696,204181,3.5,62
5696,404932,3.5,62
5696,810516,3.5,62
5696,814210,3.5,62
5696,824369,3.5,62
5719,199512,3,13
5719,199512,3,13
5719,203758,3,13
5719,203758,3,13
5719,606488,3,13
5719,606488,3,13
5726,607088,4,488
5726,813434,4,488
5735,183983,4,57
5735,201477,4,57
5735,404978,4,57
5735,610182,4,57
5788,201719,3,20
5825,183682,4,61
5825,611804,4,61
5825,813341,4,61
5825,824732,4,61
5846,201081,4,477
5846,405627,4,477
5846,810593,4,477
5846,821466,4,477
5852,105169,3,214
5877,183255,3.5,183
5877,820124,3.5,183
5883,811331,3.5,1231
5883,820414,3.5,1231
5883,823719,3.5,1231
5889,203330,3.5,191
5889,810535,3.5,191
5915,183650,4,452
5915,200097,4,452
5915,810928,4,452
5921,820929,2,8
5922,820143,3.5,80
5922,822752,3.5,80
5928,199781,2.5,3
5928,203674,2.5,3
5928,820497,2.5,3
5936,199242,3.5,371
5936,199242,3.5,371
5936,201221,3.5,371
5936,201221,3.5,371
5936,205294,3.5,371
5936,205294,3.5,371
5936,612075,3.5,371
5936,612075,3.5,371
5936,814211,3.5,371
5936,814211,3.5,371
5936,824977,3.5,371
5936,824977,3.5,371
6015,203686,3.5,521
6015,812020,3.5,521
6019,205097,3.5,134
6019,810500,3.5,134
6019,824398,3.5,134
6068,199125,2.5,2
6068,199125,2.5,2
6068,201641,2.5,2
6068,201641,2.5,2
6068,203575,2.5,2
6068,203575,2.5,2
6068,611401,2.5,2
6068,611401,2.5,2
6068,812692,2.5,2
6068,812692,2.5,2
6069,199276,4,931
6069,199276,4,931
6069,201432,4,931
6069,201432,4,931
6087,153422,4,161
6087,153422,4,161
6087,153422,4,161
6087,200773,4,161
6087,200773,4,161
6087,200773,4,161
6087,607827,4,161
6087,607827,4,161
6087,607827,4,161
6087,810503,4,161
6087,810503,4,161
6087,810503,4,161
6098,201792,3,80
6098,405073,3,80
6098,612078,3,80
6115,404636,3.5,39
6124,200352,3.5,71
6124,404658,3.5,71
6124,611451,3.5,71
6124,814167,3.5,71
6137,405847,3.5,111
6137,405847,3.5,111
6137,813917,3.5,111
6137,813917,3.5,111
6171,405225,4.5,164
6177,183160,3.5,131
6177,203614,3.5,131
6177,811928,3.5,131
6186,201296,2.5,46
6186,203478,2.5,46
6186,405298,2.5,46
6186,813597,2.5,46
6186,821585,2.5,46
6186,824587,2.5,46
6220,198928,2.5,20
6220,202445,2.5,20
6220,405553,2.5,20
6249,183830,3.5,49
6249,404549,3.5,49
6249,611635,3.5,49
6275,198290,3.5,66
6275,198290,3.5,66
6275,201474,3.5,66
6275,201474,3.5,66
6275,204349,3.5,66
6275,204349,3.5,66
6275,405492,3.5,66
6275,405492,3.5,66
6275,810120,3.5,66
6275,810120,3.5,66
6276,200958,3.5,85
6303,200570,3.5,71
6392,198680,3,7
6392,204993,3,7
6392,606315,3,7
6392,810585,3,7
6395,200388,4,634
6395,606184,4,634
6395,810601,4,634
6402,183137,4,11
6402,811232,4,11
6406,204897,3.5,145
6406,204897,3.5,145
6424,404979,4.5,64
6424,610528,4.5,64
6431,611890,2.5,166
6431,821178,2.5,166
6462,198660,1.5,3
6462,203221,1.5,3
6462,404831,1.5,3
6462,820321,1.5,3
6462,822783,1.5,3
6471,119179,4,69
6476,202812,3.5,28
6476,202812,3.5,28
6491,199559,4,263
6491,405033,4,263
6491,810226,4,263
6491,823591,4,263
6497,198285,4,72
6497,203993,4,72
6497,405578,4,72
6497,610098,4,72
6497,820185,4,72
6500,199682,4,166
6500,199682,4,166
6518,203376,4,37
6518,810934,4,37
6531,183390,4,233
6545,199003,5,1
6545,203742,5,1
6545,607218,5,1
6545,813368,5,1
6545,823418,5,1
6555,200498,3,109
6555,202605,3,109
6555,820773,3,109
6566,119198,3,149
6566,405955,3,149
6566,824425,3,149
6572,814376,4,174
6643,119161,4.5,103
6669,611832,3.5,120
6679,607187,3,110
6679,607187,3,110
6679,813477,3,110
6679,813477,3,110
6682,184052,4,78
6688,610263,3.5,57
6692,119300,3.5,45
6692,606819,3.5,45
6692,813258,3.5,45
6732,119222,4,19
6732,203830,4,19
6732,607396,4,19
6732,814133,4,19
6750,119323,3.5,135
6750,183986,3.5,135
6750,199982,3.5,135
6775,200565,4,213
6775,607985,4,213
6775,821465,4,213
6779,611200,3,151
6779,820072,3,151
6779,823431,3,151
6785,405600,3,50
6785,405600,3,50
6785,405600,3,50
6785,811328,3,50
6785,811328,3,50
6785,811328,3,50
6788,198800,3.5,406
6792,199523,3.5,341
6792,201831,3.5,341
6792,607219,3.5,341
6792,813512,3.5,341
6792,824770,3.5,341
6798,200823,1.5,6
6798,606360,1.5,6
6798,813928,1.5,6
6805,205265,4.5,192
6805,610139,4.5,192
6805,820028,4.5,192
6861,198591,3.5,185
6861,405159,3.5,185
6864,611374,3,7
6864,611374,3,7
6864,611374,3,7
6864,820141,3,7
6864,820141,3,7
6864,820141,3,7
6866,200213,4,272
6866,811224,4,272
6871,198620,3.5,371
6878,183582,3.5,87
6878,183582,3.5,87
6878,824413,3.5,87
6878,824413,3.5,87
6885,200391,3.5,81
6885,200391,3.5,81
6885,200391,3.5,81
6885,202978,3.5,81
6885,202978,3.5,81
6885,202978,3.5,81
6885,607478,3.5,81
6885,607478,3.5,81
6885,607478,3.5,81
6888,201498,3,121
6888,811255,3,121
6891,198613,4.5,3
6891,198613,4.5,3
6891,405957,4.5,3
6891,405957,4.5,3
6891,821405,4.5,3
6891,821405,4.5,3
6905,404375,4,1
6905,404375,4,1
6905,810204,4,1
6905,810204,4,1
6953,404505,3,469
6953,810249,3,469
6961,611246,4,171
6961,611246,4,171
6985,202316,4,117
6994,203677,4.5,3
6994,405898,4.5,3
6994,814313,4.5,3
6997,119370,4.5,212
6997,119370,4.5,212
6997,810885,4.5,212
6997,810885,4.5,212
6997,813586,4.5,212
6997,813586,4.5,212
7012,822366,3,19
7040,200707,4,118
7040,200707,4,118
7040,811110,4,118
7040,811110,4,118
7059,119259,2.5,98
7059,119259,2.5,98
7059,119259,2.5,98
7076,811361,3,202
7084,183373,3.5,22
7084,199631,3.5,22
7084,203331,3.5,22
7084,404492,3.5,22
7084,821552,3.5,22
7088,199180,4.5,135
7088,607713,4.5,135
7088,813313,4.5,135
7100,119313,3.5,156
7100,405926,3.5,156
7100,810775,3.5,156
7115,198259,3,287
7115,203952,3,287
7115,606592,3,287
7135,811634,4,222
7139,183882,2,8
7139,183882,2,8
7139,200261,2,8
7139,200261,2,8
7139,203003,2,8
7139,203003,2,8
7139,606364,2,8
7139,606364,2,8
7139,611810,2,8
7139,611810,2,8
7160,201436,3.5,41
7160,206049,3.5,41
7160,811160,3.5,41
7160,814181,3.5,41
7190,404922,4,83
7196,183148,3,196
7196,183148,3,196
7196,611091,3,196
7196,611091,3,196
7214,204223,3.5,23
7214,204223,3.5,23
7214,204223,3.5,23
7219,610348,3.5,429
7236,404823,3.5,261
7236,810305,3.5,261
7236,821524,3.5,261
47238,201206,3.5,92
47238,201206,3.5,92
93276,201878,3,164
93276,201878,3,164
93276,204044,3,164
93276,204044,3,164
93276,611459,3,164
93276,611459,3,164
93276,824170,3,164
93276,824170,3,164
93291,183518,3,182
93291,183518,3,182
137240,199122,3,97
137240,199122,3,97
137240,606245,3,97
137240,606245,3,97
137240,813863,3,97
137240,813863,3,97
137240,824686,3,97
137240,824686,3,97
137242,203625,2,5
137243,821401,3.5,494
137243,821401,3.5,494
137263,821634,3,1
137263,821634,3,1
137268,405158,4,872
137268,405158,4,872
137270,820110,2.5,73
137270,820110,2.5,73
137277,610566,3.5,6
137277,610566,3.5,6
137277,814047,3.5,6
137277,814047,3.5,6
137277,822856,3.5,6
137277,822856,3.5,6
137286,813214,4,74
137286,813214,4,74
137293,119280,3,161
137293,119280,3,161
137293,119280,3,161
137293,607385,3,161
137293,607385,3,161
137293,607385,3,161
137293,814053,3,161
137293,814053,3,161
137293,814053,3,161
137293,824183,3,161
137293,824183,3,161
137293,824183,3,161
137295,606163,2.5,131
137295,606163,2.5,131
137295,823434,2.5,131
137295,823434,2.5,131
147239,198787,4,109
147239,202526,4,109
147239,606373,4,109
147239,812010,4,109
147239,820670,4,109
147239,824606,4,109
147252,183482,2.5,36
147252,183482,2.5,36
147252,199821,2.5,36
147252,199821,2.5,36
147252,201492,2.5,36
147252,201492,2.5,36
147252,205897,2.5,36
147252,205897,2.5,36
147252,610338,2.5,36
147252,610338,2.5,36
147252,821168,2.5,36
147252,821168,2.5,36
147258,204639,3.5,137
147258,204639,3.5,137
147258,611714,3.5,137
147258,611714,3.5,137
147264,810337,4.5,109
147277,183220,3,103
147277,202583,3,103
147277,811548,3,103
147277,823767,3,103
147302,200453,4.5,7
147302,612004,4.5,7
147313,199435,3.5,118
147313,204721,3.5,118
147313,821314,3.5,118
147319,183306,3,95
147319,611634,3,95
147319,813135,3,95
147332,405970,4,193
147339,200696,3,166
147339,200696,3,166
147339,205590,3,166
147339,205590,3,166
147339,610382,3,166
147339,610382,3,166
147339,811999,3,166
147339,811999,3,166
147339,821937,3,166
147339,821937,3,166
147357,183583,2.5,8
147357,205635,2.5,8
147357,810379,2.5,8
147357,820442,2.5,8
147368,199479,4,198
147368,202819,4,198
147368,606295,4,198
147368,811370,4,198
147368,820764,4,198
147374,200629,3.5,76
147374,204427,3.5,76
147374,811674,3.5,76
147393,201895,4,305
147411,183776,3,424
147411,183776,3,424
147411,404774,3,424
147411,404774,3,424
147411,825024,3,424
147411,825024,3,424
147452,203068,4,260
147452,404535,4,260
147452,607722,4,260
147452,812172,4,260
147477,201423,2,41
147477,205220,2,41
147477,607345,2,41
147477,813798,2,41
147481,183439,4,112
147481,205793,4,112
147481,812740,4,112
147482,119349,3.5,196
147482,811317,3.5,196
147494,199832,3,203
147494,202416,3,203
147494,205952,3,203
147494,607167,3,203
147494,819875,3,203
147494,823152,3,203
147496,204482,3,41
147496,204482,3,41
147496,204482,3,41
147496,611134,3,41
147496,611134,3,41
147496,611134,3,41
147496,823347,3,41
147496,823347,3,41
147496,823347,3,41
147509,200913,3.5,167
147510,610385,3,522
147514,204823,3,108
147514,204823,3,108
147514,611865,3,108
147514,611865,3,108
147580,200225,3,36
147580,203058,3,36
147580,205310,3,36
147580,606298,3,36
147580,821519,3,36
147580,824984,3,36
147592,606933,3.5,459
147593,199829,4,223
147593,202689,4,223
147593,205356,4,223
147593,606758,4,223
147593,810718,4,223
147593,814352,4,223
147593,823451,4,223
147599,204573,3,101
147599,610147,3,101
147599,812937,3,101
147616,404310,3.5,175
147616,811363,3.5,175
147620,610789,4,140
147637,199668,3.5,200
147637,812829,3.5,200
147640,813352,4,4
147665,200964,4.5,60
147665,205184,4.5,60
147665,607561,4.5,60
147665,812746,4.5,60
147673,821103,2.5,160
147705,201387,4,258
147705,204836,4,258
147705,607731,4,258
147713,199393,3.5,222
147713,205548,3.5,222
147713,606763,3.5,222
147713,810668,3.5,222
147713,820112,3.5,222
147739,200567,3.5,97
147739,202720,3.5,97
147739,204692,3.5,97
147739,612062,3.5,97
147754,201531,2.5,32
147754,405562,2.5,32
147754,610762,2.5,32
147803,405178,3.5,357
147812,199661,4,2
147812,202799,4,2
147812,607147,4,2
147812,612027,4,2
147812,820405,4,2
147814,205679,3.5,456
147823,610894,3.5,179
147823,823943,3.5,179
147839,205124,4,498
147839,610744,4,498
147839,824973,4,498
147853,821077,4,64
147868,201166,4,53
147868,607672,4,53
147868,812558,4,53
147894,202423,3,30
147894,204752,3,30
147894,404871,3,30
147894,611349,3,30
147894,813159,3,30
147896,205234,4,805
147896,814009,4,805
147914,203727,3.5,172
147914,812117,3.5,172
147919,610778,3.5,36
147919,814117,3.5,36
147919,824344,3.5,36
147927,204010,2,24
147927,812239,2,24
147943,811072,4,52
147944,203372,4,233
147944,203372,4,233
147944,203372,4,233
147944,404734,4,233
147944,404734,4,233
147944,404734,4,233
147944,821874,4,233
147944,821874,4,233
147944,821874,4,233
147945,201626,2.5,12
147945,405618,2.5,12
147945,819834,2.5,12
147959,202621,4,57
147959,205035,4,57
147959,810139,4,57
147959,811712,4,57
147959,820430,4,57
147961,199854,3,3
147961,405923,3,3
147973,199893,3.5,456
147973,203748,3.5,456
147973,811325,3.5,456
147973,825305,3.5,456
147983,202208,4,401
147983,202208,4,401
147983,810679,4,401
147983,810679,4,401
147986,611818,4,890
147986,611818,4,890
147995,202860,4,931
147995,202860,4,931
147995,606264,4,931
147995,606264,4,931
147995,820894,4,931
147995,820894,4,931
148001,204432,2,50
148001,810793,2,50
148021,811549,3.5,149
148021,823816,3.5,149
148065,404372,3,258
148065,611080,3,258
148065,814194,3,258
148065,822531,3,258
148089,203246,5,1
148089,607429,5,1
148089,812291,5,1
148092,203236,3.5,192
148092,611086,3.5,192
148128,203440,3.5,255
148128,606277,3.5,255
148128,811203,3.5,255
148173,610272,4,429
148173,813455,4,429
148173,821793,4,429
148187,611473,4,440
148187,611473,4,440
148190,820300,4,57
148222,611507,2.5,170
148225,205534,3.5,3
148225,205534,3.5,3
148225,811743,3.5,3
148225,811743,3.5,3
148225,821241,3.5,3
148225,821241,3.5,3
172247,611170,3.5,28
172247,823253,3.5,28
172258,405758,3,75
172258,810692,3,75
172258,814142,3,75
172269,811392,4.5,34
172294,404378,3.5,28
172294,611309,3.5,28
172304,405221,3.5,213
172304,810467,3.5,213
172304,822733,3.5,213
172325,811181,4,274
172327,405995,4,47
172327,611162,4,47
172327,813182,4,47
172327,825102,4,47
172334,202520,3,4
172334,202520,3,4
172334,610333,3,4
172334,610333,3,4
172334,811386,3,4
172334,811386,3,4
172369,611188,4.5,1612
172369,813458,4.5,1612
172369,823287,4.5,1612
172412,204056,3.5,191
172412,610865,3.5,191
172430,405203,3.5,8
172430,405203,3.5,8
172430,405203,3.5,8
172430,405203,3.5,8
172430,810716,3.5,8
172430,810716,3.5,8
172430,810716,3.5,8
172430,810716,3.5,8
172431,405205,3.5,8
172431,405205,3.5,8
172431,405205,3.5,8
172431,405205,3.5,8
172431,811055,3.5,8
172431,811055,3.5,8
172431,811055,3.5,8
172431,811055,3.5,8
172431,820427,3.5,8
172431,820427,3.5,8
172431,820427,3.5,8
172431,820427,3.5,8
172449,611668,3,26
172449,611668,3,26
172454,404780,4,167
172467,812779,4,241
172467,821284,4,241
172477,811987,4,58
172477,811987,4,58
172481,812293,3.5,89
172486,606652,4,35
172507,610247,3,18
172507,820545,3,18
172510,810470,3.5,307
172553,813001,4.5,111
172558,813811,4,19
172558,813811,4,19
172584,611217,3.5,318
172584,611217,3.5,318
172606,821341,3.5,19
172618,607391,3.5,266
172618,812510,3.5,266
172628,611593,3.5,135
172637,813304,3.5,141
172637,822471,3.5,141
172655,405585,3.5,28
172655,405585,3.5,28
172655,810756,3.5,28
172655,810756,3.5,28
172655,824421,3.5,28
172655,824421,3.5,28
172677,610953,2.5,98
172677,610953,2.5,98
172677,610953,2.5,98
172680,405871,3,55
172680,811821,3,55
172680,822162,3,55
172745,606451,3.5,143
172745,812768,3.5,143
172745,824342,3.5,143
172770,606329,3.5,9
172770,610891,3.5,9
172770,812747,3.5,9
172770,822424,3.5,9
172780,610206,3.5,275
172787,810592,4,513
172801,822659,4,65
172804,205896,3.5,129
172804,607159,3.5,129
172804,811137,3.5,129
172804,822061,3.5,129
172814,810381,4,247
172814,824456,4,247
172815,611659,3.5,21
172815,822002,3.5,21
172826,606883,4,26
172826,823317,4,26
172830,824957,3.5,146
172875,825050,4,23
172875,825050,4,23
172875,825050,4,23
172885,611240,3.5,47
172885,611240,3.5,47
172885,821027,3.5,47
172885,821027,3.5,47
172892,611570,4,29
172892,825116,4,29
172893,823426,4.5,19
172897,821432,4,100
172897,821432,4,100
172906,810577,4.5,169
172920,823052,4.5,88
172926,611520,3.5,291
172926,611520,3.5,291
172926,813052,3.5,291
172926,813052,3.5,291
172926,821504,3.5,291
172926,821504,3.5,291
172938,810975,3.5,101
172961,611537,2.5,21
172961,813382,2.5,21
172961,823972,2.5,21
173014,824139,4,1460
173014,824139,4,1460
173016,610285,3.5,10
173016,813379,3.5,10
173016,823966,3.5,10
173017,810437,3.5,329
173017,823149,3.5,329
173038,606131,4.5,22
173038,811136,4.5,22
173042,810291,4.5,216
173085,810576,4,11
173103,819893,3.5,521
173110,811220,4,165
173130,811778,3.5,90
173130,812760,3.5,90
173130,824331,3.5,90
173135,810533,4.5,5
173135,813796,4.5,5
173142,812956,3.5,107
173142,812956,3.5,107
173153,810468,4.5,52
173153,822180,4.5,52
173169,607618,4,990
173169,824572,4,990
173170,821687,4,276
173170,821687,4,276
173178,821810,4.5,181
173178,824542,4.5,181
173181,607679,3.5,48
173181,812783,3.5,48
173181,821295,3.5,48
173182,610978,4,28
173182,610978,4,28
173188,820889,3.5,289
173199,821434,3.5,83
173205,812748,4,31
173205,824684,4,31
187272,820866,2.5,9
187272,824463,2.5,9
187281,813818,3.5,73
187281,823894,3.5,73
187320,813943,4,24
187326,824985,4.5,37
187326,824985,4.5,37
187363,820013,3.5,145
187363,820013,3.5,145
187363,822535,3.5,145
187363,822535,3.5,145
187369,819968,4,82
187372,823388,3.5,94
187380,824381,4,85
187427,821999,3.5,110
187437,821204,3.5,112
187542,822053,3.5,9
187547,813551,3.5,293
187547,813724,3.5,293
187547,813983,3.5,293
187547,819799,3.5,293
187547,820117,3.5,293
187551,824917,5,1
187583,825065,4.5,22
187595,821528,3.5,279
187595,821528,3.5,279
187617,822012,3.5,102
187662,820741,3.5,70
187714,823357,4,171
187847,821797,3.5,261
187847,821797,3.5,261
187847,821797,3.5,261
187864,822658,2,8
187864,822658,2,8
187913,823083,3,85
187913,823083,3,85
188001,825250,4,92
188015,824346,1.5,9
188255,821731,3.5,41
188255,821731,3.5,41
188255,824513,3.5,41
188255,824513,3.5,41
188283,821794,3.5,92
188283,821794,3.5,92
188283,824672,3.5,92
188283,824672,3.5,92
188461,823779,3.5,949
188740,824703,3.5,66
