,crit_viol,yelp_rating,yelp_reviews,risk,insp_badge,crime_count,311_count,construction_count,avg_high_temp,time_diff,target
0,2,3.5,28,3,88,9.0,2.0,2.0,80.41,-864,0
1,1,4.5,52,3,54,7.0,0.0,8.0,43.13,-864,0
2,5,3.0,258,3,607,1.0,0.0,4.0,54.07,-864,1
3,2,4.0,44,3,64,37.0,1.0,0.0,84.14,-864,0
4,1,3.0,149,2,611,2.0,0.0,0.0,80.41,-864,0
5,6,2.5,456,3,422,27.0,0.0,17.0,34.22,-864,1
6,2,3.5,129,3,422,29.0,0.0,14.0,34.22,-864,0
7,11,3.5,22,3,121,4.0,0.0,2.0,36.6,-864,1
8,2,4.5,1612,4,422,16.0,0.0,7.0,58.31,-864,0
9,5,3.5,94,2,107,20.0,0.0,5.0,64.85,-864,1
10,1,3.5,261,3,422,2.0,0.0,5.0,36.6,-864,0
11,0,3.5,372,2,54,18.0,0.0,2.0,84.14,-864,0
12,6,3.0,96,3,607,13.0,0.0,11.0,71.36,-864,1
13,2,4.0,44,3,603,11.0,0.0,2.0,86.82,-864,0
14,5,4.0,238,3,603,13.0,0.0,7.0,72.27,-864,1
15,7,4.0,23,3,603,0.0,0.0,0.0,73.11,-864,1
16,1,3.5,80,3,88,4.0,0.0,0.0,62.6,-864,0
17,4,3.0,23,3,29,2.0,0.0,4.0,24.68,-864,0
18,1,3.0,23,3,64,5.0,0.0,4.0,24.68,0,0
19,5,3.0,17,3,88,11.0,1.0,3.0,79.37,-864,1
20,2,3.0,17,3,54,3.0,0.0,8.0,24.68,-99,0
21,1,3.0,27,3,64,16.0,0.0,8.0,58.03,-864,0
22,2,3.5,41,3,611,25.0,2.0,19.0,78.4,-864,0
23,1,4.5,22,3,54,0.0,3.0,0.0,73.11,-864,0
24,6,3.5,514,3,607,0.0,3.0,0.0,89.7,-864,1
25,3,3.5,514,3,607,6.0,0.0,12.0,36.6,-146,0
26,2,3.5,179,3,422,25.0,1.0,4.0,77.63,-864,0
27,1,3.5,416,3,64,0.0,0.0,0.0,86.9,-864,0
28,2,4.0,85,3,611,0.0,0.0,1.0,78.43,-864,0
29,2,3.5,9,2,124,2.0,0.0,3.0,43.13,-864,0
30,5,3.5,110,3,607,12.0,0.0,10.0,31.14,-864,1
31,11,3.5,333,3,603,9.0,0.0,3.0,83.04,-864,1
32,9,3.5,821,3,607,1.0,0.0,6.0,26.08,-864,1
33,1,3.5,3144,3,422,16.0,2.0,9.0,51.16,-864,0
34,1,3.5,365,3,64,27.0,0.0,11.0,40.82,-864,0
35,4,3.5,149,3,29,10.0,0.0,8.0,72.27,-864,0
36,2,3.5,451,3,54,0.0,5.0,0.0,74.96,-864,0
37,5,3.5,456,2,54,0.0,0.0,0.0,89.7,-864,1
38,4,3.0,43,3,614,3.0,1.0,5.0,39.36,-864,0
39,3,2.5,79,3,124,13.0,0.0,7.0,31.17,-864,0
40,9,4.0,429,3,650,0.0,0.0,5.0,24.68,-864,1
41,4,3.5,124,3,607,11.0,1.0,6.0,74.72,-864,0
42,0,4.0,26,2,611,0.0,0.0,1.0,58.31,-864,0
43,2,3.5,90,3,624,16.0,0.0,8.0,55.28,-864,0
44,1,3.0,1,2,422,18.0,0.0,5.0,31.73,-864,0
45,3,4.0,1460,5,107,21.0,0.0,7.0,77.48,-864,0
46,4,4.0,182,3,64,3.0,0.0,0.0,87.74,-864,0
47,6,3.5,273,4,107,20.0,1.0,1.0,82.62,-864,1
48,3,3.0,70,3,124,5.0,0.0,4.0,60.48,-864,0
49,7,3.5,141,4,82,11.0,0.0,6.0,44.1,-864,1
50,1,4.0,263,3,54,12.0,0.0,14.0,66.91,-864,0
51,6,4.0,247,2,603,20.0,0.0,0.0,84.94,-864,1
52,4,3.5,145,3,607,11.0,0.0,6.0,54.07,-864,0
53,2,4.5,37,2,422,0.0,0.0,1.0,77.93,-864,0
54,5,3.5,143,3,607,6.0,1.0,0.0,79.37,-864,1
55,0,3.5,76,2,64,15.0,0.0,0.0,80.41,-864,0
56,2,3.0,103,2,88,34.0,2.0,10.0,72.53,-864,0
57,1,2.5,21,3,611,5.0,0.0,4.0,77.63,-864,0
58,6,3.0,151,3,88,6.0,0.0,5.0,66.13,-864,1
59,1,2.0,10,3,121,6.0,2.0,4.0,56.01,-864,0
60,4,2.0,10,3,29,3.0,0.0,11.0,27.74,-39,0
61,1,1.5,27,3,611,1.0,1.0,2.0,55.11,-864,0
62,2,3.5,132,3,124,0.0,0.0,1.0,74.96,-864,0
63,3,3.5,132,3,607,5.0,0.0,8.0,31.17,-132,0
64,6,3.5,90,3,607,6.0,1.0,0.0,79.37,-864,1
65,5,3.5,83,3,624,1.0,0.0,4.0,38.83,-864,1
66,1,3.5,531,3,611,1.0,1.0,1.0,74.72,-864,0
67,5,2.5,11,3,88,2.0,0.0,6.0,55.11,-864,1
68,7,3.5,261,3,650,0.0,0.0,5.0,24.68,-864,1
69,5,4.0,17,2,607,5.0,0.0,6.0,60.48,-864,1
70,5,3.5,256,4,107,0.0,0.0,0.0,80.41,-864,1
71,3,4.0,61,4,107,18.0,0.0,1.0,70.78,-864,0
72,11,3.5,315,4,624,5.0,0.0,4.0,58.03,-864,1
73,1,3.5,134,3,611,6.0,0.0,1.0,78.43,-864,0
74,5,3.5,488,3,64,22.0,0.0,5.0,77.66,-864,1
75,4,2.0,8,3,88,11.0,0.0,5.0,58.47,-864,0
76,4,4.0,47,3,64,0.0,0.0,1.0,82.83,-864,0
77,2,2.5,9,3,607,2.0,0.0,0.0,84.94,-864,0
78,6,3.5,21,2,607,13.0,0.0,9.0,31.14,-864,1
79,6,3.0,10,2,64,7.0,0.0,6.0,31.17,-864,1
80,2,3.5,700,3,64,27.0,0.0,11.0,40.82,-864,0
81,2,3.0,28,2,64,8.0,0.0,0.0,86.82,-864,0
82,6,3.5,191,3,607,6.0,0.0,12.0,36.6,-864,1
83,2,3.5,681,3,19,15.0,0.0,11.0,38.51,-864,0
84,1,3.0,34,3,64,9.0,0.0,12.0,29.8,-864,0
85,3,3.0,36,4,124,9.0,0.0,0.0,87.74,-864,0
86,1,2.5,33,2,64,1.0,0.0,0.0,79.37,-864,0
87,5,3.5,388,3,54,9.0,0.0,4.0,66.91,-864,1
88,8,4.0,990,3,82,11.0,1.0,0.0,87.74,-864,1
89,8,4.0,345,3,64,7.0,0.0,6.0,31.17,-864,1
90,1,3.5,236,3,611,0.0,0.0,0.0,30.25,-864,0
91,1,4.0,100,2,611,5.0,0.0,0.0,38.83,-864,0
92,10,4.5,181,3,29,24.0,0.0,4.0,87.74,-864,1
93,10,4.5,181,3,624,7.0,0.0,5.0,24.68,-106,1
94,5,2.5,11,2,603,19.0,1.0,10.0,58.31,-864,1
95,4,4.0,477,2,82,19.0,0.0,6.0,38.29,-864,0
96,4,3.0,872,3,601,20.0,0.0,5.0,38.29,-864,0
97,3,2.5,46,3,603,25.0,1.0,3.0,87.85,-864,0
98,2,2.5,46,3,82,26.0,0.0,12.0,34.34,-120,0
99,2,1.5,9,3,607,6.0,1.0,0.0,79.37,-864,0
100,7,4.0,276,2,26,13.0,1.0,9.0,37.38,-864,1
101,4,3.0,97,5,107,6.0,0.0,4.0,77.63,-864,0
102,1,4.0,233,3,82,10.0,0.0,7.0,69.15,-864,0
103,2,4.0,233,3,107,25.0,0.0,9.0,31.73,-84,0
104,3,4.0,3,3,422,8.0,0.0,12.0,38.51,-864,0
105,5,3.0,60,3,26,13.0,0.0,6.0,69.65,-864,1
106,3,3.5,371,3,64,0.0,0.0,1.0,77.93,-864,0
107,5,3.0,16,3,82,21.0,0.0,4.0,40.82,-864,1
108,7,3.0,213,3,26,19.0,0.0,0.0,84.94,-864,1
109,4,2.5,62,2,64,21.0,0.0,4.0,78.43,-864,0
110,7,3.5,87,3,64,21.0,0.0,4.0,78.43,-864,1
111,2,3.0,15,3,88,12.0,2.0,2.0,80.41,-864,0
112,6,3.0,15,3,54,4.0,0.0,9.0,26.08,-100,1
113,5,2.5,7,3,26,0.0,2.0,0.0,83.68,-864,1
114,2,3.0,36,3,124,0.0,3.0,0.0,77.93,-864,0
115,4,3.0,36,3,107,7.0,0.0,6.0,38.29,-138,0
116,4,3.0,146,3,88,11.0,0.0,7.0,83.04,-864,0
117,5,3.5,66,3,82,12.0,0.0,3.0,60.48,-864,1
118,5,3.5,66,3,82,9.0,0.0,12.0,29.11,-31,1
119,1,3.5,66,2,87,24.0,0.0,8.0,31.14,-13,0
120,2,3.0,37,3,82,10.0,0.0,5.0,37.38,-864,0
121,1,4.0,109,3,88,0.0,0.0,0.0,87.85,-864,0
122,2,3.0,54,3,29,7.0,0.0,11.0,54.35,-864,0
123,6,3.0,41,2,624,18.0,0.0,2.0,60.79,-864,1
124,0,4.0,92,3,54,0.0,3.0,1.0,86.9,-864,0
125,2,5.0,1,3,82,21.0,0.0,7.0,66.13,-864,0
126,1,3.5,148,5,82,18.0,0.0,7.0,55.11,-864,0
127,2,3.5,148,5,54,35.0,1.0,6.0,31.17,-61,0
128,6,4.0,213,3,54,9.0,0.0,12.0,38.29,-864,1
129,2,3.5,28,2,603,15.0,0.0,7.0,60.48,-864,0
130,6,3.5,291,3,607,6.0,0.0,11.0,36.36,-864,1
131,2,3.5,220,3,422,19.0,2.0,7.0,34.34,-864,0
132,4,3.5,310,4,107,5.0,0.0,0.0,80.98,-864,0
133,5,3.5,341,3,82,17.0,0.0,1.0,80.98,-864,1
134,4,3.5,38,3,607,2.0,1.0,4.0,69.36,-864,0
135,4,3.0,55,3,64,15.0,0.0,5.0,43.13,-864,0
136,2,3.5,62,3,64,7.0,0.0,4.0,78.43,-864,0
137,7,3.5,627,3,19,15.0,0.0,4.0,52.13,-864,1
138,3,4.0,223,3,88,10.0,0.0,9.0,66.89,-864,0
139,2,4.5,88,3,624,7.0,0.0,6.0,55.28,-864,0
140,4,3.5,19,2,29,3.0,0.0,2.0,38.69,-864,0
141,7,3.5,146,3,54,0.0,3.0,0.0,77.18,-864,1
142,6,3.5,329,3,26,20.0,0.0,12.0,55.11,-864,1
143,3,4.0,171,3,29,3.0,0.0,8.0,64.85,-864,0
144,7,4.0,498,3,26,0.0,0.0,1.0,77.93,-864,1
145,3,3.5,9,2,603,16.0,0.0,19.0,34.22,-864,0
146,1,4.0,30,2,107,25.0,0.0,8.0,55.28,-864,0
147,6,3.5,217,3,422,32.0,0.0,8.0,36.6,-864,1
148,13,2.5,69,3,19,4.0,0.0,8.0,68.19,-864,1
149,2,4.0,29,3,51,0.0,2.0,1.0,74.96,-864,0
150,5,4.0,273,2,607,10.0,0.0,6.0,77.63,-864,1
151,4,3.0,85,3,611,6.0,0.0,1.0,51.16,-864,0
152,1,3.5,494,2,422,16.0,0.0,17.0,39.91,-864,0
153,3,3.5,6,3,107,3.0,0.0,6.0,56.01,-864,0
154,3,4.0,31,3,51,7.0,4.0,0.0,79.37,-864,0
155,4,3.0,476,3,82,13.0,0.0,6.0,78.43,-864,0
156,3,3.5,593,3,82,16.0,0.0,5.0,61.44,-864,0
157,3,4.0,81,3,51,14.0,0.0,8.0,69.8,-864,0
158,2,3.5,435,3,422,27.0,1.0,7.0,66.89,-864,0
159,1,1.5,3,3,29,2.0,0.0,0.0,66.88,-864,0
160,2,3.5,70,3,607,4.0,0.0,7.0,27.74,-864,0
161,2,3.0,161,2,603,3.0,1.0,0.0,79.46,-864,0
162,1,3.5,41,3,88,11.0,0.0,3.0,86.69,-864,0
163,2,3.5,41,3,54,7.0,0.0,7.0,36.27,-111,0
164,8,4.0,257,3,603,22.0,0.0,8.0,31.73,-864,1
165,0,4.0,100,5,107,0.0,0.0,1.0,73.83,-864,0
166,0,4.0,100,5,624,6.0,0.0,6.0,45.71,-102,0
167,0,4.0,100,4,624,6.0,0.0,6.0,45.71,0,0
168,2,3.0,164,3,124,29.0,0.0,12.0,78.32,-864,0
169,5,3.5,102,3,607,12.0,0.0,10.0,31.14,-864,1
170,5,3.5,213,3,64,14.0,1.0,15.0,62.6,-864,1
171,3,4.0,65,2,422,4.0,0.0,1.0,58.47,-864,0
172,6,3.5,949,3,603,14.0,0.0,14.0,72.53,-864,1
173,5,3.0,511,3,82,8.0,0.0,5.0,52.13,-864,1
174,2,3.0,203,3,29,1.0,0.0,8.0,55.11,-864,0
175,4,3.0,20,5,59,3.0,0.0,1.0,86.82,-864,0
176,2,3.5,1231,3,124,16.0,0.0,9.0,55.11,-864,0
177,5,4.0,848,3,54,13.0,2.0,5.0,80.41,-864,1
178,3,4.5,426,2,603,13.0,0.0,9.0,77.63,-864,0
179,5,3.5,30,3,607,18.0,0.0,9.0,78.32,-864,1
180,2,3.0,424,3,54,0.0,5.0,0.0,74.96,-864,0
181,4,3.5,136,4,64,4.0,0.0,2.0,27.74,-864,0
182,7,2.0,55,3,82,18.0,0.0,3.0,62.6,-864,1
183,3,3.5,92,4,88,18.0,2.0,0.0,70.78,-864,0
184,2,3.5,92,4,603,4.0,0.0,9.0,24.68,-111,0
185,8,3.0,166,3,607,6.0,0.0,10.0,29.8,-864,1
186,3,4.5,19,3,51,2.0,1.0,2.0,66.13,-864,0
187,7,3.5,118,5,54,6.0,1.0,13.0,39.2,-864,1
188,2,3.5,66,3,88,16.0,1.0,0.0,75.16,-864,0
189,5,3.5,73,3,603,15.0,0.0,3.0,75.62,-864,1
190,6,5.0,1,2,603,0.0,1.0,1.0,73.83,-864,1
191,4,4.5,3,2,624,7.0,0.0,4.0,39.91,-864,0
192,2,2.5,16,3,64,7.0,0.0,1.0,84.14,-864,0
193,6,3.5,279,3,607,6.0,0.0,12.0,36.6,-864,1
194,4,3.5,200,3,82,22.0,1.0,1.0,82.62,-864,0
195,7,4.0,31,3,54,5.0,0.0,0.0,70.78,-864,1
196,1,2.5,2,2,607,1.0,0.0,2.0,80.41,-864,0
197,6,3.5,36,3,29,7.0,0.0,1.0,79.37,-864,1
198,2,2.5,131,3,624,24.0,0.0,5.0,66.89,-864,0
199,6,4.0,543,4,19,12.0,0.0,3.0,60.48,-864,1
200,9,3.0,19,3,624,9.0,0.0,13.0,31.3,-864,1
201,6,3.5,365,3,107,7.0,0.0,6.0,38.29,-864,1
202,2,3.5,10,3,611,5.0,0.0,4.0,77.63,-864,0
203,3,4.0,68,3,64,8.0,0.0,10.0,54.07,-864,0
204,3,2.5,48,3,422,24.0,1.0,10.0,69.71,-864,0
205,1,4.0,83,2,54,15.0,0.0,9.0,63.26,-864,0
206,8,4.5,3,2,422,28.0,0.0,11.0,68.24,-864,1
207,7,4.5,3,2,29,28.0,0.0,11.0,49.6,-336,1
208,10,4.5,3,2,82,15.0,0.0,6.0,81.03,-184,1
209,12,3.5,28,3,87,15.0,0.0,13.0,76.74,-344,1
210,4,3.5,28,3,124,14.0,0.0,9.0,53.98,-204,0
211,11,3.5,28,2,89,4.0,0.0,9.0,70.0,-216,1
212,22,3.0,162,3,89,13.0,0.0,8.0,95.55,-864,1
213,4,3.0,162,3,124,8.0,0.0,11.0,48.06,-151,0
214,8,3.0,162,3,624,6.0,0.0,3.0,80.96,-149,1
215,3,3.0,162,3,612,3.0,0.0,3.0,95.66,-422,0
216,4,3.0,123,3,29,3.0,0.0,7.0,76.42,-864,0
217,0,3.0,123,3,54,2.0,0.0,1.0,81.94,-379,0
218,1,3.0,123,3,612,2.0,0.0,0.0,27.64,-245,0
219,2,3.0,123,3,64,1.0,0.0,2.0,86.96,-163,0
220,6,4.0,1029,4,603,31.0,0.0,6.0,37.31,-864,1
221,5,4.0,1029,4,422,35.0,0.0,11.0,86.29,-150,1
222,3,4.0,454,3,82,16.0,0.0,12.0,61.73,-864,0
223,1,4.0,454,3,124,12.0,0.0,12.0,70.75,-195,0
224,4,4.0,454,3,107,11.0,0.0,5.0,55.42,-174,0
225,1,4.0,454,3,422,6.0,0.0,10.0,26.38,-295,0
226,2,3.0,214,3,54,37.0,0.0,3.0,92.68,-864,0
227,2,4.0,72,2,611,20.0,0.0,9.0,53.56,-864,0
228,4,4.0,72,2,607,4.0,0.0,3.0,53.44,-257,0
229,1,4.0,72,2,88,13.0,0.0,13.0,56.14,-111,0
230,3,4.0,72,2,54,15.0,0.0,9.0,79.37,-155,0
231,2,4.0,72,2,54,26.0,0.0,6.0,76.92,-288,0
232,3,4.5,52,3,422,22.0,0.0,8.0,78.54,-272,0
233,10,4.0,184,2,607,7.0,0.0,5.0,85.49,-864,1
234,3,4.5,34,3,29,8.0,0.0,12.0,87.12,-864,0
235,4,3.0,258,3,82,10.0,0.0,3.0,71.67,-128,0
236,12,3.0,258,3,89,5.0,0.0,3.0,68.59,-203,1
237,5,3.0,258,3,26,5.0,0.0,3.0,79.42,-192,1
238,2,3.5,39,1,82,8.0,0.0,9.0,81.01,-864,0
239,3,3.0,149,2,59,3.0,0.0,2.0,51.42,-533,0
240,4,3.0,149,2,64,2.0,0.0,0.0,86.79,-463,0
241,2,4.0,274,3,107,19.0,0.0,5.0,69.05,-864,0
242,4,3.5,255,3,603,13.0,0.0,8.0,80.48,-864,0
243,1,3.5,255,3,611,13.0,0.0,6.0,34.75,-183,0
244,13,3.5,255,3,89,21.0,0.0,14.0,78.79,-213,1
245,4,3.0,192,3,624,5.0,0.0,3.0,76.88,-864,0
246,2,3.0,192,3,54,3.0,0.0,2.0,59.5,-208,0
247,5,3.0,192,3,54,0.0,0.0,4.0,78.6,-176,1
248,6,3.0,192,3,64,3.0,0.0,0.0,68.18,-335,1
249,8,3.0,207,2,607,21.0,0.0,9.0,95.55,-864,1
250,5,3.0,207,2,88,21.0,0.0,9.0,46.9,-245,1
251,2,3.0,207,2,107,19.0,0.0,11.0,93.05,-484,0
252,7,2.5,456,3,607,33.0,0.0,10.0,87.32,-235,1
253,3,2.5,456,3,54,15.0,0.0,11.0,28.27,-136,0
254,10,2.5,456,3,121,27.0,0.0,8.0,86.91,-169,1
255,3,2.5,82,2,54,38.0,0.0,6.0,67.33,-864,0
256,3,3.5,129,3,607,31.0,0.0,7.0,91.68,-241,0
257,5,3.5,129,3,82,17.0,0.0,6.0,39.76,-144,1
258,10,3.5,129,3,650,29.0,0.0,7.0,81.94,-135,1
259,7,4.0,1,2,29,24.0,0.0,10.0,84.36,-864,1
260,3,4.0,1,2,29,26.0,0.0,7.0,73.01,-226,0
261,4,2.5,165,3,29,3.0,0.0,2.0,74.65,-864,0
262,6,2.5,165,3,54,5.0,0.0,2.0,80.96,-358,1
263,4,2.5,165,3,612,2.0,0.0,1.0,41.44,-222,0
264,2,3.5,303,2,54,29.0,0.0,6.0,91.68,-864,0
265,3,3.5,303,2,54,10.0,0.0,16.0,62.95,-446,0
266,3,4.5,6,1,51,11.0,0.0,3.0,87.92,-864,0
267,9,2.5,20,3,26,7.0,0.0,9.0,53.98,-864,1
268,3,2.5,20,3,124,8.0,0.0,3.0,63.76,-229,0
269,3,2.5,20,3,612,8.0,0.0,2.0,75.01,-183,0
270,3,3.5,22,3,611,12.0,0.0,3.0,75.07,-473,0
271,1,3.5,22,3,611,5.0,0.0,5.0,66.01,-151,0
272,2,3.5,22,3,612,10.0,0.0,1.0,64.2,-181,0
273,3,3.5,22,3,612,8.0,0.0,1.0,92.71,-126,0
274,5,3.5,110,3,82,20.0,0.0,5.0,47.94,-864,1
275,10,3.5,110,3,87,10.0,0.0,6.0,84.36,-214,1
276,12,3.5,110,3,89,19.0,0.0,9.0,66.76,-401,1
277,6,3.5,110,3,624,12.0,0.0,6.0,59.42,-146,1
278,2,4.5,1612,4,607,21.0,0.0,9.0,79.23,-182,0
279,5,4.5,1612,4,607,13.0,0.0,9.0,66.93,-173,1
280,8,3.5,261,3,607,8.0,0.0,1.0,87.32,-246,1
281,5,3.5,261,3,59,9.0,0.0,2.0,80.96,-222,1
282,8,3.5,28,3,29,22.0,0.0,9.0,64.13,-864,1
283,5,3.5,28,3,29,26.0,0.0,7.0,73.01,-196,1
284,2,4.0,140,2,54,2.0,0.0,1.0,62.74,-864,0
285,6,3.5,371,3,64,3.0,0.0,1.0,79.73,-864,1
286,2,3.5,372,2,26,20.0,0.0,6.0,80.77,-616,0
287,7,3.0,96,3,26,9.0,0.0,5.0,68.68,-385,1
288,4,3.0,96,3,107,9.0,0.0,6.0,33.25,-433,0
289,2,3.0,96,3,59,6.0,0.0,5.0,90.67,-219,0
290,3,4.0,117,4,107,8.0,0.0,8.0,59.45,-864,0
291,4,4.0,44,3,607,21.0,0.0,11.0,74.96,-201,0
292,2,4.0,44,3,29,18.0,0.0,3.0,88.61,-125,0
293,3,3.0,74,3,107,3.0,0.0,4.0,54.04,-864,0
294,2,3.0,74,3,612,1.0,0.0,1.0,84.32,-161,0
295,3,3.0,74,3,88,3.0,0.0,0.0,47.38,-212,0
296,6,3.5,196,3,607,14.0,0.0,9.0,87.32,-864,1
297,9,3.5,196,3,64,17.0,0.0,6.0,52.05,-461,1
298,11,3.5,41,3,59,9.0,1.0,7.0,75.62,-864,1
299,4,3.5,41,3,107,7.0,0.0,3.0,81.18,-134,0
300,6,3.5,41,3,422,12.0,0.0,1.0,81.61,-268,1
301,5,3.5,41,3,611,6.0,0.0,2.0,50.33,-218,1
302,5,3.5,423,3,124,13.0,0.0,13.0,32.67,-864,1
303,5,3.5,423,3,611,17.0,0.0,7.0,68.99,-415,1
304,6,4.5,60,2,624,4.0,0.0,6.0,85.75,-864,1
305,1,4.5,60,2,26,6.0,0.0,1.0,28.76,-197,0
306,1,4.5,60,2,422,7.0,0.0,2.0,93.54,-190,0
307,5,4.5,60,2,603,2.0,0.0,2.0,26.38,-200,1
308,8,4.0,238,3,607,16.0,0.0,11.0,77.22,-322,1
309,2,4.0,238,3,54,14.0,0.0,7.0,49.6,-189,0
310,6,3.5,47,3,607,5.0,0.0,4.0,30.52,-864,1
311,5,3.5,47,3,603,2.0,0.0,3.0,67.19,-257,1
312,6,4.0,23,3,603,25.0,0.0,9.0,35.34,-508,1
313,4,4.0,23,3,82,28.0,0.0,13.0,64.59,-287,0
314,3,4.0,23,3,59,19.0,0.0,12.0,87.92,-208,0
315,6,2.5,3,4,64,12.0,0.0,2.0,54.04,-864,1
316,4,2.5,3,4,26,10.0,0.0,4.0,81.03,-550,0
317,3,2.5,3,4,124,4.0,0.0,0.0,59.42,-194,0
318,2,3.5,80,3,607,4.0,0.0,2.0,52.15,-118,0
319,0,3.0,16,3,64,12.0,0.0,7.0,73.05,-864,0
320,2,3.0,16,3,87,10.0,0.0,6.0,81.61,-124,0
321,2,3.0,16,3,87,15.0,0.0,9.0,84.74,-15,0
322,8,3.0,16,3,624,16.0,0.0,5.0,39.76,-123,1
323,6,3.0,16,3,624,14.0,0.0,6.0,39.72,-3,1
324,0,3.0,16,3,54,19.0,0.0,7.0,82.17,-202,0
325,0,3.0,16,3,26,19.0,0.0,6.0,81.24,-35,0
326,1,3.0,16,3,422,11.0,0.0,6.0,72.9,-238,0
327,9,3.0,23,3,603,10.0,0.0,5.0,35.69,-412,1
328,4,3.0,23,3,603,5.0,0.0,5.0,81.03,-205,0
329,3,3.0,23,3,89,9.0,0.0,10.0,69.14,-47,0
330,9,3.0,23,3,624,8.0,0.0,5.0,32.68,-76,1
331,1,3.0,23,3,16,9.0,0.0,4.0,45.91,-55,0
332,2,3.0,23,3,612,12.0,0.0,6.0,68.18,-35,0
333,1,3.0,17,3,89,5.0,0.0,7.0,53.44,-335,0
334,4,3.0,17,3,87,10.0,0.0,5.0,91.58,-184,0
335,4,3.0,17,3,89,5.0,0.0,14.0,41.42,-202,0
336,3,3.0,17,3,422,14.0,0.0,4.0,75.71,-140,0
337,1,5.0,1,2,88,19.0,0.0,5.0,98.52,-864,0
338,2,5.0,1,2,29,17.0,1.0,7.0,32.48,-180,0
339,2,5.0,1,2,54,11.0,0.0,9.0,72.93,-280,0
340,1,3.0,27,3,88,20.0,0.0,11.0,84.55,-266,0
341,3,3.0,27,3,88,22.0,0.0,12.0,84.55,0,0
342,3,3.0,27,3,88,23.0,0.0,14.0,84.08,-29,0
343,5,3.0,27,3,89,13.0,0.0,8.0,67.55,-42,1
344,2,3.0,27,3,607,23.0,0.0,9.0,39.76,-82,0
345,3,3.0,27,3,29,15.0,0.0,4.0,35.26,-42,0
346,4,3.0,27,3,29,23.0,0.0,8.0,42.74,-4,0
347,1,3.0,27,3,29,23.0,0.0,5.0,46.9,-6,0
348,10,3.0,27,3,624,15.0,0.0,6.0,58.48,-42,1
349,5,3.0,27,3,89,11.0,0.0,9.0,94.55,-103,1
350,1,3.0,27,3,82,13.0,0.0,8.0,65.8,-73,0
351,1,3.0,27,3,422,9.0,0.0,8.0,63.76,-31,0
352,0,3.0,27,3,54,21.0,0.0,10.0,75.01,-183,0
353,2,3.0,27,3,624,22.0,0.0,10.0,74.06,-1,0
354,4,3.0,27,3,624,22.0,0.0,10.0,74.06,0,0
355,2,3.0,27,3,422,6.0,0.0,10.0,88.84,-5,0
356,0,3.5,41,2,422,24.0,0.0,14.0,64.47,-180,0
357,2,3.5,41,2,607,18.0,0.0,12.0,75.95,-171,0
358,4,3.5,41,3,87,25.0,0.0,4.0,68.87,-15,0
359,1,3.5,41,2,29,32.0,0.0,9.0,47.89,-154,0
360,3,3.5,41,2,29,28.0,0.0,11.0,51.68,-13,0
361,3,3.5,41,2,59,18.0,0.0,11.0,43.31,-334,0
362,1,3.5,41,2,107,16.0,0.0,17.0,78.2,-64,0
363,1,3.5,41,3,124,15.0,0.0,11.0,83.18,-9,0
364,1,3.5,41,3,603,25.0,0.0,13.0,77.23,-3,0
365,5,2.5,36,3,19,19.0,0.0,3.0,27.17,-864,1
366,4,2.5,36,3,107,6.0,0.0,5.0,48.06,-299,0
367,4,2.5,36,3,87,8.0,0.0,0.0,81.94,-177,0
368,2,2.5,36,3,26,11.0,0.0,3.0,35.49,-210,0
369,3,2.5,36,3,124,19.0,0.0,3.0,64.2,-99,0
370,3,2.5,36,3,612,16.0,0.0,2.0,91.89,-113,0
371,8,2.5,263,3,624,8.0,0.0,1.0,86.3,-864,1
372,9,2.5,263,3,107,16.0,0.0,10.0,33.95,-121,1
373,12,2.5,263,3,89,18.0,0.0,4.0,91.95,-191,1
374,2,2.5,263,3,59,15.0,0.0,2.0,59.12,-238,0
375,5,2.5,73,2,422,6.0,0.0,12.0,52.15,-864,1
376,6,3.0,50,2,607,34.0,0.0,15.0,87.32,-864,1
377,5,3.0,50,2,29,31.0,0.0,21.0,56.4,-220,1
378,3,2.5,11,3,611,19.0,0.0,14.0,75.62,-864,0
379,3,2.5,11,3,54,16.0,0.0,7.0,74.09,-168,0
380,4,2.5,11,3,612,23.0,0.0,8.0,79.92,-311,0
381,12,2.5,11,3,603,24.0,0.0,2.0,31.78,-160,1
382,4,3.5,459,3,54,12.0,0.0,17.0,35.62,-864,0
383,4,3.5,289,5,422,37.0,0.0,15.0,47.38,-864,0
384,1,4.5,164,3,611,16.0,0.0,9.0,72.42,-864,0
385,7,4.0,233,2,422,23.0,0.0,12.0,30.52,-864,1
386,9,4.0,233,2,82,17.0,1.0,11.0,49.06,-286,1
387,4,3.0,79,3,603,15.0,0.0,5.0,47.94,-864,0
388,1,3.0,79,3,64,8.0,0.0,7.0,84.81,-553,0
389,2,3.0,79,3,107,10.0,0.0,3.0,45.4,-124,0
390,4,3.5,11,3,121,30.0,0.0,10.0,79.63,-864,0
391,5,3.5,11,3,29,24.0,0.0,15.0,51.42,-160,1
392,3,3.5,11,3,54,6.0,0.0,12.0,69.14,-232,0
393,12,3.5,514,3,89,16.0,0.0,10.0,87.32,-211,1
394,1,3.5,514,3,124,10.0,0.0,9.0,28.61,-131,0
395,1,3.5,514,3,26,14.0,0.0,6.0,86.91,-174,0
396,13,3.5,514,3,87,9.0,0.0,8.0,61.82,-148,1
397,3,3.5,241,3,422,11.0,0.0,4.0,71.67,-864,0
398,7,3.5,241,3,29,12.0,0.0,9.0,23.97,-306,1
399,5,3.0,108,2,82,25.0,0.0,9.0,82.85,-864,1
400,5,3.0,108,2,121,19.0,0.0,8.0,91.95,-301,1
401,7,3.5,179,3,607,17.0,0.0,8.0,67.85,-392,1
402,3,4.0,82,3,624,2.0,0.0,5.0,62.33,-864,0
403,3,3.5,416,3,422,24.0,0.0,12.0,72.42,-588,0
404,4,3.5,416,3,26,20.0,0.0,7.0,39.07,-312,0
405,3,4.0,805,3,107,19.0,0.0,8.0,74.62,-864,0
406,3,4.0,805,3,612,25.0,0.0,13.0,86.29,-433,0
407,0,4.0,58,3,61,10.0,0.0,3.0,87.97,-864,0
408,4,3.5,9,2,89,4.0,0.0,6.0,85.75,-175,0
409,1,3.5,9,2,124,6.0,0.0,3.0,67.85,-148,0
410,0,3.5,9,2,26,6.0,0.0,2.0,36.15,-106,0
411,3,3.5,107,3,64,8.0,0.0,6.0,85.49,-864,0
412,3,3.5,107,3,64,11.0,0.0,5.0,91.58,-367,0
413,5,3.5,333,3,107,10.0,0.0,8.0,52.05,-784,1
414,3,3.5,333,3,107,7.0,0.0,8.0,68.18,-144,0
415,4,4.0,260,3,82,25.0,0.0,7.0,98.6,-864,0
416,4,4.0,260,3,607,12.0,0.0,11.0,31.85,-162,0
417,8,4.0,260,3,82,29.0,0.0,7.0,80.41,-132,1
418,9,4.0,260,3,82,17.0,0.0,5.0,71.81,-169,1
419,3,3.5,821,3,124,13.0,1.0,7.0,65.7,-281,0
420,5,3.5,821,3,107,11.0,0.0,5.0,51.06,-151,1
421,5,3.0,40,2,64,12.0,0.0,1.0,28.61,-864,1
422,3,3.0,40,2,603,8.0,0.0,1.0,71.96,-597,0
423,7,3.5,3144,3,607,32.0,0.0,6.0,91.68,-279,1
424,4,3.5,3144,3,59,14.0,0.0,13.0,28.27,-130,0
425,4,3.5,3144,3,59,41.0,0.0,7.0,86.46,-170,0
426,0,3.5,3144,3,54,25.0,0.0,11.0,86.3,-336,0
427,3,4.0,35,3,124,13.0,0.0,4.0,28.09,-864,0
428,1,3.0,40,3,26,2.0,0.0,0.0,39.76,-864,0
429,3,3.0,40,3,422,7.0,0.0,3.0,81.02,-118,0
430,4,3.0,40,3,624,11.0,0.0,0.0,30.85,-231,0
431,5,3.0,469,2,88,12.0,0.0,12.0,84.36,-864,1
432,3,3.0,469,2,82,22.0,0.0,3.0,79.32,-220,0
433,5,3.5,365,3,603,28.0,0.0,13.0,77.77,-140,1
434,8,3.5,365,3,624,23.0,0.0,10.0,24.12,-281,1
435,3,3.5,365,3,26,26.0,0.0,9.0,80.52,-133,0
436,11,3.5,365,3,89,25.0,0.0,9.0,63.76,-136,1
437,4,3.5,365,3,59,14.0,0.0,15.0,93.05,-235,0
438,8,3.5,149,3,603,9.0,0.0,4.0,86.56,-295,1
439,4,3.5,456,2,422,19.0,0.0,7.0,87.32,-357,0
440,9,3.5,456,2,624,18.0,0.0,10.0,81.24,-390,1
441,2,3.5,456,2,611,12.0,0.0,13.0,41.35,-189,0
442,1,3.0,43,3,611,7.0,0.0,3.0,78.51,-526,0
443,2,3.0,43,3,611,5.0,0.0,4.0,86.3,-365,0
444,2,2.5,79,3,107,18.0,0.0,3.0,85.77,-150,0
445,4,2.5,79,3,87,8.0,0.0,5.0,24.12,-246,0
446,10,2.5,79,3,89,11.0,0.0,3.0,86.76,-220,1
447,2,2.5,79,3,59,5.0,0.0,5.0,46.03,-169,0
448,9,2.5,79,3,650,10.0,0.0,1.0,91.09,-150,1
449,5,4.0,872,3,422,18.0,0.0,8.0,72.57,-864,1
450,4,2.0,50,3,107,16.0,0.0,7.0,73.65,-864,0
451,7,2.5,296,3,607,21.0,0.0,6.0,88.61,-864,1
452,9,2.5,296,3,121,23.0,0.0,8.0,87.22,-323,1
453,4,4.0,233,2,64,17.0,0.0,13.0,94.98,-864,0
454,1,4.0,429,3,611,7.0,0.0,15.0,79.23,-127,0
455,9,4.0,429,3,26,7.0,0.0,4.0,48.25,-202,1
456,3,3.5,279,4,64,22.0,0.0,4.0,48.21,-864,0
457,5,3.5,279,4,107,13.0,0.0,3.0,24.95,-689,1
458,4,3.5,279,4,124,13.0,0.0,10.0,93.05,-165,0
459,2,3.0,257,4,422,8.0,0.0,11.0,65.88,-864,0
460,4,3.0,257,4,64,4.0,0.0,2.0,55.82,-220,0
461,9,3.0,257,4,82,6.0,0.0,0.0,70.94,-342,1
462,3,3.5,124,3,26,4.0,0.0,4.0,59.5,-406,0
463,7,3.5,124,3,624,8.0,0.0,4.0,79.32,-165,1
464,2,3.5,124,3,422,4.0,0.0,10.0,42.2,-222,0
465,7,4.0,26,2,607,0.0,0.0,1.0,33.95,-439,1
466,7,4.0,1332,2,29,13.0,0.0,6.0,49.06,-864,1
467,3,4.0,1332,2,107,15.0,0.0,10.0,84.5,-587,0
468,5,3.5,370,2,16,22.0,0.0,8.0,38.04,-864,1
469,6,3.5,90,3,29,20.0,0.0,11.0,37.97,-458,1
470,5,3.5,90,3,624,17.0,0.0,10.0,75.01,-446,1
471,1,3.5,45,2,29,4.0,0.0,3.0,73.76,-864,0
472,2,3.5,45,2,29,1.0,0.0,2.0,35.63,-251,0
473,3,3.5,45,2,64,3.0,0.0,2.0,43.31,-393,0
474,3,4.0,550,3,54,18.0,0.0,11.0,86.06,-864,0
475,5,4.0,550,3,54,32.0,0.0,5.0,77.55,-386,1
476,5,4.0,550,3,82,10.0,0.0,16.0,70.0,-124,1
477,6,4.0,149,3,624,1.0,0.0,2.0,68.24,-864,1
478,3,4.0,149,3,612,1.0,0.0,2.0,91.84,-133,0
479,5,4.0,149,3,88,3.0,0.0,0.0,47.38,-210,1
480,7,4.0,149,3,624,0.0,0.0,1.0,76.45,-446,1
481,6,4.0,1460,4,59,17.0,1.0,9.0,83.26,-682,1
482,3,4.0,182,3,64,8.0,0.0,5.0,72.42,-565,0
483,4,3.5,273,3,54,11.0,1.0,7.0,82.27,-346,0
484,7,3.5,273,4,29,25.0,0.0,8.0,34.75,-180,1
485,5,3.5,273,3,107,18.0,0.0,7.0,86.91,-111,1
486,4,3.5,273,4,107,20.0,0.0,7.0,78.6,-361,0
487,3,3.5,521,3,88,29.0,1.0,10.0,94.05,-864,0
488,8,3.5,521,3,82,15.0,0.0,6.0,81.03,-421,1
489,2,3.5,585,3,422,9.0,0.0,2.0,74.62,-864,0
490,10,3.5,585,3,603,8.0,0.0,1.0,71.96,-844,1
491,5,3.5,129,3,54,23.0,0.0,12.0,85.48,-864,1
492,3,3.0,70,3,124,13.0,0.0,11.0,58.77,-123,0
493,6,3.0,70,3,89,8.0,0.0,7.0,46.84,-259,1
494,4,3.0,70,3,89,14.0,0.0,5.0,78.71,-283,0
495,3,3.0,70,3,422,7.0,0.0,12.0,87.92,-270,0
496,2,4.0,53,2,611,5.0,0.0,6.0,85.47,-864,0
497,7,4.0,53,2,89,10.0,0.0,8.0,27.74,-186,1
498,4,4.0,53,2,51,9.0,0.0,4.0,33.25,-385,0
499,2,3.5,172,3,54,27.0,0.0,8.0,97.94,-864,0
500,5,3.5,172,3,121,34.0,0.0,10.0,79.06,-423,1
501,4,3.5,131,5,650,15.0,0.0,14.0,92.63,-864,0
502,1,3.5,131,5,82,17.0,0.0,10.0,70.16,-420,0
503,2,3.5,131,5,107,15.0,0.0,5.0,90.67,-336,0
504,6,4.0,634,2,88,20.0,0.0,8.0,84.74,-864,1
505,5,4.0,634,2,29,28.0,0.0,7.0,34.23,-168,1
506,7,4.0,634,2,16,18.0,0.0,4.0,42.4,-361,1
507,4,3.5,141,4,124,9.0,0.0,12.0,73.24,-164,0
508,7,4.0,263,3,422,5.0,0.0,9.0,80.78,-335,1
509,0,4.0,263,3,611,22.0,0.0,7.0,67.78,-198,0
510,1,4.0,263,3,612,12.0,0.0,15.0,69.05,-361,0
511,6,4.0,247,2,121,9.0,0.0,7.0,81.36,-362,1
512,5,3.5,307,3,607,23.0,0.0,12.0,79.84,-864,1
513,7,3.5,145,3,82,15.0,0.0,13.0,62.09,-113,1
514,4,3.5,145,3,422,14.0,0.0,5.0,90.2,-477,0
515,1,2.5,45,3,607,25.0,0.0,5.0,88.61,-864,0
516,5,2.5,45,3,82,38.0,0.0,14.0,79.39,-296,1
517,3,3.0,182,3,54,21.0,0.0,3.0,88.44,-864,0
518,2,3.0,182,3,59,13.0,0.0,2.0,39.76,-221,0
519,5,3.0,64,3,624,2.0,0.0,2.0,74.61,-864,1
520,2,3.0,64,3,612,2.0,0.0,3.0,89.37,-127,0
521,1,3.0,64,3,54,1.0,0.0,1.0,50.42,-217,0
522,2,3.0,64,3,612,2.0,0.0,2.0,92.77,-110,0
523,3,4.0,190,3,54,0.0,0.0,6.0,74.86,-864,0
524,6,4.0,190,3,64,8.0,0.0,1.0,92.06,-400,1
525,6,4.0,190,3,59,4.0,0.0,1.0,78.28,-432,1
526,2,3.5,36,3,54,5.0,0.0,6.0,85.75,-864,0
527,10,3.5,143,3,89,5.0,0.0,9.0,89.07,-258,1
528,3,3.5,143,3,26,6.0,0.0,2.0,35.69,-253,0
529,4,4.0,241,4,124,8.0,0.0,4.0,35.76,-864,0
530,5,4.0,241,4,19,5.0,0.0,10.0,89.07,-132,1
531,4,3.5,76,2,87,17.0,0.0,9.0,24.73,-507,0
532,6,3.5,76,2,124,14.0,0.0,8.0,77.27,-236,1
533,3,3.5,76,2,422,22.0,0.0,6.0,83.1,-198,0
534,1,3.0,47,3,422,3.0,0.0,4.0,74.61,-864,0
535,4,3.0,47,3,64,4.0,0.0,1.0,92.06,-413,0
536,3,3.0,47,3,64,1.0,0.0,1.0,44.16,-189,0
537,3,3.0,47,3,64,3.0,0.0,3.0,60.02,-110,0
538,2,3.0,103,2,54,22.0,0.0,11.0,86.56,-294,0
539,5,3.0,103,2,89,11.0,0.0,14.0,68.28,-453,1
540,1,3.0,103,2,603,25.0,0.0,14.0,73.65,-281,0
541,7,3.5,150,3,607,19.0,0.0,12.0,87.78,-864,1
542,2,4.0,165,3,607,15.0,0.0,11.0,88.61,-864,0
543,3,2.5,21,3,82,5.0,0.0,4.0,78.88,-215,0
544,1,2.5,21,3,64,5.0,0.0,1.0,72.82,-156,0
545,6,3.0,151,3,82,8.0,0.0,12.0,57.69,-140,1
546,0,3.0,151,3,124,4.0,0.0,6.0,66.54,-219,0
547,0,4.5,2,2,82,12.0,0.0,7.0,86.3,-864,0
548,1,4.5,2,2,29,18.0,0.0,8.0,72.42,-196,0
549,2,4.5,2,2,54,23.0,0.0,4.0,79.73,-415,0
550,1,2.0,10,3,422,14.0,0.0,8.0,73.08,-269,0
551,3,2.0,10,3,26,7.0,0.0,8.0,34.75,-151,0
552,3,2.0,10,3,422,7.0,0.0,5.0,50.14,-282,0
553,2,1.5,27,3,54,1.0,0.0,3.0,84.08,-301,0
554,3,1.5,27,3,54,6.0,0.0,2.0,85.14,-281,0
555,3,1.5,27,3,624,2.0,0.0,1.0,78.61,-316,0
556,2,3.5,70,3,107,3.0,0.0,6.0,51.6,-864,0
557,3,3.0,155,4,124,15.0,0.0,7.0,79.73,-864,0
558,8,3.5,132,3,89,11.0,0.0,5.0,89.93,-186,1
559,3,3.5,132,3,107,3.0,0.0,1.0,30.67,-202,0
560,5,3.5,132,3,624,4.0,0.0,4.0,86.46,-132,1
561,2,3.5,132,3,124,9.0,0.0,5.0,66.01,-107,0
562,2,3.5,132,3,611,6.0,0.0,5.0,40.97,-152,0
563,3,3.5,90,3,54,4.0,0.0,9.0,89.07,-258,0
564,3,3.5,90,3,107,1.0,0.0,7.0,85.48,-57,0
565,4,4.0,172,3,29,3.0,0.0,1.0,75.9,-864,0
566,3,4.0,172,3,54,1.0,0.0,0.0,53.44,-189,0
567,3,4.0,172,3,59,1.0,0.0,3.0,79.37,-266,0
568,3,4.0,172,3,64,3.0,0.0,4.0,78.39,-253,0
569,9,3.5,222,3,82,8.0,0.0,8.0,52.15,-864,1
570,2,3.5,222,3,124,10.0,0.0,14.0,83.82,-169,0
571,4,3.5,222,3,107,7.0,0.0,1.0,39.76,-143,0
572,7,3.5,222,3,624,13.0,0.0,4.0,79.39,-132,1
573,2,3.5,222,3,612,13.0,0.0,8.0,66.11,-307,0
574,6,3.5,531,3,607,3.0,0.0,1.0,86.39,-261,1
575,2,3.5,531,3,54,6.0,0.0,2.0,38.94,-202,0
576,2,3.5,531,3,64,2.0,0.0,3.0,84.39,-216,0
577,3,3.5,531,3,64,4.0,0.0,3.0,83.21,-246,0
578,2,3.5,531,3,64,4.0,0.0,2.0,95.62,-62,0
579,7,2.5,11,3,607,6.0,0.0,1.0,53.56,-128,1
580,8,2.5,11,3,107,2.0,0.0,4.0,74.09,-192,1
581,4,2.5,11,3,124,2.0,0.0,3.0,82.43,-660,0
582,9,2.5,350,3,29,11.0,0.0,9.0,38.94,-864,1
583,1,4.0,17,2,611,9.0,0.0,5.0,72.82,-339,0
584,1,4.0,17,2,624,10.0,0.0,8.0,71.11,-362,0
585,3,4.0,17,2,59,7.0,0.0,5.0,71.96,-304,0
586,0,3.0,15,3,64,12.0,0.0,6.0,51.06,-864,0
587,3,3.0,37,3,124,19.0,2.0,4.0,76.88,-864,0
588,1,3.0,37,3,124,24.0,0.0,7.0,84.83,-422,0
589,11,3.0,37,3,89,16.0,0.0,6.0,67.43,-136,1
590,5,3.0,37,3,422,17.0,0.0,3.0,37.15,-123,1
591,7,4.5,64,2,88,7.0,0.0,8.0,56.65,-864,1
592,8,4.5,64,2,59,17.0,0.0,7.0,78.46,-154,1
593,10,3.5,52,3,29,25.0,0.0,18.0,83.82,-864,1
594,3,3.5,256,4,29,0.0,0.0,6.0,75.72,-220,0
595,1,3.5,256,4,54,0.0,0.0,1.0,84.74,-133,0
596,3,3.5,256,4,64,3.0,0.0,6.0,34.75,-166,0
597,3,4.0,61,4,64,17.0,0.0,17.0,81.46,-243,0
598,9,4.0,61,4,121,17.0,0.0,5.0,70.75,-146,1
599,4,4.0,61,4,603,13.0,0.0,10.0,90.79,-640,0
600,3,3.5,315,4,64,8.0,0.0,6.0,72.42,-503,0
601,4,3.5,315,4,603,18.0,0.0,4.0,94.96,-442,0
602,3,3.5,342,3,54,16.0,0.0,7.0,93.21,-864,0
603,4,3.5,342,3,107,25.0,0.0,11.0,86.91,-349,0
604,3,3.5,342,3,59,16.0,0.0,10.0,36.99,-246,0
605,8,3.5,134,3,54,8.0,0.0,4.0,84.74,-353,1
606,2,3.5,134,3,612,3.0,0.0,1.0,83.54,-300,0
607,4,2.5,98,2,54,3.0,0.0,4.0,67.85,-864,0
608,1,2.5,98,2,64,3.0,0.0,1.0,83.1,-532,0
609,3,4.0,118,3,54,28.0,0.0,5.0,91.68,-864,0
610,9,4.0,118,2,607,21.0,1.0,12.0,73.08,-36,1
611,4,4.0,118,2,88,27.0,0.0,12.0,51.68,-181,0
612,1,4.0,118,3,54,25.0,1.0,8.0,39.41,-319,0
613,7,3.5,121,3,26,1.0,0.0,0.0,41.35,-864,1
614,5,3.5,488,3,54,24.0,0.0,10.0,85.49,-244,1
615,6,3.5,488,3,121,10.0,0.0,11.0,48.06,-181,1
616,5,3.5,488,3,82,31.0,0.0,8.0,86.91,-197,1
617,9,3.0,124,3,64,14.0,0.0,11.0,73.97,-864,1
618,9,3.0,124,3,82,19.0,0.0,2.0,37.31,-253,1
619,5,4.0,37,3,29,4.0,0.0,2.0,81.61,-864,1
620,2,4.0,37,3,59,7.0,0.0,4.0,66.01,-401,0
621,5,3.5,452,2,29,6.0,0.0,4.0,82.27,-864,1
622,1,3.5,452,2,64,6.0,0.0,4.0,26.38,-509,0
623,7,3.5,233,3,29,2.0,0.0,1.0,84.32,-864,1
624,4,4.0,78,3,54,10.0,0.0,2.0,95.32,-864,0
625,2,3.5,25,3,107,22.0,0.0,8.0,59.34,-864,0
626,9,3.5,25,3,607,18.0,0.0,5.0,84.6,-170,1
627,3,3.5,25,3,54,27.0,0.0,9.0,47.89,-176,0
628,4,3.0,110,2,29,6.0,0.0,0.0,77.77,-864,0
629,8,3.0,110,2,121,2.0,0.0,1.0,39.76,-249,1
630,6,2.0,8,3,87,10.0,0.0,6.0,70.75,-312,1
631,11,2.0,8,3,89,17.0,0.0,3.0,36.15,-136,1
632,2,2.0,8,3,124,14.0,0.0,5.0,70.12,-242,0
633,2,2.0,8,3,422,5.0,0.0,6.0,45.24,-128,0
634,5,2.0,8,3,422,10.0,0.0,5.0,93.05,-127,1
635,1,2.5,79,3,422,27.0,0.0,15.0,30.52,-864,0
636,2,2.5,79,3,88,22.0,0.0,11.0,34.75,-376,0
637,3,4.0,47,3,624,8.0,0.0,8.0,78.87,-270,0
638,15,4.0,47,3,89,6.0,0.0,2.0,66.54,-157,1
639,5,4.0,47,3,624,9.0,0.0,4.0,51.06,-130,1
640,1,3.0,6,3,607,16.0,0.0,3.0,84.32,-864,0
641,4,3.0,6,3,64,4.0,0.0,5.0,78.23,-298,0
642,0,3.5,279,3,611,4.0,0.0,1.0,84.36,-864,0
643,5,3.5,279,3,422,7.0,0.0,2.0,91.95,-311,1
644,9,2.5,9,3,607,2.0,0.0,1.0,48.39,-153,1
645,4,3.5,21,2,124,10.0,0.0,4.0,78.04,-292,0
646,8,3.5,700,3,603,28.0,0.0,13.0,77.77,-140,1
647,10,3.5,700,3,624,26.0,0.0,15.0,23.97,-279,1
648,5,3.5,700,3,107,22.0,0.0,11.0,86.46,-126,1
649,6,3.5,700,3,603,25.0,0.0,9.0,63.76,-145,1
650,3,3.5,700,3,59,23.0,0.0,13.0,99.05,-233,0
651,7,3.0,28,2,82,22.0,0.0,15.0,90.07,-252,1
652,3,3.0,28,2,624,14.0,0.0,5.0,34.75,-263,0
653,1,3.0,28,2,107,13.0,0.0,10.0,92.04,-171,0
654,14,3.5,191,3,89,17.0,0.0,12.0,87.78,-210,1
655,5,3.5,191,3,124,8.0,0.0,5.0,35.63,-165,1
656,7,3.5,191,3,624,11.0,0.0,4.0,84.83,-144,1
657,6,3.5,191,3,422,6.0,0.0,8.0,66.76,-132,1
658,1,4.0,11,2,64,4.0,0.0,2.0,84.08,-864,0
659,9,3.5,681,3,89,21.0,0.0,4.0,92.04,-602,1
660,11,3.5,681,3,422,11.0,0.0,3.0,35.49,-131,1
661,10,2.5,170,3,603,4.0,0.0,2.0,70.68,-864,1
662,1,4.0,198,4,54,21.0,0.0,6.0,51.85,-864,0
663,9,4.0,198,4,603,19.0,0.0,6.0,87.78,-170,1
664,2,4.0,198,4,422,13.0,0.0,5.0,35.26,-193,0
665,8,4.0,198,4,87,10.0,0.0,5.0,70.65,-245,1
666,7,4.0,198,4,59,12.0,0.0,6.0,68.38,-165,1
667,10,3.0,34,3,624,8.0,0.0,9.0,74.65,-130,1
668,11,3.0,34,3,89,9.0,0.0,7.0,78.04,-160,1
669,9,3.0,34,3,624,4.0,0.0,2.0,47.38,-156,1
670,4,3.0,34,3,59,11.0,0.0,8.0,82.68,-174,0
671,3,3.0,34,3,124,3.0,0.0,0.0,94.96,-287,0
672,9,4.0,258,3,624,22.0,0.0,16.0,31.85,-864,1
673,4,4.0,258,3,422,15.0,0.0,10.0,85.96,-215,0
674,2,4.0,258,3,16,10.0,0.0,10.0,48.92,-159,0
675,8,3.0,36,4,624,6.0,0.0,6.0,73.08,-373,1
676,0,3.0,36,4,611,11.0,0.0,1.0,35.26,-150,0
677,9,3.0,36,4,422,9.0,0.0,3.0,30.85,-325,1
678,8,2.5,8,3,607,3.0,0.0,3.0,55.02,-864,1
679,4,2.5,8,3,107,3.0,0.0,3.0,80.78,-196,0
680,4,2.5,8,3,89,8.0,0.0,3.0,85.22,-258,0
681,3,2.5,8,3,124,0.0,0.0,3.0,74.36,-405,0
682,7,2.5,33,2,607,4.0,0.0,2.0,72.75,-216,1
683,8,2.5,33,2,89,6.0,0.0,2.0,67.46,-190,1
684,9,2.5,33,2,624,1.0,0.0,4.0,68.12,-147,1
685,4,2.5,33,2,59,2.0,0.0,2.0,80.85,-408,0
686,4,4.5,24,3,121,17.0,1.0,9.0,69.58,-864,0
687,6,4.5,24,3,29,22.0,0.0,15.0,71.18,-196,1
688,6,4.5,24,3,624,16.0,0.0,9.0,75.01,-371,1
689,6,3.5,388,3,64,17.0,0.0,12.0,87.78,-294,1
690,6,3.5,388,3,64,9.0,0.0,6.0,72.57,-234,1
691,12,3.5,192,3,121,15.0,0.0,9.0,68.59,-864,1
692,5,3.5,192,3,82,20.0,0.0,9.0,67.32,-342,1
693,4,4.5,192,2,611,21.0,0.0,23.0,62.09,-864,0
694,4,4.5,192,2,82,27.0,0.0,10.0,50.9,-250,0
695,3,4.5,192,2,29,38.0,0.0,10.0,78.54,-204,0
696,3,4.5,135,3,29,1.0,0.0,4.0,78.84,-864,0
697,3,4.5,135,3,88,2.0,0.0,3.0,31.85,-217,0
698,1,4.5,135,3,64,4.0,0.0,1.0,78.2,-495,0
699,8,4.5,169,3,87,16.0,1.0,12.0,84.08,-864,1
700,7,4.0,589,3,624,14.0,0.0,4.0,72.82,-864,1
701,7,4.0,589,3,59,18.0,0.0,10.0,78.5,-560,1
702,10,4.0,990,3,624,9.0,0.0,3.0,28.76,-463,1
703,6,3.5,112,5,422,11.0,0.0,1.0,33.27,-864,1
704,2,4.0,62,2,88,19.0,0.0,9.0,55.23,-864,0
705,2,4.0,62,2,88,15.0,0.0,17.0,44.16,-387,0
706,3,4.0,62,2,107,19.0,0.0,15.0,99.05,-202,0
707,4,3.0,93,3,54,17.0,0.0,8.0,64.13,-864,0
708,9,3.5,556,3,624,25.0,0.0,6.0,34.79,-864,1
709,8,3.5,556,3,624,15.0,0.0,8.0,62.95,-302,1
710,2,3.5,236,3,59,3.0,0.0,2.0,51.42,-439,0
711,6,3.5,50,3,607,0.0,0.0,1.0,88.13,-864,1
712,5,3.5,50,3,82,0.0,0.0,2.0,38.46,-223,1
713,10,3.5,50,3,54,0.0,0.0,5.0,82.51,-147,1
714,7,3.5,50,3,624,0.0,0.0,3.0,68.18,-306,1
715,9,3.0,365,2,422,18.0,0.0,7.0,72.57,-864,1
716,6,3.0,5,3,89,6.0,0.0,7.0,28.61,-864,1
717,3,3.0,5,3,124,13.0,0.0,10.0,76.39,-268,0
718,2,3.0,5,3,603,7.0,0.0,8.0,32.75,-90,0
719,3,3.0,5,3,59,13.0,0.0,6.0,70.22,-138,0
720,7,3.5,521,4,19,21.0,0.0,3.0,55.71,-864,1
721,7,3.0,5,3,64,4.0,0.0,3.0,94.04,-864,1
722,2,3.0,5,3,612,0.0,0.0,0.0,77.27,-439,0
723,2,4.0,42,3,82,34.0,0.0,2.0,94.05,-864,0
724,2,4.0,42,3,612,16.0,0.0,8.0,55.82,-120,0
725,6,4.0,42,3,59,19.0,0.0,5.0,64.59,-357,1
726,4,3.0,7,2,54,15.0,0.0,11.0,74.61,-864,0
727,3,3.0,7,2,107,17.0,1.0,8.0,64.59,-568,0
728,10,3.0,7,2,650,18.0,0.0,2.0,90.67,-285,1
729,3,2.5,11,2,59,14.0,0.0,7.0,66.54,-356,0
730,2,2.5,11,2,64,25.0,0.0,13.0,81.23,-253,0
731,2,2.5,11,2,16,15.0,0.0,11.0,43.31,-228,0
732,1,4.0,477,2,624,19.0,0.0,12.0,84.08,-233,0
733,2,4.0,477,2,124,23.0,0.0,9.0,56.4,-194,0
734,2,4.0,477,2,124,25.0,0.0,5.0,30.85,-297,0
735,5,3.0,872,3,124,25.0,0.0,6.0,84.55,-575,1
736,4,3.0,872,3,601,20.0,0.0,6.0,31.37,-126,0
737,10,2.5,227,3,64,29.0,0.0,9.0,50.72,-864,1
738,3,2.5,227,3,611,20.0,0.0,5.0,84.32,-172,0
739,3,2.5,227,3,124,21.0,0.0,9.0,51.68,-220,0
740,6,2.5,227,3,422,13.0,0.0,14.0,40.34,-257,1
741,3,2.5,227,3,611,19.0,0.0,8.0,78.39,-149,0
742,4,4.5,212,2,82,8.0,0.0,8.0,75.59,-864,0
743,1,4.5,212,2,64,12.0,0.0,2.0,79.7,-122,0
744,2,4.5,212,2,64,1.0,0.0,4.0,69.14,-419,0
745,4,3.0,52,3,64,4.0,1.0,4.0,84.74,-864,0
746,1,3.0,52,3,54,7.0,0.0,4.0,66.01,-386,0
747,2,2.0,50,3,29,28.0,1.0,20.0,77.7,-864,0
748,3,2.0,50,3,64,26.0,0.0,11.0,93.24,-346,0
749,1,3.0,20,3,64,1.0,0.0,1.0,44.16,-864,0
750,4,2.5,46,3,107,30.0,0.0,7.0,75.59,-110,0
751,2,2.5,46,3,54,25.0,0.0,8.0,68.12,-331,0
752,7,2.5,46,3,89,24.0,0.0,11.0,81.58,-176,1
753,2,2.5,46,3,611,15.0,0.0,9.0,41.58,-98,0
754,7,3.0,30,3,624,20.0,0.0,17.0,75.24,-864,1
755,5,3.0,30,3,89,13.0,0.0,8.0,67.55,-148,1
756,6,3.0,30,3,624,15.0,0.0,6.0,58.48,-176,1
757,9,3.0,30,3,89,11.0,0.0,9.0,94.55,-103,1
758,7,3.0,30,3,87,9.0,0.0,8.0,63.76,-104,1
759,1,3.5,64,3,29,5.0,0.0,5.0,78.88,-864,0
760,1,3.5,64,3,88,2.0,0.0,3.0,31.85,-220,0
761,4,3.5,64,3,64,0.0,0.0,2.0,66.71,-482,0
762,5,3.0,75,2,624,3.0,0.0,7.0,75.62,-864,1
763,6,3.0,75,2,607,3.0,0.0,6.0,28.76,-255,1
764,2,3.0,75,2,29,6.0,0.0,5.0,47.8,-71,0
765,3,3.0,75,2,612,5.0,0.0,2.0,67.21,-243,0
766,5,4.0,19,2,624,2.0,0.0,3.0,74.09,-864,1
767,1,4.0,19,2,54,5.0,0.0,3.0,34.79,-261,0
768,3,4.0,19,2,64,1.0,0.0,1.0,79.25,-245,0
769,2,4.0,19,2,64,4.0,0.0,2.0,79.73,-264,0
770,1,3.5,76,3,54,27.0,0.0,8.0,73.51,-864,0
771,3,3.5,76,3,64,23.0,0.0,5.0,93.24,-374,0
772,3,3.5,76,3,59,24.0,0.0,19.0,36.18,-187,0
773,3,3.0,97,5,422,7.0,0.0,4.0,74.83,-196,0
774,11,3.0,97,5,64,7.0,0.0,2.0,33.23,-307,1
775,5,3.0,97,5,603,6.0,0.0,5.0,78.5,-428,1
776,2,3.5,160,3,88,31.0,0.0,7.0,82.85,-864,0
777,1,3.5,160,2,88,20.0,0.0,8.0,61.05,-41,0
778,1,3.5,160,2,121,11.0,0.0,13.0,71.11,-334,0
779,2,3.5,160,2,107,21.0,0.0,7.0,75.71,-212,0
780,3,4.0,233,3,124,12.0,0.0,13.0,73.76,-126,0
781,6,4.0,233,3,624,15.0,0.0,12.0,68.46,-160,1
782,2,4.0,233,3,603,18.0,0.0,6.0,39.76,-77,0
783,3,4.0,233,3,87,10.0,0.0,4.0,78.46,-102,0
784,2,4.0,233,3,107,13.0,0.0,9.0,72.93,-166,0
785,4,3.5,76,3,87,4.0,0.0,7.0,79.06,-864,0
786,4,3.5,76,3,603,8.0,0.0,5.0,32.68,-124,0
787,2,3.5,76,3,124,4.0,0.0,3.0,57.96,-69,0
788,2,3.5,71,3,607,23.0,0.0,12.0,75.62,-864,0
789,3,3.5,71,3,89,12.0,0.0,8.0,68.0,-189,0
790,1,3.5,71,3,107,7.0,0.0,10.0,81.01,-190,0
791,2,3.5,71,3,422,12.0,0.0,11.0,43.31,-301,0
792,5,4.0,3,3,607,16.0,0.0,3.0,62.69,-327,1
793,1,4.0,3,3,121,9.0,0.0,6.0,51.42,-118,0
794,1,4.0,3,3,54,19.0,0.0,6.0,66.36,-388,0
795,5,4.0,6,3,59,22.0,0.0,4.0,68.87,-864,1
796,5,4.0,6,3,54,21.0,0.0,13.0,58.48,-188,1
797,9,4.0,6,3,54,22.0,0.0,7.0,89.76,-428,1
798,5,3.0,60,3,607,9.0,0.0,3.0,50.9,-407,1
799,5,3.5,371,3,607,15.0,0.0,5.0,71.67,-219,1
800,9,3.5,371,3,89,18.0,0.0,8.0,73.08,-168,1
801,6,3.5,371,3,107,17.0,0.0,2.0,82.06,-270,1
802,4,3.5,371,3,107,11.0,0.0,8.0,38.2,-196,0
803,1,3.5,371,3,124,11.0,0.0,7.0,83.71,-108,0
804,7,2.0,49,3,64,19.0,1.0,9.0,82.48,-864,1
805,5,2.0,49,3,29,36.0,0.0,7.0,79.39,-377,1
806,5,2.0,49,3,82,24.0,0.0,13.0,78.79,-106,1
807,5,2.0,49,3,107,25.0,0.0,10.0,74.36,-256,1
808,2,3.0,16,3,124,20.0,0.0,7.0,83.49,-180,0
809,7,3.0,16,3,87,18.0,0.0,12.0,31.85,-185,1
810,2,3.0,16,3,26,20.0,0.0,9.0,36.18,-424,0
811,4,3.0,16,3,59,17.0,0.0,2.0,74.36,-153,0
812,1,3.0,213,3,611,21.0,0.0,13.0,68.24,-201,0
813,6,3.0,213,3,29,7.0,0.0,8.0,56.65,-226,1
814,3,3.0,213,3,54,29.0,0.0,8.0,61.09,-145,0
815,9,4.0,890,2,624,20.0,0.0,6.0,70.75,-864,1
816,2,4.5,109,3,54,2.0,0.0,3.0,84.6,-864,0
817,5,3.0,7,3,89,7.0,0.0,6.0,84.08,-864,1
818,5,3.0,7,3,624,6.0,0.0,1.0,35.26,-166,1
819,2,3.0,7,3,124,11.0,0.0,2.0,94.71,-141,0
820,5,3.0,7,3,59,6.0,0.0,1.0,79.73,-315,1
821,8,3.0,204,3,16,3.0,0.0,2.0,32.68,-864,1
822,5,3.0,204,3,64,4.0,0.0,2.0,79.73,-133,1
823,6,4.0,11,2,29,26.0,0.0,7.0,88.61,-864,1
824,2,4.0,11,2,107,16.0,0.0,9.0,90.67,-729,0
825,3,2.5,62,2,107,17.0,0.0,12.0,78.28,-1050,0
826,2,4.0,1272,3,87,11.0,0.0,7.0,84.36,-864,0
827,8,4.0,1272,3,89,23.0,0.0,5.0,70.72,-395,1
828,1,4.0,1272,3,422,16.0,0.0,7.0,46.43,-138,0
829,3,4.0,77,2,54,6.0,0.0,0.0,79.7,-864,0
830,4,4.0,166,2,54,24.0,0.0,5.0,60.02,-864,0
831,3,3.5,87,3,59,19.0,0.0,9.0,88.26,-1031,0
832,0,3.5,747,2,29,13.0,0.0,17.0,49.15,-864,0
833,4,4.0,274,3,29,30.0,0.0,5.0,91.84,-864,0
834,13,3.0,15,3,89,9.0,0.0,16.0,41.42,-722,1
835,0,2.0,8,2,64,13.0,0.0,2.0,45.52,-864,0
836,2,4.5,216,3,422,15.0,0.0,8.0,87.32,-864,0
837,3,2.5,7,3,82,24.0,0.0,7.0,98.52,-311,0
838,3,2.5,7,3,607,17.0,0.0,11.0,41.24,-165,0
839,3,2.5,7,3,54,19.0,0.0,13.0,76.45,-538,0
840,6,3.5,49,2,29,19.0,0.0,14.0,78.04,-864,1
841,1,3.5,49,2,29,48.0,0.0,6.0,80.41,-199,0
842,4,3.5,49,2,54,27.0,0.0,14.0,96.8,-427,0
843,3,3.5,81,2,29,17.0,1.0,8.0,28.27,-864,0
844,6,3.5,81,3,607,14.0,0.0,6.0,39.72,-10,1
845,5,3.5,81,3,29,19.0,0.0,7.0,39.76,-4,1
846,3,3.5,81,3,82,25.0,0.0,10.0,86.47,-141,0
847,2,3.5,81,2,54,19.0,0.0,14.0,70.12,-140,0
848,3,3.5,81,2,59,12.0,0.0,12.0,44.33,-127,0
849,3,3.5,81,3,107,15.0,0.0,8.0,75.01,-76,0
850,3,3.0,36,3,89,7.0,0.0,5.0,35.26,-399,0
851,2,3.0,36,3,87,9.0,0.0,7.0,84.83,-116,0
852,4,3.0,36,3,26,7.0,0.0,6.0,71.81,-119,0
853,1,3.0,36,3,26,3.0,0.0,8.0,45.17,-133,0
854,6,3.0,146,3,624,8.0,0.0,2.0,56.65,-421,1
855,4,3.0,146,3,603,15.0,0.0,5.0,51.06,-108,0
856,6,3.0,146,3,89,17.0,0.0,2.0,90.86,-129,1
857,2,3.0,80,2,611,9.0,0.0,8.0,73.08,-864,0
858,1,3.0,80,2,54,13.0,0.0,12.0,69.96,-194,0
859,1,3.0,80,2,26,12.0,0.0,13.0,40.34,-244,0
860,6,4.0,27,3,88,19.0,0.0,17.0,69.58,-864,1
861,3,3.5,66,3,124,16.0,0.0,10.0,84.81,-175,0
862,5,3.5,66,2,82,13.0,0.0,8.0,61.05,-148,1
863,6,3.5,66,3,624,14.0,0.0,5.0,28.27,-46,1
864,4,3.5,66,3,603,19.0,0.0,15.0,33.95,-23,0
865,3,3.5,66,3,422,19.0,0.0,6.0,81.24,-231,0
866,2,3.5,66,2,54,27.0,1.0,8.0,39.41,-152,0
867,1,3.5,66,3,124,19.0,0.0,4.0,36.38,-7,0
868,2,2.0,19,3,82,3.0,0.0,5.0,55.42,-864,0
869,2,2.0,19,3,82,3.0,0.0,3.0,32.75,-262,0
870,2,2.0,19,3,64,1.0,0.0,3.0,64.2,-105,0
871,1,3.0,37,3,107,7.0,0.0,5.0,56.65,-316,0
872,6,3.0,37,3,87,12.0,0.0,1.0,92.77,-236,1
873,1,3.0,37,3,26,12.0,0.0,4.0,50.33,-163,0
874,3,2.0,13,3,88,17.0,0.0,2.0,99.99,-864,0
875,4,2.0,13,3,82,27.0,0.0,16.0,91.58,-329,0
876,3,2.0,13,3,107,24.0,0.0,10.0,74.36,-368,0
877,8,2.5,45,5,19,5.0,0.0,3.0,74.96,-864,1
878,2,2.5,45,5,19,5.0,0.0,3.0,74.96,0,0
879,7,2.5,45,5,422,4.0,0.0,3.0,78.2,-742,1
880,2,3.5,26,2,82,12.0,0.0,10.0,87.32,-864,0
881,1,4.0,109,3,603,1.0,0.0,0.0,47.57,-169,0
882,7,4.0,109,3,624,0.0,0.0,0.0,89.93,-135,1
883,1,4.0,109,3,26,0.0,0.0,0.0,37.97,-216,0
884,4,4.0,109,3,603,1.0,0.0,1.0,67.21,-258,0
885,2,4.0,109,3,611,0.0,0.0,2.0,80.85,-191,0
886,2,3.0,54,3,82,5.0,0.0,3.0,74.83,-154,0
887,5,3.0,54,3,89,6.0,0.0,5.0,48.25,-217,1
888,0,3.0,54,3,611,2.0,0.0,8.0,70.0,-334,0
889,1,3.0,54,3,422,6.0,0.0,4.0,46.97,-135,0
890,4,3.0,41,2,29,14.0,0.0,5.0,66.54,-357,0
891,0,3.0,41,2,54,14.0,0.0,3.0,79.59,-281,0
892,3,4.5,111,3,59,9.0,0.0,6.0,86.06,-864,0
893,5,3.5,318,3,29,21.0,0.0,14.0,67.19,-864,1
894,5,4.0,281,2,29,15.0,0.0,3.0,38.63,-864,1
895,1,4.0,281,2,54,13.0,0.0,11.0,84.39,-227,0
896,10,3.5,185,3,26,9.0,0.0,4.0,72.57,-864,1
897,6,3.5,185,3,624,14.0,0.0,4.0,79.73,-416,1
898,3,3.0,70,3,29,4.0,0.0,4.0,86.06,-864,0
899,3,3.0,70,3,29,3.0,0.0,3.0,31.85,-198,0
900,7,3.0,70,3,650,6.0,0.0,1.0,94.71,-207,1
901,3,3.0,70,3,612,0.0,0.0,1.0,30.85,-184,0
902,1,5.0,1,3,124,10.0,0.0,2.0,78.84,-192,0
903,8,5.0,1,3,624,21.0,0.0,3.0,39.72,-237,1
904,6,5.0,1,3,26,19.0,0.0,6.0,81.24,-244,1
905,2,5.0,1,3,422,11.0,0.0,6.0,72.9,-238,0
906,10,4.5,88,2,607,35.0,0.0,6.0,68.87,-864,1
907,1,4.5,88,2,82,24.0,0.0,13.0,78.79,-350,0
908,1,3.5,148,5,603,16.0,0.0,7.0,77.55,-136,0
909,4,3.5,148,5,87,18.0,0.0,15.0,83.82,-103,0
910,4,3.5,148,5,624,14.0,0.0,9.0,38.46,-127,0
911,3,3.5,148,5,26,28.0,0.0,6.0,79.59,-205,0
912,4,3.5,148,5,107,13.0,0.0,5.0,32.16,-168,0
913,3,4.0,213,3,422,11.0,0.0,10.0,49.35,-322,0
914,2,4.0,213,3,124,15.0,0.0,7.0,36.18,-435,0
915,1,3.5,97,2,82,17.0,0.0,10.0,73.08,-864,0
916,3,3.5,97,2,82,17.0,0.0,6.0,92.84,-307,0
917,4,3.5,97,2,59,12.0,0.0,11.0,67.21,-97,0
918,2,3.5,97,2,16,17.0,0.0,5.0,39.07,-100,0
919,2,3.5,28,2,59,14.0,0.0,7.0,66.54,-353,0
920,3,4.5,2,3,607,14.0,0.0,14.0,74.09,-864,0
921,4,4.5,2,3,89,5.0,0.0,14.0,80.78,-162,0
922,2,4.5,2,3,624,5.0,0.0,6.0,56.4,-180,0
923,3,4.5,2,3,107,11.0,0.0,5.0,36.38,-329,0
924,1,4.5,2,3,124,9.0,0.0,10.0,96.8,-136,0
925,4,3.0,277,3,88,22.0,0.0,3.0,66.77,-864,0
926,3,3.0,277,3,54,15.0,0.0,18.0,83.18,-576,0
927,4,3.5,111,3,422,9.0,0.0,3.0,76.88,-864,0
928,2,3.5,111,3,64,11.0,0.0,3.0,48.58,-323,0
929,4,3.0,258,2,88,14.0,0.0,11.0,24.12,-864,0
930,3,3.0,258,2,612,7.0,0.0,6.0,49.04,-285,0
931,2,3.0,258,2,107,11.0,0.0,4.0,90.51,-229,0
932,1,4.5,103,2,64,26.0,0.0,7.0,74.36,-864,0
933,6,4.0,196,3,29,9.0,0.0,6.0,81.18,-864,1
934,3,4.0,28,1,422,1.0,0.0,1.0,48.21,-864,0
935,4,4.0,28,1,29,3.0,0.0,2.0,70.72,-398,0
936,7,3.5,275,3,624,8.0,0.0,12.0,48.06,-864,1
937,8,3.5,291,3,89,11.0,0.0,14.0,77.55,-132,1
938,1,3.5,291,3,124,15.0,0.0,7.0,70.68,-141,0
939,9,3.5,291,3,87,3.0,0.0,12.0,47.23,-403,1
940,4,3.0,44,3,607,1.0,0.0,2.0,90.57,-864,0
941,6,3.0,44,3,82,0.0,0.0,1.0,35.62,-225,1
942,1,3.0,44,3,64,1.0,0.0,1.0,66.36,-437,0
943,4,3.5,181,4,612,25.0,0.0,6.0,87.22,-864,0
944,4,3.5,343,2,29,11.0,0.0,7.0,28.22,-864,0
945,6,3.5,343,2,59,29.0,0.0,14.0,62.95,-311,1
946,7,3.5,343,2,624,26.0,0.0,9.0,87.52,-200,1
947,6,4.0,401,3,29,37.0,1.0,7.0,79.7,-864,1
948,6,4.0,401,3,82,25.0,0.0,11.0,52.05,-441,1
949,2,4.0,174,2,611,18.0,0.0,10.0,65.88,-864,0
950,5,3.5,310,4,422,6.0,0.0,4.0,69.56,-211,1
951,5,3.5,310,4,29,7.0,0.0,7.0,87.32,-127,1
952,8,3.5,310,4,64,3.0,0.0,6.0,42.2,-481,1
953,9,3.5,310,4,603,12.0,0.0,1.0,94.05,-197,1
954,5,3.5,36,2,54,1.0,0.0,3.0,77.22,-864,1
955,1,3.5,36,2,64,3.0,0.0,0.0,81.89,-649,0
956,2,3.5,341,3,124,17.0,0.0,9.0,74.65,-238,0
957,9,3.5,341,3,624,20.0,0.0,4.0,39.72,-246,1
958,2,3.5,341,3,124,12.0,0.0,8.0,41.44,-333,0
959,3,3.5,341,3,124,10.0,0.0,5.0,68.99,-122,0
960,1,4.5,42,3,422,6.0,0.0,4.0,70.72,-864,0
961,9,4.5,42,3,624,7.0,0.0,1.0,81.58,-175,1
962,4,3.0,185,2,51,20.0,0.0,6.0,72.57,-864,0
963,9,3.5,57,2,82,2.0,0.0,1.0,48.25,-864,1
964,8,3.0,55,3,603,13.0,0.0,9.0,86.79,-223,1
965,9,3.0,55,3,624,15.0,0.0,2.0,48.58,-226,1
966,4,3.5,62,3,607,15.0,0.0,5.0,71.67,-199,0
967,10,3.5,62,3,89,11.0,1.0,6.0,84.74,-154,1
968,8,3.5,62,3,624,16.0,0.0,9.0,63.26,-214,1
969,2,3.5,62,3,124,15.0,1.0,11.0,83.17,-128,0
970,2,3.5,62,3,124,13.0,0.0,7.0,83.71,-246,0
971,6,3.5,429,3,82,12.0,0.0,11.0,56.65,-864,1
972,4,4.0,222,3,89,27.0,0.0,12.0,80.55,-864,0
973,4,4.0,167,2,29,22.0,0.0,3.0,77.09,-864,0
974,1,4.5,5,3,607,17.0,0.0,11.0,69.12,-864,0
975,6,4.5,5,3,89,22.0,1.0,12.0,84.74,-136,1
976,10,3.5,627,3,89,16.0,0.0,5.0,84.39,-641,1
977,6,3.5,627,3,59,14.0,0.0,3.0,76.92,-297,1
978,5,4.0,931,3,82,19.0,0.0,10.0,47.38,-864,1
979,4,4.0,931,3,87,16.0,0.0,5.0,34.75,-370,0
980,9,4.0,931,3,89,22.0,0.0,5.0,70.72,-241,1
981,7,4.0,931,3,422,14.0,0.0,7.0,50.33,-63,1
982,4,4.0,931,3,422,21.0,0.0,7.0,83.57,-117,0
983,2,4.0,223,3,82,14.0,0.0,7.0,65.88,-155,0
984,3,4.0,223,3,124,17.0,0.0,4.0,79.7,-149,0
985,6,4.0,223,3,107,9.0,0.0,1.0,39.76,-148,1
986,10,4.0,223,3,624,9.0,0.0,4.0,85.14,-139,1
987,8,4.0,223,3,87,5.0,0.0,9.0,66.76,-133,1
988,2,4.0,223,3,422,16.0,0.0,2.0,57.96,-144,0
989,5,3.5,191,3,121,15.0,0.0,6.0,67.85,-864,1
990,3,3.5,191,3,82,16.0,0.0,4.0,78.68,-291,0
991,1,3.5,357,4,54,19.0,0.0,9.0,72.57,-864,0
992,4,3.5,135,2,607,27.0,0.0,16.0,75.93,-864,0
993,3,3.5,82,4,54,30.0,0.0,5.0,93.86,-864,0
994,4,2.5,84,3,64,14.0,0.0,7.0,38.48,-864,0
995,11,3.0,202,3,650,26.0,0.0,15.0,87.78,-864,1
996,10,3.5,329,3,607,25.0,0.0,15.0,78.54,-307,1
997,5,3.5,145,3,54,10.0,0.0,16.0,62.95,-864,1
998,3,3.5,145,3,64,26.0,0.0,6.0,74.36,-251,0
999,5,3.5,720,3,611,24.0,0.0,6.0,54.12,-864,1
1000,6,3.5,720,3,29,12.0,0.0,12.0,66.93,-223,1
1001,4,3.5,720,3,29,32.0,0.0,7.0,76.94,-176,0
1002,6,3.5,720,3,107,19.0,0.0,6.0,59.57,-336,1
1003,4,4.0,498,3,29,22.0,0.0,11.0,63.38,-433,0
1004,6,4.0,498,3,82,35.0,0.0,10.0,87.22,-239,1
1005,6,4.0,69,2,64,16.0,0.0,5.0,98.84,-864,1
1006,1,4.5,71,3,64,6.0,0.0,3.0,84.74,-864,0
1007,1,4.5,71,3,64,4.0,0.0,5.0,76.92,-636,0
1008,3,2.0,14,2,107,8.0,0.0,2.0,76.74,-864,0
1009,1,2.0,14,2,422,9.0,0.0,4.0,51.68,-205,0
1010,0,2.0,14,2,624,3.0,0.0,1.0,71.81,-204,0
1011,1,2.0,14,2,650,5.0,0.0,0.0,95.62,-248,0
1012,3,1.5,6,1,607,4.0,0.0,2.0,76.88,-864,0
1013,5,1.5,6,1,624,6.0,0.0,6.0,36.15,-303,1
1014,2,1.5,6,1,124,6.0,0.0,1.0,26.53,-343,0
1015,3,2.5,41,2,603,9.0,0.0,15.0,75.24,-864,0
1016,1,2.5,41,2,124,11.0,0.0,13.0,50.9,-189,0
1017,0,2.5,41,2,26,14.0,0.0,5.0,86.91,-196,0
1018,6,2.5,41,2,87,4.0,0.0,12.0,47.23,-161,1
1019,1,2.5,41,2,611,17.0,0.0,4.0,37.15,-101,0
1020,1,4.0,2,2,54,19.0,0.0,8.0,56.25,-864,0
1021,0,4.0,2,2,87,15.0,0.0,5.0,74.09,-200,0
1022,4,4.0,2,2,603,14.0,0.0,8.0,38.94,-106,0
1023,1,4.0,2,2,107,16.0,0.0,5.0,70.0,-287,0
1024,2,4.0,2,2,422,16.0,0.0,8.0,60.02,-154,0
1025,1,2.0,24,2,54,28.0,0.0,4.0,49.64,-864,0
1026,1,2.0,24,2,107,8.0,1.0,7.0,55.23,-257,0
1027,5,4.0,52,3,29,32.0,0.0,7.0,89.37,-864,1
1028,4,4.0,30,2,29,27.0,0.0,15.0,73.01,-535,0
1029,4,4.0,30,2,82,15.0,0.0,19.0,40.34,-215,0
1030,5,4.0,30,2,624,15.0,0.0,8.0,45.91,-90,1
1031,5,3.5,217,3,607,32.0,1.0,16.0,77.7,-228,1
1032,3,3.5,217,3,29,25.0,0.0,10.0,75.07,-245,0
1033,7,3.5,43,3,82,21.0,0.0,13.0,79.84,-864,1
1034,5,3.5,43,3,54,17.0,0.0,4.0,61.82,-422,1
1035,0,3.5,156,2,607,32.0,0.0,4.0,76.74,-864,0
1036,1,3.5,156,2,121,11.0,0.0,6.0,51.42,-189,0
1037,0,3.5,156,2,64,25.0,0.0,0.0,30.85,-310,0
1038,1,4.0,74,3,611,0.0,0.0,1.0,75.57,-864,0
1039,12,2.5,69,3,87,11.0,0.0,10.0,44.15,-510,1
1040,4,2.5,69,3,124,10.0,0.0,9.0,79.25,-170,0
1041,5,2.5,69,3,26,5.0,0.0,6.0,26.53,-148,1
1042,1,2.5,69,3,124,4.0,0.0,3.0,57.96,-52,0
1043,1,3.5,931,3,54,24.0,0.0,10.0,78.84,-864,0
1044,3,3.5,931,3,29,23.0,0.0,9.0,68.68,-172,0
1045,3,3.5,931,3,88,31.0,0.0,7.0,47.89,-129,0
1046,6,3.5,931,3,121,33.0,0.0,11.0,86.91,-94,1
1047,2,3.5,931,3,54,25.0,0.0,17.0,30.12,-232,0
1048,1,4.0,29,3,612,16.0,0.0,5.0,72.82,-408,0
1049,3,4.0,273,2,422,7.0,0.0,7.0,84.36,-348,0
1050,8,4.0,273,2,624,13.0,0.0,5.0,80.41,-219,1
1051,3,4.0,273,2,26,4.0,0.0,4.0,30.85,-259,0
1052,8,4.5,54,2,29,9.0,0.0,6.0,73.08,-864,1
1053,5,4.5,54,2,54,21.0,0.0,10.0,94.96,-634,1
1054,1,3.5,200,1,54,10.0,0.0,3.0,90.07,-864,0
1055,4,3.5,200,1,650,5.0,0.0,1.0,60.02,-662,0
1056,12,3.0,4,3,64,1.0,0.0,1.0,87.12,-864,1
1057,5,3.0,4,3,612,1.0,0.0,2.0,48.06,-110,1
1058,8,3.0,4,3,650,0.0,0.0,0.0,67.21,-338,1
1059,3,3.5,20,3,611,8.0,0.0,3.0,37.31,-864,0
1060,2,3.5,20,3,611,10.0,0.0,5.0,78.92,-453,0
1061,5,3.5,20,3,107,8.0,0.0,2.0,73.65,-106,1
1062,2,2.5,160,2,422,20.0,0.0,9.0,24.57,-864,0
1063,4,3.0,95,3,82,20.0,0.0,25.0,75.24,-864,0
1064,5,3.0,95,3,88,19.0,0.0,12.0,75.93,-141,1
1065,2,3.0,95,3,107,17.0,0.0,4.0,78.28,-664,0
1066,3,2.0,24,3,29,1.0,0.0,6.0,96.24,-864,0
1067,1,2.0,24,3,82,1.0,0.0,2.0,80.36,-413,0
1068,1,2.0,41,2,124,18.0,0.0,9.0,69.12,-864,0
1069,3,2.0,41,2,87,18.0,0.0,5.0,38.63,-249,0
1070,4,2.0,41,2,89,17.0,0.0,2.0,92.28,-179,0
1071,3,2.0,41,2,124,11.0,0.0,5.0,47.09,-182,0
1072,8,4.0,6,2,82,28.0,0.0,4.0,84.32,-864,1
1073,3,3.0,7,3,624,7.0,0.0,2.0,52.15,-864,0
1074,2,3.0,7,3,612,12.0,0.0,4.0,64.13,-213,0
1075,4,3.5,101,3,422,16.0,0.0,10.0,81.18,-864,0
1076,2,3.5,1010,3,422,23.0,0.0,12.0,72.42,-864,0
1077,8,3.5,1010,3,26,21.0,0.0,8.0,38.04,-310,1
1078,5,3.5,456,3,64,10.0,0.0,4.0,91.58,-864,1
1079,6,3.5,406,2,107,35.0,0.0,12.0,80.85,-864,1
1080,4,3.5,6,3,26,1.0,0.0,7.0,74.61,-146,0
1081,5,3.5,6,3,612,6.0,0.0,8.0,55.97,-217,1
1082,3,4.5,7,2,612,4.0,0.0,4.0,79.63,-864,0
1083,5,4.5,7,2,16,6.0,0.0,2.0,36.99,-504,1
1084,1,3.5,61,2,611,24.0,0.0,19.0,64.47,-864,0
1085,3,3.5,61,3,82,15.0,0.0,9.0,97.65,-93,0
1086,3,3.5,61,2,82,15.0,0.0,3.0,43.43,-159,0
1087,1,3.5,61,3,607,12.0,0.0,11.0,31.85,-4,0
1088,7,3.5,61,3,29,31.0,0.0,8.0,80.41,-132,1
1089,7,3.5,61,3,82,18.0,0.0,5.0,71.81,-169,1
1090,3,3.5,61,2,88,14.0,0.0,13.0,42.2,-54,0
1091,6,3.5,61,2,54,28.0,0.0,7.0,89.87,-217,1
1092,7,2.5,41,3,607,20.0,0.0,10.0,78.54,-864,1
1093,13,2.5,41,3,121,16.0,0.0,8.0,72.42,-202,1
1094,4,2.5,41,3,54,19.0,0.0,4.0,33.25,-280,0
1095,10,4.0,315,3,29,13.0,0.0,19.0,66.93,-864,1
1096,8,2.0,5,2,64,18.0,0.0,15.0,70.16,-864,1
1097,5,3.5,290,3,607,23.0,0.0,15.0,78.54,-864,1
1098,1,3.5,290,3,54,19.0,0.0,15.0,56.14,-189,0
1099,6,3.0,75,3,603,20.0,0.0,9.0,75.62,-864,1
1100,6,3.0,75,3,82,27.0,0.0,9.0,79.7,-143,1
1101,7,3.0,75,3,29,18.0,0.0,4.0,44.34,-193,1
1102,4,4.0,31,3,624,7.0,0.0,11.0,61.73,-182,0
1103,3,4.0,31,3,54,10.0,0.0,11.0,67.46,-224,0
1104,2,3.0,476,3,124,13.0,0.0,9.0,79.23,-227,0
1105,6,3.0,476,3,624,17.0,0.0,10.0,38.48,-241,1
1106,6,3.0,476,3,89,16.0,0.0,4.0,95.42,-182,1
1107,1,3.0,476,3,611,12.0,0.0,1.0,72.98,-301,0
1108,2,3.0,196,2,54,14.0,0.0,5.0,68.59,-864,0
1109,4,3.0,196,2,107,15.0,0.0,5.0,90.67,-656,0
1110,1,2.5,12,2,422,4.0,0.0,4.0,59.31,-864,0
1111,2,2.5,12,2,88,6.0,0.0,5.0,56.4,-353,0
1112,7,2.5,12,2,650,3.0,0.0,3.0,32.75,-269,1
1113,2,3.5,593,3,624,8.0,1.0,9.0,59.5,-355,0
1114,9,3.5,593,3,89,17.0,0.0,7.0,93.64,-254,1
1115,3,3.5,593,3,107,22.0,0.0,4.0,30.85,-169,0
1116,2,3.5,593,3,59,15.0,0.0,9.0,76.45,-144,0
1117,4,3.5,76,3,624,16.0,0.0,5.0,87.92,-864,0
1118,6,3.0,64,3,54,2.0,0.0,0.0,80.41,-864,1
1119,3,3.0,64,3,612,3.0,0.0,1.0,67.43,-186,0
1120,10,3.0,63,3,29,7.0,0.0,5.0,55.42,-864,1
1121,2,3.0,63,3,612,3.0,0.0,1.0,70.72,-207,0
1122,8,4.0,81,3,603,18.0,0.0,6.0,74.96,-167,1
1123,2,4.0,81,3,612,11.0,0.0,10.0,75.93,-182,0
1124,8,4.0,81,3,64,16.0,0.0,4.0,70.16,-336,1
1125,12,4.0,774,3,650,27.0,1.0,9.0,81.18,-864,1
1126,6,4.0,160,3,607,0.0,0.0,2.0,90.57,-864,1
1127,8,4.0,160,3,82,0.0,0.0,4.0,28.76,-199,1
1128,6,3.5,435,3,29,19.0,0.0,13.0,68.59,-361,1
1129,4,3.5,435,3,29,29.0,0.0,9.0,76.94,-174,0
1130,7,3.5,435,3,64,15.0,0.0,15.0,79.86,-396,1
1131,3,3.5,23,2,59,12.0,0.0,1.0,82.34,-864,0
1132,4,4.0,452,3,422,26.0,0.0,9.0,82.27,-864,0
1133,5,4.0,452,3,422,10.0,0.0,7.0,45.91,-557,1
1134,3,4.0,452,3,51,15.0,0.0,7.0,89.51,-129,0
1135,8,3.5,175,3,650,26.0,0.0,15.0,87.78,-864,1
1136,3,3.5,175,3,82,24.0,0.0,17.0,79.42,-270,0
1137,6,3.0,17,2,89,25.0,0.0,10.0,79.63,-864,1
1138,3,3.0,17,2,624,16.0,0.0,8.0,61.09,-196,0
1139,2,3.0,17,2,124,11.0,0.0,6.0,67.21,-203,0
1140,1,3.0,17,2,422,16.0,0.0,4.0,75.01,-188,0
1141,7,3.0,287,4,29,12.0,0.0,9.0,23.97,-864,1
1142,3,3.0,287,4,54,14.0,0.0,2.0,82.34,-197,0
1143,6,3.0,287,4,603,6.0,0.0,5.0,78.6,-288,1
1144,3,4.0,488,3,54,28.0,0.0,12.0,76.42,-864,0
1145,3,4.0,488,3,54,12.0,0.0,10.0,38.46,-247,0
1146,4,3.5,266,3,607,10.0,0.0,1.0,88.44,-864,0
1147,1,3.5,266,3,54,5.0,0.0,3.0,34.79,-192,0
1148,3,1.5,3,3,607,6.0,0.0,3.0,53.81,-112,0
1149,3,1.5,3,3,89,3.0,0.0,1.0,58.48,-395,0
1150,9,1.5,3,3,87,4.0,0.0,4.0,67.32,-175,1
1151,3,1.5,3,3,124,7.0,0.0,2.0,79.86,-228,0
1152,2,3.5,293,4,64,24.0,0.0,11.0,52.15,-864,0
1153,2,3.5,293,4,64,28.0,0.0,5.0,64.47,-14,0
1154,4,3.5,293,4,650,22.0,0.0,6.0,74.62,-14,0
1155,2,3.5,293,4,64,22.0,0.0,11.0,72.75,-8,0
1156,3,3.5,293,4,603,26.0,0.0,12.0,74.65,-7,0
1157,4,4.0,84,3,607,0.0,0.0,0.0,87.12,-864,0
1158,5,4.0,84,3,607,0.0,0.0,2.0,39.72,-216,1
1159,2,4.0,84,3,82,0.0,0.0,3.0,31.66,-337,0
1160,6,4.0,1395,3,64,12.0,0.0,2.0,79.7,-864,1
1161,7,4.0,1395,3,64,1.0,0.0,4.0,69.14,-419,1
1162,2,4.0,440,2,82,8.0,0.0,1.0,70.68,-864,0
1163,3,3.0,111,3,82,18.0,0.0,9.0,49.14,-864,0
1164,4,3.0,111,3,624,13.0,0.0,6.0,49.35,-287,0
1165,1,3.0,111,3,422,27.0,0.0,8.0,82.17,-240,0
1166,9,3.0,111,3,89,22.0,0.0,11.0,47.23,-111,1
1167,1,3.0,111,3,59,16.0,0.0,11.0,75.01,-168,0
1168,4,3.5,70,3,82,4.0,0.0,10.0,59.34,-91,0
1169,2,3.5,70,3,124,8.0,0.0,12.0,83.82,-161,0
1170,1,3.5,70,3,124,2.0,0.0,5.0,39.72,-128,0
1171,3,3.5,70,3,26,10.0,0.0,5.0,91.08,-179,0
1172,3,3.5,70,3,422,6.0,0.0,3.0,47.14,-141,0
1173,2,3.5,70,3,611,11.0,0.0,11.0,78.2,-148,0
1174,1,3.0,161,2,624,3.0,0.0,3.0,74.61,-199,0
1175,1,3.0,161,2,54,5.0,0.0,3.0,34.79,-259,0
1176,2,3.0,161,2,64,0.0,0.0,2.0,58.56,-446,0
1177,4,3.0,106,2,54,25.0,0.0,10.0,94.96,-864,0
1178,2,3.5,41,3,87,15.0,0.0,13.0,76.74,-237,0
1179,4,3.5,41,3,89,4.0,0.0,13.0,35.49,-477,0
1180,2,4.0,87,3,88,12.0,0.0,10.0,64.13,-864,0
1181,0,4.0,87,3,64,25.0,0.0,17.0,64.59,-379,0
1182,0,4.0,87,3,603,20.0,0.0,8.0,87.51,-207,0
1183,1,4.0,161,3,87,18.0,1.0,9.0,84.74,-864,0
1184,2,4.0,161,3,603,16.0,0.0,5.0,38.07,-96,0
1185,1,4.0,161,3,107,15.0,0.0,5.0,30.12,-412,0
1186,2,4.0,161,3,59,20.0,0.0,13.0,87.92,-120,0
1187,2,3.5,137,2,64,11.0,0.0,4.0,65.7,-864,0
1188,1,3.5,137,2,82,9.0,0.0,6.0,85.8,-298,0
1189,6,4.0,57,3,603,2.0,0.0,2.0,53.44,-864,1
1190,7,4.0,57,3,107,13.0,0.0,2.0,58.48,-134,1
1191,10,4.0,57,3,624,9.0,0.0,3.0,41.42,-252,1
1192,2,4.0,57,3,611,14.0,0.0,2.0,94.05,-182,0
1193,3,4.0,411,3,64,18.0,0.0,9.0,85.73,-864,0
1194,1,3.5,279,3,611,17.0,0.0,6.0,69.56,-864,0
1195,3,3.5,279,3,59,17.0,0.0,8.0,69.58,-194,0
1196,6,3.5,279,3,54,33.0,0.0,16.0,85.19,-294,1
1197,5,4.0,257,3,29,16.0,0.0,12.0,51.06,-419,1
1198,4,4.0,1,2,422,7.0,0.0,8.0,53.44,-864,0
1199,8,4.0,8011,3,624,16.0,0.0,7.0,79.23,-864,1
1200,13,4.0,8011,3,89,11.0,0.0,13.0,86.3,-136,1
1201,11,4.0,8011,3,89,9.0,0.0,4.0,85.8,-315,1
1202,4,4.0,8011,3,26,15.0,0.0,11.0,43.31,-204,0
1203,2,4.0,8011,3,611,6.0,0.0,4.0,77.99,-147,0
1204,1,4.0,100,5,422,20.0,0.0,14.0,53.81,-90,0
1205,0,4.0,100,5,64,12.0,0.0,5.0,66.77,-205,0
1206,0,4.0,100,4,64,12.0,0.0,5.0,66.77,0,0
1207,6,4.0,19,3,607,19.0,0.0,9.0,28.27,-864,1
1208,11,4.0,19,3,650,25.0,0.0,5.0,90.86,-199,1
1209,3,4.0,19,3,107,25.0,0.0,14.0,67.33,-271,0
1210,5,4.0,13,3,59,2.0,0.0,3.0,51.06,-864,1
1211,2,4.5,22,2,29,29.0,0.0,8.0,91.68,-864,0
1212,2,4.5,22,2,29,25.0,0.0,7.0,47.85,-193,0
1213,2,3.5,90,3,59,2.0,0.0,4.0,87.12,-864,0
1214,3,3.5,90,3,54,5.0,0.0,3.0,32.67,-188,0
1215,1,3.5,90,3,64,6.0,0.0,4.0,78.79,-220,0
1216,5,3.5,90,3,54,0.0,0.0,0.0,95.32,-271,1
1217,0,3.0,36,3,54,24.0,0.0,3.0,65.7,-864,0
1218,3,3.0,36,3,54,10.0,0.0,12.0,70.72,-379,0
1219,1,3.0,101,3,82,22.0,0.0,17.0,86.06,-864,0
1220,9,3.0,101,3,89,11.0,0.0,15.0,50.9,-181,1
1221,6,3.0,101,3,121,12.0,0.0,3.0,82.17,-246,1
1222,8,3.0,164,3,624,17.0,0.0,9.0,68.0,-384,1
1223,0,3.0,164,3,124,27.0,0.0,12.0,80.36,-309,0
1224,3,3.0,164,3,124,13.0,0.0,10.0,40.34,-105,0
1225,2,2.5,166,3,422,20.0,0.0,19.0,28.62,-864,0
1226,2,2.5,166,3,88,30.0,0.0,8.0,82.85,-241,0
1227,5,3.0,109,3,82,20.0,0.0,6.0,51.85,-864,1
1228,3,3.0,109,3,124,12.0,0.0,8.0,68.28,-616,0
1229,3,3.0,109,3,422,19.0,0.0,10.0,36.18,-105,0
1230,7,3.0,4,3,603,5.0,0.0,2.0,77.22,-864,1
1231,4,3.0,4,3,26,3.0,0.0,2.0,31.37,-475,0
1232,2,3.0,4,3,612,2.0,0.0,0.0,68.99,-107,0
1233,12,3.5,121,3,607,23.0,0.0,11.0,74.61,-864,1
1234,1,3.5,121,3,124,16.0,0.0,9.0,70.1,-200,0
1235,4,3.5,121,3,124,4.0,0.0,8.0,85.96,-261,0
1236,5,3.5,121,3,107,19.0,0.0,10.0,52.28,-121,1
1237,2,3.5,121,3,422,13.0,0.0,6.0,68.38,-140,0
1238,7,3.5,89,3,54,18.0,0.0,7.0,98.52,-864,1
1239,5,4.0,14,3,54,23.0,0.0,13.0,88.13,-864,1
1240,3,4.0,14,3,603,27.0,0.0,10.0,74.36,-733,0
1241,3,3.0,522,3,82,10.0,0.0,10.0,55.97,-864,0
1242,11,3.5,213,3,89,16.0,0.0,8.0,79.84,-293,1
1243,7,3.5,213,3,624,15.0,0.0,5.0,71.07,-200,1
1244,0,3.5,43,2,64,9.0,0.0,5.0,78.54,-864,0
1245,7,3.5,43,2,82,12.0,0.0,11.0,91.79,-294,1
1246,5,3.0,121,2,29,0.0,0.0,1.0,84.32,-864,1
1247,7,3.0,121,2,64,0.0,0.0,1.0,35.49,-492,1
1248,2,4.5,4,3,422,3.0,0.0,5.0,74.61,-864,0
1249,5,4.5,4,3,64,1.0,0.0,3.0,55.97,-217,1
1250,5,4.5,4,3,26,1.0,0.0,0.0,41.35,-482,1
1251,7,4.0,19,2,422,13.0,0.0,4.0,73.05,-864,1
1252,5,2.5,27,3,82,6.0,0.0,2.0,82.48,-864,1
1253,2,2.5,27,3,82,3.0,0.0,3.0,32.75,-566,0
1254,1,2.5,27,3,64,1.0,0.0,3.0,64.2,-105,0
1255,3,4.0,57,3,603,28.0,0.0,12.0,55.02,-864,0
1256,2,4.0,57,3,54,28.0,0.0,10.0,80.15,-142,0
1257,2,4.0,57,3,29,28.0,0.0,7.0,75.95,-55,0
1258,1,4.0,57,3,54,37.0,0.0,13.0,81.23,-288,0
1259,4,4.0,57,3,650,16.0,0.0,10.0,67.43,-115,0
1260,4,2.5,22,3,121,3.0,0.0,1.0,74.61,-864,0
1261,0,2.5,22,3,26,7.0,0.0,1.0,68.0,-186,0
1262,6,2.5,22,3,624,5.0,0.0,2.0,30.3,-457,1
1263,2,2.5,22,3,612,4.0,0.0,0.0,98.84,-159,0
1264,3,4.0,193,3,82,14.0,0.0,11.0,51.06,-864,0
1265,10,4.0,57,3,603,20.0,0.0,20.0,69.12,-864,1
1266,3,4.0,57,3,54,19.0,0.0,13.0,51.36,-210,0
1267,9,3.0,13,3,64,0.0,0.0,1.0,87.78,-864,1
1268,7,3.0,13,3,607,1.0,0.0,2.0,38.48,-144,1
1269,3,3.0,13,3,54,3.0,0.0,1.0,90.86,-192,0
1270,2,3.0,13,3,612,3.0,0.0,1.0,71.81,-92,0
1271,9,3.5,5,3,603,7.0,0.0,2.0,81.17,-864,1
1272,6,3.5,5,3,422,3.0,0.0,4.0,86.46,-258,1
1273,3,3.5,5,3,107,3.0,0.0,2.0,70.72,-128,0
1274,2,3.5,5,3,612,4.0,0.0,3.0,68.38,-168,0
1275,5,3.0,28,2,29,0.0,0.0,6.0,96.24,-864,1
1276,5,3.0,28,2,82,1.0,0.0,2.0,80.36,-413,1
1277,5,3.5,1590,3,124,8.0,0.0,9.0,63.38,-864,1
1278,3,3.5,1590,3,612,13.0,0.0,8.0,66.11,-519,0
1279,2,4.0,305,3,59,8.0,0.0,5.0,41.44,-864,0
1280,5,3.0,511,3,624,6.0,0.0,4.0,55.23,-369,1
1281,2,3.0,511,3,124,6.0,0.0,6.0,70.0,-343,0
1282,5,3.0,203,3,82,5.0,0.0,5.0,56.17,-141,1
1283,8,3.0,203,3,89,7.0,0.0,4.0,39.76,-284,1
1284,6,3.0,203,3,26,14.0,0.0,3.0,81.94,-134,1
1285,3,3.0,203,3,611,7.0,0.0,4.0,63.76,-167,0
1286,3,3.0,203,3,59,8.0,0.0,4.0,59.42,-135,0
1287,8,3.0,20,5,19,5.0,0.0,2.0,55.71,-187,1
1288,15,3.0,20,5,89,1.0,0.0,3.0,51.68,-358,1
1289,7,3.0,20,5,422,2.0,0.0,3.0,48.69,-242,1
1290,1,3.5,1231,3,124,19.0,0.0,7.0,56.25,-120,0
1291,8,3.5,1231,3,603,16.0,0.0,5.0,87.32,-155,1
1292,3,3.0,182,3,107,22.0,0.0,6.0,82.43,-864,0
1293,6,3.5,8,3,607,5.0,0.0,4.0,55.02,-864,1
1294,7,3.5,8,3,107,4.0,0.0,2.0,84.74,-184,1
1295,6,3.5,8,3,107,3.0,0.0,4.0,80.78,-12,1
1296,4,3.5,8,3,89,6.0,0.0,0.0,71.07,-191,0
1297,9,3.5,8,3,89,6.0,0.0,0.0,71.07,0,1
1298,9,4.0,513,3,624,8.0,0.0,11.0,84.08,-864,1
1299,5,4.0,848,3,107,7.0,0.0,10.0,42.2,-807,1
1300,4,3.5,382,3,29,19.0,0.0,14.0,68.59,-864,0
1301,4,3.5,382,3,107,13.0,0.0,21.0,80.04,-542,0
1302,4,4.0,4,3,611,8.0,0.0,5.0,81.46,-864,0
1303,5,4.5,6,4,624,18.0,0.0,9.0,80.78,-864,1
1304,3,4.5,6,4,124,23.0,0.0,10.0,58.24,-551,0
1305,3,4.5,426,2,88,10.0,0.0,12.0,80.78,-349,0
1306,2,4.5,426,2,82,12.0,0.0,8.0,84.81,-338,0
1307,5,4.5,426,2,624,11.0,0.0,2.0,94.96,-298,1
1308,4,4.0,24,3,607,8.0,0.0,1.0,76.88,-864,0
1309,5,3.5,30,3,64,24.0,0.0,8.0,74.61,-198,1
1310,8,3.5,30,3,87,18.0,0.0,3.0,65.7,-175,1
1311,6,3.5,30,3,603,15.0,0.0,3.0,51.68,-168,1
1312,8,3.5,30,3,26,20.0,0.0,7.0,82.17,-132,1
1313,5,3.5,30,3,59,15.0,0.0,4.0,82.68,-257,1
1314,3,3.5,66,2,607,17.0,0.0,12.0,75.95,-864,0
1315,6,3.5,66,2,121,27.0,0.0,13.0,51.68,-182,1
1316,4,3.5,66,2,121,23.0,0.0,4.0,93.24,-140,0
1317,5,3.5,66,2,54,13.0,0.0,5.0,50.33,-134,1
1318,2,3.5,66,2,107,22.0,0.0,8.0,76.92,-167,0
1319,2,4.0,64,3,422,14.0,0.0,3.0,28.71,-864,0
1320,3,3.0,424,3,422,14.0,0.0,3.0,77.09,-596,0
1321,5,3.0,424,3,51,16.0,0.0,7.0,84.5,-440,1
1322,2,3.5,36,2,64,4.0,0.0,2.0,55.82,-864,0
1323,4,3.5,158,3,64,12.0,0.0,6.0,72.57,-864,0
1324,3,3.5,158,3,624,16.0,0.0,6.0,95.32,-444,0
1325,6,2.5,32,3,607,14.0,0.0,7.0,63.38,-864,1
1326,7,2.5,32,3,121,17.0,0.0,14.0,56.14,-133,1
1327,2,2.5,32,3,54,13.0,0.0,8.0,31.37,-273,0
1328,4,3.5,136,4,107,5.0,0.0,2.0,87.12,-171,0
1329,13,3.5,136,4,87,14.0,0.0,2.0,56.4,-276,1
1330,2,3.5,136,4,611,11.0,0.0,2.0,35.49,-275,0
1331,9,4.0,272,3,422,17.0,0.0,11.0,88.61,-864,1
1332,4,4.0,272,3,612,14.0,0.0,5.0,42.24,-565,0
1333,5,2.5,265,3,624,13.0,0.0,11.0,31.85,-864,1
1334,2,2.5,265,3,611,22.0,0.0,8.0,83.71,-490,0
1335,4,3.5,191,3,64,2.0,0.0,1.0,84.74,-864,0
1336,3,3.5,191,3,54,3.0,0.0,0.0,66.01,-386,0
1337,4,2.0,55,3,124,18.0,0.0,5.0,83.49,-203,0
1338,10,2.0,55,3,624,17.0,0.0,5.0,35.63,-223,1
1339,5,2.0,55,3,59,11.0,0.0,8.0,77.23,-469,1
1340,12,3.5,135,4,64,19.0,0.0,5.0,38.2,-864,1
1341,3,3.5,135,4,107,36.0,0.0,11.0,46.97,-65,0
1342,1,3.5,135,4,54,31.0,0.0,7.0,94.05,-105,0
1343,8,3.5,77,4,624,11.0,0.0,2.0,79.39,-864,1
1344,5,3.5,77,4,422,9.0,0.0,4.0,70.12,-131,1
1345,8,3.5,77,4,603,10.0,0.0,8.0,24.95,-90,1
1346,5,3.5,92,4,26,8.0,0.0,2.0,38.2,-733,1
1347,4,3.0,287,3,124,12.0,0.0,5.0,76.42,-864,0
1348,8,3.0,287,3,624,14.0,0.0,3.0,38.9,-249,1
1349,3,3.0,287,3,59,12.0,0.0,8.0,77.23,-479,0
1350,9,3.0,166,3,89,11.0,0.0,6.0,89.93,-203,1
1351,2,3.0,166,3,124,9.0,0.0,8.0,56.65,-126,0
1352,9,3.0,166,3,624,17.0,0.0,4.0,82.51,-201,1
1353,4,3.0,166,3,26,6.0,0.0,10.0,39.41,-243,0
1354,3,3.5,26,3,26,8.0,0.0,1.0,64.47,-864,0
1355,3,3.5,26,3,88,7.0,0.0,5.0,47.85,-329,0
1356,3,3.5,183,3,607,14.0,0.0,11.0,46.84,-864,0
1357,1,3.5,183,3,59,22.0,0.0,8.0,81.94,-179,0
1358,6,3.5,183,3,121,16.0,0.0,6.0,71.81,-143,1
1359,2,3.5,183,3,422,0.0,0.0,3.0,52.15,-864,0
1360,8,3.5,183,3,59,6.0,0.0,2.0,73.65,-870,1
1361,5,3.5,118,5,26,15.0,0.0,7.0,93.64,-551,1
1362,13,3.5,118,5,650,20.0,0.0,6.0,68.18,-257,1
1363,2,2.5,15,3,54,0.0,0.0,1.0,68.0,-864,0
1364,0,2.5,15,3,54,2.0,0.0,2.0,42.4,-490,0
1365,3,3.0,26,3,64,22.0,0.0,5.0,68.87,-864,0
1366,5,3.0,18,3,29,10.0,0.0,3.0,51.61,-864,1
1367,4,3.0,18,3,611,6.0,0.0,0.0,46.84,-266,0
1368,3,4.0,171,2,612,3.0,0.0,5.0,68.46,-864,0
1369,4,3.5,167,3,16,11.0,0.0,8.0,30.3,-864,0
1370,4,4.0,78,3,611,21.0,0.0,8.0,73.05,-864,0
1371,1,4.0,78,3,59,18.0,0.0,6.0,66.77,-166,0
1372,7,4.0,78,3,59,27.0,0.0,14.0,83.33,-226,1
1373,7,3.5,73,3,603,11.0,0.0,5.0,73.05,-196,1
1374,2,3.5,17,2,603,7.0,0.0,2.0,68.68,-864,0
1375,3,3.5,17,2,612,5.0,0.0,2.0,69.31,-517,0
1376,8,4.0,236,3,29,8.0,0.0,5.0,50.9,-864,1
1377,6,2.5,104,2,64,4.0,0.0,3.0,82.17,-864,1
1378,3,2.5,104,2,64,9.0,0.0,1.0,94.05,-323,0
1379,2,3.0,13,2,124,12.0,0.0,15.0,32.67,-864,0
1380,8,3.0,13,2,422,31.0,0.0,10.0,82.68,-203,1
1381,3,3.0,13,2,124,25.0,0.0,11.0,67.33,-217,0
1382,4,4.5,3,2,59,8.0,0.0,2.0,49.6,-413,0
1383,3,4.5,3,2,624,12.0,0.0,1.0,79.73,-440,0
1384,2,3.5,71,3,124,19.0,0.0,4.0,36.38,-864,0
1385,4,2.5,16,3,607,8.0,0.0,10.0,73.05,-228,0
1386,8,2.5,16,3,89,10.0,0.0,7.0,84.08,-138,1
1387,9,2.5,16,3,624,4.0,0.0,5.0,62.33,-202,1
1388,3,2.5,16,3,107,8.0,0.0,5.0,36.38,-321,0
1389,2,2.5,16,3,124,8.0,0.0,8.0,96.8,-136,0
1390,8,3.0,3,2,61,6.0,0.0,5.0,72.42,-864,1
1391,7,3.0,3,2,26,4.0,0.0,3.0,57.96,-350,1
1392,1,3.0,785,2,624,16.0,0.0,6.0,66.77,-864,0
1393,5,3.0,785,2,59,12.0,0.0,10.0,71.73,-673,1
1394,5,3.5,200,3,121,35.0,0.0,6.0,59.31,-200,1
1395,0,3.5,200,3,624,19.0,0.0,7.0,77.55,-55,0
1396,7,3.5,200,3,624,24.0,0.0,3.0,65.7,-133,1
1397,2,3.5,200,3,124,28.0,0.0,8.0,49.23,-146,0
1398,5,3.5,200,3,89,31.0,0.0,6.0,91.13,-161,1
1399,7,3.5,200,3,603,13.0,0.0,7.0,32.16,-163,1
1400,0,3.5,105,3,64,18.0,0.0,4.0,94.05,-864,0
1401,1,4.0,57,4,422,20.0,0.0,14.0,53.81,-864,0
1402,10,4.0,31,3,19,5.0,0.0,9.0,85.75,-271,1
1403,0,2.5,2,2,64,1.0,0.0,1.0,85.77,-262,0
1404,5,2.5,2,4,64,1.0,0.0,1.0,85.77,0,1
1405,2,2.5,2,2,603,4.0,0.0,3.0,69.58,-131,0
1406,0,2.5,2,4,603,4.0,0.0,3.0,69.58,0,0
1407,1,2.5,2,2,87,3.0,0.0,2.0,76.39,-332,0
1408,7,2.5,2,4,87,3.0,0.0,2.0,76.39,0,1
1409,7,2.5,2,4,624,0.0,0.0,0.0,32.75,-90,1
1410,0,2.5,2,2,612,1.0,0.0,1.0,78.5,-133,0
1411,1,2.5,2,4,612,1.0,0.0,1.0,78.5,0,0
1412,7,4.0,23,3,64,15.0,0.0,10.0,78.84,-864,1
1413,1,4.0,23,3,54,17.0,0.0,12.0,77.23,-724,0
1414,7,3.5,36,3,82,7.0,0.0,11.0,74.09,-202,1
1415,13,3.5,36,3,89,7.0,0.0,2.0,62.74,-209,1
1416,5,2.5,131,3,82,30.0,0.0,9.0,42.74,-480,1
1417,7,4.0,112,3,607,4.0,0.0,6.0,85.75,-864,1
1418,3,4.0,112,3,422,5.0,0.0,10.0,86.47,-356,0
1419,3,4.0,112,3,124,2.0,0.0,0.0,82.14,-422,0
1420,3,4.0,543,4,107,12.0,0.0,5.0,44.34,-490,0
1421,2,4.0,543,4,26,12.0,0.0,4.0,50.33,-284,0
1422,1,4.0,33,3,107,19.0,0.0,6.0,72.75,-864,0
1423,1,4.0,33,3,29,15.0,0.0,7.0,62.69,-197,0
1424,3,4.0,33,3,121,15.0,0.0,5.0,79.59,-268,0
1425,0,4.0,33,3,603,21.0,0.0,3.0,37.15,-210,0
1426,1,4.0,33,3,107,14.0,0.0,8.0,91.09,-154,0
1427,2,3.5,365,3,611,9.0,0.0,7.0,86.41,-133,0
1428,11,3.5,365,3,26,18.0,0.0,7.0,84.49,-443,1
1429,11,4.0,28,3,121,20.0,0.0,10.0,68.68,-864,1
1430,5,4.0,28,3,59,13.0,0.0,13.0,70.0,-357,1
1431,5,4.0,28,3,624,15.0,0.0,13.0,83.18,-192,1
1432,8,3.5,120,3,82,7.0,0.0,6.0,76.39,-864,1
1433,6,3.0,553,3,88,27.0,0.0,6.0,73.51,-864,1
1434,5,3.0,553,3,82,22.0,0.0,15.0,71.18,-274,1
1435,5,2.5,229,3,64,28.0,0.0,4.0,49.64,-864,1
1436,3,2.5,229,3,59,13.0,0.0,9.0,69.96,-398,0
1437,8,2.5,229,3,624,21.0,0.0,3.0,83.13,-168,1
1438,3,3.5,85,2,59,8.0,0.0,6.0,32.16,-864,0
1439,2,3.5,10,3,82,5.0,0.0,4.0,78.88,-215,0
1440,3,3.5,10,3,121,2.0,0.0,5.0,48.25,-198,0
1441,2,4.0,68,3,607,17.0,0.0,10.0,74.96,-133,0
1442,3,4.0,68,3,29,12.0,0.0,3.0,48.58,-330,0
1443,12,4.0,68,3,87,14.0,0.0,6.0,91.08,-123,1
1444,1,2.5,48,3,54,15.0,0.0,10.0,90.67,-1027,0
1445,3,3.5,3,3,607,4.0,0.0,2.0,34.59,-864,0
1446,2,3.5,3,3,124,3.0,0.0,4.0,80.55,-187,0
1447,5,3.5,3,3,89,1.0,0.0,4.0,79.39,-310,1
1448,5,3.5,3,3,26,1.0,0.0,2.0,26.38,-222,1
1449,7,3.5,48,3,121,6.0,0.0,3.0,35.53,-864,1
1450,6,3.5,48,3,26,9.0,0.0,4.0,89.07,-133,1
1451,0,3.5,48,3,611,5.0,0.0,3.0,27.74,-195,0
