date,dewPoint,3-day_avg_dewPoint,humidity,3-day_avg_humidity,maxTemp,3-day_avg_maxTemp,minTemp,3-day_avg_minTemp,precipType
2013-05-01,40.43,,0.48,,68,,56.29,,rain
2013-05-02,44.36,,0.6,,64,,54.04,,rain
2013-05-03,44.47,,0.56,,70,,53.5,,rain
2013-05-04,36.97,42.66,0.42,0.54,77,66.66,54,54.06,rain
2013-05-05,26.68,41.51,0.27,0.52,79,69.63,54.04,53.31,rain
2013-05-06,27.15,35.68,0.24,0.41,81,74.58,53.85,53.31,rain
2013-05-07,38.59,29.96,0.4,0.31,72,78.21,56.56,53.42,rain
2013-05-08,45.24,30.5,0.55,0.3,73.32,76.56,55,54.27,rain
2013-05-09,42.78,36.62,0.46,0.39,72,74.69,57,54.59,rain
2013-05-10,37.78,41.78,0.36,0.47,82.1,71.72,50.79,55.62,rain
2013-05-11,29.65,41.51,0.21,0.45,81.1,75.05,63.81,53.72,rain
2013-05-12,34.41,36.37,0.27,0.34,78.79,77.62,63.06,56.63,rain
2013-05-13,40.47,33.61,0.4,0.28,75,79.86,59,58.63,rain
2013-05-14,39.91,34.49,0.46,0.29,79,77.51,52.7,61.34,rain
2013-05-15,39.76,37.88,0.39,0.37,78.45,76.82,55.13,57.67,rain
2013-05-16,42.07,39.65,0.41,0.41,80.99,76.71,59,55.05,rain
2013-05-17,33.13,40.17,0.25,0.42,86,78.69,59.53,55.05,rain
2013-05-18,34.06,37.94,0.23,0.35,86,81,58.62,57.31,rain
2013-05-19,33.96,36.06,0.24,0.29,89.64,83.49,60.56,58.46,rain
2013-05-20,32.08,33.38,0.21,0.24,90,86.34,62.34,58.97,rain
2013-05-21,30.58,33.03,0.2,0.22,88.57,87.66,64.27,59.9,rain
2013-05-22,23.43,31.88,0.17,0.21,86.38,88.51,66.58,61.77,rain
2013-05-23,30.29,28.41,0.2,0.19,82.16,87.43,66.96,63.75,rain
2013-05-24,37.3,27.82,0.27,0.19,82.63,84.85,66.51,65.28,rain
2013-05-25,33.9,30.04,0.23,0.21,86.69,82.89,65.49,66.02,rain
2013-05-26,41.78,33.49,0.43,0.23,73.25,82.99,59,65.66,rain
2013-05-27,50.55,37.28,0.73,0.31,68,80.05,55,63.03,rain
2013-05-28,48.81,41.66,0.82,0.46,57.25,75.22,52,59.23,rain
2013-05-29,47.7,46.58,0.65,0.65,68,65.51,53.42,54.78,rain
2013-05-30,48.8,48.53,0.57,0.73,77.79,63.77,51.4,52.94,rain
2013-05-31,47.75,47.95,0.44,0.67,85.8,67,56.2,51.75,rain
2013-06-01,37,47.6,0.25,0.55,93,76.42,59.68,53.14,rain
2013-06-02,40.08,44.07,0.27,0.42,91.52,84.67,64.2,55.2,rain
2013-06-03,31.5,41.19,0.17,0.32,92.25,89.21,70.19,59.43,rain
2013-06-04,31.68,35.83,0.17,0.23,91.47,91.33,70.42,64.04,rain
2013-06-05,31.72,34.08,0.18,0.2,91.63,90.83,68.02,67.59,rain
2013-06-06,26.47,31.32,0.15,0.17,89.65,90.87,72.36,68.85,rain
2013-06-07,36,29.66,0.26,0.17,86,90.01,62.44,69.56,rain
2013-06-08,42.24,31.08,0.33,0.19,82.97,88.2,64.12,66.93,rain
2013-06-09,40.22,34.55,0.28,0.24,86.05,85.34,65.59,65.64,rain
2013-06-10,40.83,39.09,0.26,0.29,91.78,84.16,63.33,63.41,rain
2013-06-11,42.84,40.69,0.26,0.29,96.92,86.06,67,63.7,rain
2013-06-12,41.13,40.88,0.23,0.26,93.93,90.67,73.03,64.65,rain
2013-06-13,41.46,41.18,0.26,0.25,90,93.27,72,67.11,rain
2013-06-14,49.34,41.39,0.55,0.25,77,92.68,61.58,69.97,rain
2013-06-15,49.81,43.54,0.57,0.34,72,86.11,59.89,68.18,rain
2013-06-16,50.99,46.4,0.7,0.46,69.05,78.87,55,63.85,rain
2013-06-17,45.85,49.55,0.52,0.6,76.32,71.96,54,58.24,rain
2013-06-18,48.81,48.39,0.53,0.59,77.82,71.73,59.13,55.73,rain
2013-06-19,46.67,48.06,0.47,0.58,83.07,73.65,57,55.48,rain
2013-06-20,47.09,46.64,0.4,0.5,87.11,78.28,61,56.14,rain
2013-06-21,45.12,47.05,0.32,0.46,90.11,81.84,63.38,58.45,rain
2013-06-22,42.69,45.83,0.27,0.39,92.17,85.9,69.95,59.86,rain
2013-06-23,40.02,44.52,0.24,0.33,93.76,88.9,70.21,64.13,rain
2013-06-24,35.26,42.18,0.18,0.27,95,91.09,71.17,67.17,rain
2013-06-25,37.87,38.93,0.21,0.23,95.67,92.71,66.25,69.74,rain
2013-06-26,39.96,37.34,0.21,0.21,97.14,93.86,69.59,68.52,rain
2013-06-27,38.38,37.32,0.2,0.2,96.32,94.98,75.09,68.31,rain
2013-06-28,36.57,38.35,0.21,0.2,89.24,95.41,73,69.61,rain
2013-06-29,41.3,37.92,0.31,0.2,86,93.29,64.39,71.83,rain
2013-06-30,49.93,38.36,0.48,0.24,81.92,89.61,61,70.12,rain
2013-07-01,50.44,42.17,0.49,0.33,81,84.86,65.85,65.47,rain
2013-07-02,54.38,46.75,0.57,0.42,79.13,82.14,61.87,63.11,rain
2013-07-03,48.93,51.07,0.4,0.51,88.92,79.88,62.45,62.28,rain
2013-07-04,47.18,50.74,0.31,0.48,94.09,82.19,68.21,62.76,rain
2013-07-05,42.62,49.66,0.24,0.42,97,86.51,73.47,63.53,rain
2013-07-06,43.54,45.78,0.25,0.31,95,92.4,74.59,67.36,rain
2013-07-07,47.21,44,0.37,0.26,86.45,94.41,72,71.37,rain
2013-07-08,42.84,44.01,0.37,0.28,86,91.89,64.87,72.62,rain
2013-07-09,48.93,44.08,0.5,0.33,77.33,88.26,62.25,69.78,rain
2013-07-10,52.28,45.86,0.65,0.41,73,82.43,60.9,65.71,rain
2013-07-11,52.1,47.54,0.62,0.5,75,77.99,59,62.05,rain
2013-07-12,48.51,50.59,0.45,0.58,84,74.36,62.15,60.11,rain
2013-07-13,45.81,50.45,0.35,0.57,90.23,76.56,61.99,60.08,rain
2013-07-14,46.66,48.32,0.32,0.47,93,82.25,67.05,60.44,rain
2013-07-15,45.79,46.52,0.34,0.37,88,88.19,68.8,63.09,rain
2013-07-16,37.45,45.63,0.23,0.33,91.33,89.51,67.86,65.29,rain
2013-07-17,43.59,42.87,0.28,0.29,89.16,89.87,68.82,67.22,rain
2013-07-18,42.81,41.85,0.27,0.28,93.79,88.6,67.07,67.81,rain
2013-07-19,42.36,40.87,0.26,0.26,90.58,90.51,73.79,67.24,rain
2013-07-20,48.07,42.49,0.32,0.27,90.81,90.26,71.49,69.19,rain
2013-07-21,48.61,43.97,0.32,0.28,93.72,90.81,71.52,70.08,rain
2013-07-22,54.29,45.88,0.52,0.3,79,90.79,69.4,71.54,rain
2013-07-23,48.88,49.82,0.44,0.38,87.06,86.96,63.49,70.1,rain
2013-07-24,32.7,50.09,0.19,0.42,90,85.73,69.68,67.46,rain
2013-07-25,41.01,44.84,0.27,0.38,89.76,84.5,66.49,66.85,rain
2013-07-26,45.2,40.45,0.32,0.3,88.67,88.05,64.75,65.89,rain
2013-07-27,45.88,39.24,0.3,0.26,93.7,88.58,67.23,66.3,rain
2013-07-28,46.19,43.59,0.28,0.29,99.59,89.8,67.79,65.5,rain
2013-07-29,44.96,45.3,0.25,0.3,100.05,93.05,67.8,65.92,rain
2013-07-30,41.73,45.22,0.22,0.27,100.51,96.8,69.19,66.93,rain
2013-07-31,44.76,43.85,0.24,0.25,100,99.05,71.24,67.58,rain
2013-08-01,46.58,43.38,0.24,0.23,99,99.18,75.78,68.72,rain
2013-08-02,44.9,43.91,0.22,0.23,97.88,98.84,76.11,71.35,rain
2013-08-03,45.56,44.96,0.23,0.23,93,97.97,80.73,73.63,rain
2013-08-04,39.52,45.22,0.18,0.23,99,95.66,81.23,76.76,rain
2013-08-05,44.47,42.89,0.24,0.21,93,95.66,78.48,78.56,rain
2013-08-06,47.92,42.75,0.28,0.21,96.84,94.05,73.63,79.35,rain
2013-08-07,44.22,43.53,0.25,0.23,97.92,95.32,70.94,77,rain
2013-08-08,44.17,45.08,0.25,0.25,95,94.96,75.64,73.61,rain
2013-08-09,47.12,44.98,0.29,0.26,91,95.62,73.02,72.67,rain
2013-08-10,48.77,44.72,0.3,0.26,91,93.69,74.88,72.47,rain
2013-08-11,48.01,46.22,0.29,0.28,90,91.41,76.13,73.77,rain
2013-08-12,47.65,47.49,0.29,0.29,91,89.76,74.26,73.93,rain
2013-08-13,42.38,47.66,0.33,0.29,82,89.76,68,74.34,rain
2013-08-14,44.46,45.55,0.36,0.3,82,86.79,67.38,72.07,rain
2013-08-15,48.72,44.38,0.43,0.32,84.15,84.15,59.99,69.18,rain
2013-08-16,49.17,44.73,0.44,0.37,80.75,81.89,66,64.47,rain
2013-08-17,55.98,46.98,0.66,0.41,74.74,81.48,63,63.81,rain
2013-08-18,55.16,50.78,0.58,0.5,82.69,79.08,63,62.37,rain
2013-08-19,56.84,52.9,0.68,0.55,75.66,78.6,63,63.36,rain
2013-08-20,56.37,55.43,0.68,0.63,75.28,76.92,63,62.37,rain
2013-08-21,57.09,55.56,0.69,0.64,74.38,77.1,64,62.37,rain
2013-08-22,55.22,56.2,0.55,0.68,82,74.36,65.85,62.7,rain
2013-08-23,53.89,55.66,0.45,0.63,87.06,76.45,68.18,63.64,rain
2013-08-24,50.11,54.85,0.39,0.56,89.35,80.34,70.56,65.35,rain
2013-08-25,36.74,52.54,0.25,0.46,90,85.28,71.5,67.51,rain
2013-08-26,29.35,46.44,0.2,0.36,88,87.92,65.04,69.38,rain
2013-08-27,37.52,38.35,0.27,0.28,88.42,88.23,58.98,68.34,rain
2013-08-28,41.48,34.19,0.29,0.24,88.75,87.92,64.14,64.52,rain
2013-08-29,43.51,35.76,0.29,0.25,88,87.51,68.36,62.09,rain
2013-08-30,38.27,40.43,0.24,0.28,88,87.51,71.76,63.19,rain
2013-08-31,25.87,40.68,0.16,0.27,88.13,87.37,68.58,67.41,rain
2013-09-01,41.12,35.52,0.33,0.23,79,87.16,66.46,68.87,rain
2013-09-02,44.25,34.74,0.36,0.24,81.62,84.19,65.4,68.24,rain
2013-09-03,46.43,36.71,0.41,0.28,81,82.09,64,66.15,rain
2013-09-04,46.61,43.49,0.44,0.36,79,79.73,63.55,64.63,rain
2013-09-05,45.83,45.31,0.4,0.4,82,79.73,62.91,63.67,rain
2013-09-06,45.65,45.83,0.42,0.41,82.07,79.86,61.96,62.85,rain
2013-09-07,45.9,45.57,0.4,0.42,84,80.21,59.12,62.18,rain
2013-09-08,42.92,45.34,0.35,0.4,86,81.86,58.52,60.72,rain
2013-09-09,42.08,44.38,0.32,0.39,87.53,83.18,59.91,59.27,rain
2013-09-10,41.49,43.2,0.31,0.35,88,84.98,61.87,58.59,rain
2013-09-11,40.5,41.74,0.29,0.32,89.67,86.3,60.7,59.5,rain
2013-09-12,37.42,40.94,0.25,0.3,91.53,87.52,60.02,60.22,rain
2013-09-13,38.09,39.41,0.24,0.28,88,88.84,70.76,60.25,rain
2013-09-14,41.5,38.28,0.34,0.26,82,88.84,64,63.19,rain
2013-09-15,46.58,38.61,0.52,0.27,75,86.3,58.99,64.28,rain
2013-09-16,43.27,41.64,0.53,0.36,72.42,80.85,54.68,63.94,rain
2013-09-17,31.89,43.35,0.31,0.46,77,75.71,52.69,58.63,rain
2013-09-18,36.83,40.17,0.36,0.45,77.87,74.06,52.42,54.9,rain
2013-09-19,40.05,36.96,0.37,0.4,79.15,75.01,54.72,52.73,rain
2013-09-20,41.4,35.89,0.37,0.34,82.36,77.23,55.62,52.74,rain
2013-09-21,31.07,39.03,0.23,0.36,87.7,79,57.31,53.71,rain
2013-09-22,34.19,37.13,0.28,0.32,82,82.24,56.88,55.32,rain
2013-09-23,25.78,35.2,0.25,0.29,67.84,83.18,57.64,56.04,rain
2013-09-24,31.21,30.04,0.32,0.25,71.08,78.39,53.6,56.7,rain
2013-09-25,33.89,30.09,0.34,0.28,73.86,72.9,53.92,55.48,rain
2013-09-26,37.02,29.99,0.39,0.3,76.22,70.22,53.96,54.5,rain
2013-09-27,38.97,33.7,0.39,0.35,78.83,72.98,54.43,53.29,rain
2013-09-28,40.81,36.26,0.39,0.37,80.37,75.54,54.61,53.56,rain
2013-09-29,37.35,38.54,0.35,0.39,79,77.69,54.31,53.79,rain
2013-09-30,34.89,38.65,0.31,0.37,78.51,78.61,54.78,53.91,rain
2013-10-01,35.9,37.31,0.32,0.35,79.47,78.5,54.44,54.02,rain
2013-10-02,32.85,35.69,0.28,0.32,81.16,78.2,55.8,53.96,rain
2013-10-03,34,34.2,0.3,0.3,81.92,78.92,52.91,54.46,rain
2013-10-04,31.23,33.91,0.28,0.3,84.47,80.04,52.39,53.84,rain
2013-10-05,24.94,32.37,0.2,0.28,85.21,81.69,55.87,53.16,rain
2013-10-06,28.49,29.76,0.24,0.26,84,83.03,53.03,53.19,rain
2013-10-07,30.03,27.94,0.26,0.24,82.62,83.71,53.77,53.23,rain
2013-10-08,29.32,27.54,0.24,0.23,86.63,83.1,53.2,53.68,rain
2013-10-09,30.9,28.99,0.27,0.24,82.91,83.57,52.67,52.8,rain
2013-10-10,32.86,29.78,0.28,0.25,81.01,83.21,54.4,52.68,rain
2013-10-11,25.69,30.72,0.23,0.26,81.63,82.68,54.49,52.89,rain
2013-10-12,26.37,29.52,0.26,0.26,70.61,81.03,56.11,53.31,rain
2013-10-13,33.19,28.02,0.39,0.25,66.76,76.97,50.71,54.45,rain
2013-10-14,29.62,28.13,0.34,0.29,64.79,72.27,53.92,53.23,rain
2013-10-15,29.47,29.43,0.36,0.33,68.78,66.71,45.98,53.04,rain
2013-10-16,30.42,30.45,0.36,0.36,70.46,66.11,45.09,49.7,rain
2013-10-17,26.28,29.54,0.31,0.35,67.36,67.33,47.09,47.85,rain
2013-10-18,28.5,28.44,0.33,0.34,68.32,68.18,48.92,45.59,rain
2013-10-19,28.59,28.12,0.36,0.33,68.91,68.03,43.3,46.56,rain
2013-10-20,28.89,27.51,0.37,0.33,69.99,67.51,41.48,45.97,rain
2013-10-21,27.65,28.37,0.35,0.35,70.15,68.38,41.78,44.12,rain
2013-10-22,25.26,28.09,0.33,0.36,70,68.99,40.25,41.76,rain
2013-10-23,23.32,26.99,0.31,0.35,69.09,69.35,40.24,40.76,rain
2013-10-24,28.66,25.16,0.36,0.33,70.93,69.05,41.76,40.35,rain
2013-10-25,24.03,25.49,0.31,0.33,70.32,69.31,40.23,40.34,rain
2013-10-26,21.27,25.08,0.3,0.32,66.07,69.41,39.16,40.34,rain
2013-10-27,22.43,24.41,0.31,0.32,64.7,68.42,42.1,39.98,rain
2013-10-28,23.62,22.35,0.33,0.3,63.78,66.36,42.71,40.09,rain
2013-10-29,28.04,22.22,0.46,0.31,59.13,64.2,39.29,40.91,rain
2013-10-30,27.92,24.45,0.47,0.36,58.98,61.91,36.13,40.95,rain
2013-10-31,26.07,26.26,0.41,0.42,58.38,60.02,37.88,38.98,rain
2013-11-01,22.87,27.07,0.37,0.44,58.99,58.24,35.75,37.39,rain
2013-11-02,24.9,25.36,0.39,0.41,58.54,58.2,41.93,36.22,rain
2013-11-03,18.55,24.37,0.35,0.39,61.61,58.05,33.21,38.13,rain
2013-11-04,15.49,21.89,0.3,0.37,60.38,59.12,32.77,36.59,rain
2013-11-05,19.68,19.45,0.36,0.34,58.06,59.57,33.51,35.61,rain
2013-11-06,16.33,17.73,0.34,0.33,59.01,59.42,33.26,32.83,rain
2013-11-07,16.78,17,0.32,0.33,58.57,58.56,32.59,32.85,rain
2013-11-08,9.43,17.42,0.24,0.34,64.37,57.96,32.27,32.79,rain
2013-11-09,13.45,14.04,0.3,0.3,55,60.04,39,32.38,rain
2013-11-10,26.32,13.09,0.63,0.28,42.83,58.72,34,34.27,rain
2013-11-11,27.01,16.24,0.63,0.39,44.51,53.53,34,34.74,rain
2013-11-12,28.65,22.04,0.8,0.51,37.96,46.97,32,35.31,rain
2013-11-13,28.29,27.05,0.74,0.68,42.52,41.35,31.99,33,rain
2013-11-14,27.73,27.7,0.73,0.72,45.28,41.25,28.02,32.34,rain
2013-11-15,26.28,27.94,0.71,0.75,46.83,41.5,25.73,30.36,rain
2013-11-16,25.32,27.16,0.68,0.72,46.75,44.43,24.97,28.29,rain
2013-11-17,24.3,26.18,0.65,0.7,47.23,45.82,24.03,25.98,rain
2013-11-18,23.39,25.05,0.62,0.67,48.36,46.47,24.5,24.66,rain
2013-11-19,22.68,24.09,0.63,0.64,45.12,46.97,25.73,24.26,rain
2013-11-20,17.59,23.22,0.54,0.63,46,46.43,25.26,24.51,rain
2013-11-21,-0.79,21.01,0.26,0.59,48,46.03,29.45,24.91,rain
2013-11-22,23.04,13.03,0.77,0.47,34,45.91,25.13,26.55,snow
2013-11-23,18.63,13.15,0.66,0.52,37.31,42.24,20.96,26.35,snow
2013-11-24,19.4,13.49,0.63,0.56,41.28,39.37,22.09,24.93,snow
2013-11-25,20.05,20.15,0.62,0.68,41,37.15,23.47,22.5,rain
2013-11-26,20.29,19.17,0.63,0.63,41.87,39.46,24.79,21.95,rain
2013-11-27,18.5,19.71,0.61,0.62,40.2,40.97,22.58,23.22,snow
2013-11-28,18.07,19.42,0.59,0.61,42.05,40.61,22.73,23.38,snow
2013-11-29,17.39,18.76,0.56,0.6,44.8,40.96,22.12,23.13,rain
2013-11-30,16.54,17.81,0.52,0.58,46.34,41.93,23.42,22.25,rain
2013-12-01,16.91,17.16,0.52,0.55,45.75,43.95,23.64,22.53,rain
2013-12-02,16.64,16.78,0.5,0.53,45,45.17,23.56,22.83,rain
2013-12-03,15.14,16.53,0.5,0.51,43.58,45.24,23.44,23.3,rain
2013-12-04,15.51,16.07,0.54,0.5,42.67,44.33,22.72,23.31,snow
2013-12-05,15.1,15.61,0.53,0.51,42.22,43.31,22.99,23.01,snow
2013-12-06,14.3,15.1,0.5,0.52,43,42.4,22.26,22.82,snow
2013-12-07,14.68,14.82,0.56,0.52,37.81,42.2,23,22.43,snow
2013-12-08,14.48,14.55,0.57,0.52,37.67,40.6,20.87,22.52,snow
2013-12-09,14.7,14.34,0.6,0.54,37.36,39.1,19.47,21.82,snow
2013-12-10,15.57,14.47,0.61,0.57,37.07,37.24,19.48,20.9,snow
2013-12-11,16.05,14.77,0.67,0.59,35.21,36.99,17.64,19.74,snow
2013-12-12,16.73,15.29,0.65,0.62,37.96,36.18,19.76,18.67,snow
2013-12-13,15.6,15.96,0.56,0.64,42.49,36.38,22.95,18.77,snow
2013-12-14,16.43,15.97,0.64,0.62,38.69,38.17,21,19.92,snow
2013-12-15,16.07,16.09,0.64,0.61,37.22,39.32,19.77,21.02,snow
2013-12-16,16.44,15.87,0.63,0.61,37.7,39.07,18.06,21.03,snow
2013-12-17,17.38,16.15,0.61,0.63,40.36,37.49,22.2,19.41,snow
2013-12-18,16.23,16.46,0.64,0.62,37.2,38.04,18.42,19.81,snow
2013-12-19,16.37,16.52,0.53,0.62,41.87,38.04,26.79,19.36,snow
2013-12-20,20.68,16.49,0.78,0.59,31.99,39.41,19.85,22.25,snow
2013-12-21,21.03,17.58,0.81,0.64,30,36.65,22.46,21.47,snow
2013-12-22,19.3,19.17,0.77,0.7,30.61,34.27,20.38,22.8,snow
2013-12-23,16.42,20.13,0.75,0.78,30.73,30.56,15.96,20.69,snow
2013-12-24,18.62,18.73,0.75,0.77,28.84,30.14,23,19.4,snow
2013-12-25,17.57,17.93,0.71,0.75,31.69,29.76,20.28,19.58,snow
2013-12-26,16.82,17.36,0.73,0.73,29.02,30.12,21.42,19.55,snow
2013-12-27,16.65,17.49,0.78,0.72,27.16,29.55,19,21.35,snow
2013-12-28,15.34,16.84,0.78,0.73,26.24,29,17.71,20.03,snow
2013-12-29,14.73,16.11,0.76,0.76,26.99,27.2,13.97,19.18,snow
2013-12-30,14.73,15.42,0.71,0.77,28.24,26.53,19,16.72,snow
2013-12-31,11.88,14.78,0.71,0.74,25.93,26.89,14.34,16.72,snow
2014-01-01,12.1,13.64,0.71,0.72,29.58,26.78,14,15.61,snow
2014-01-02,11.58,12.77,0.71,0.7,30.88,27.64,11.72,15.62,snow
2014-01-03,11.46,11.73,0.71,0.7,30.29,28.51,10.96,13.22,snow
2014-01-04,11.2,11.6,0.65,0.7,32,29.95,12,12.1,snow
2014-01-05,11.14,11.3,0.61,0.68,35.16,30.75,12.36,11.44,snow
2014-01-06,9.59,11.15,0.62,0.65,30.12,32.16,14,11.66,snow
2014-01-07,12.79,10.54,0.73,0.62,26.53,32.1,13.67,12.66,snow
2014-01-08,12.67,11.06,0.79,0.65,23.3,30.3,14,13.21,snow
2014-01-09,9.77,11.57,0.7,0.71,25.77,26.38,10,13.75,snow
2014-01-10,11.94,11.63,0.68,0.73,30,24.95,16.12,12.43,snow
2014-01-11,10.1,11.35,0.66,0.72,30.13,26.09,10.19,13.24,snow
2014-01-12,9.69,10.5,0.65,0.67,30.76,28.35,10.02,11.98,snow
2014-01-13,10.67,10.47,0.64,0.66,32.58,29.99,13.03,11.99,snow
2014-01-14,11.03,10.05,0.62,0.64,32.95,30.85,13.09,10.97,snow
2014-01-15,10.9,10.36,0.61,0.63,33.51,31.78,12.5,11.93,snow
2014-01-16,11.07,10.76,0.6,0.62,34.3,32.68,12.02,12.74,snow
2014-01-17,11.59,10.89,0.57,0.6,39.58,33.25,16,12.41,snow
2014-01-18,10.66,11.07,0.58,0.59,34.16,35.44,14.72,13.37,snow
2014-01-19,11.1,11,0.58,0.58,35.36,35.65,14.22,14.1,snow
2014-01-20,11.81,11.01,0.56,0.57,36.76,36,17.46,14.83,snow
2014-01-21,11.28,11.08,0.54,0.57,37.99,35.07,17.02,15.31,snow
2014-01-22,10.54,11.28,0.49,0.55,41,36.34,18.46,16.07,snow
2014-01-23,11.41,11.1,0.49,0.52,41.87,38.2,20.83,17.47,snow
2014-01-24,11.09,10.97,0.49,0.5,39.87,39.88,18.56,18.58,snow
2014-01-25,10.69,10.9,0.5,0.49,39.29,40.5,18.87,19.09,snow
2014-01-26,11.31,10.95,0.46,0.49,43.59,39.94,19.64,19.23,snow
2014-01-27,10.49,10.92,0.44,0.48,43.12,40.51,21.15,18.83,snow
2014-01-28,11.07,10.72,0.4,0.46,50.86,41.58,21.17,19.69,rain
2014-01-29,11.34,10.85,0.39,0.43,48.73,45.4,24.44,20.45,rain
2014-01-30,12.1,10.86,0.39,0.41,48.65,47.09,23.63,22.03,rain
2014-01-31,9.49,11.39,0.27,0.39,59,48.92,29,22.85,rain
2014-02-01,14,10.87,0.4,0.35,50.23,51.61,26.01,25.43,rain
2014-02-02,11.42,11.74,0.4,0.35,43.29,52.1,26.5,25.95,rain
2014-02-03,11.21,11.52,0.49,0.35,32,50.33,24.12,26.9,snow
2014-02-04,18.14,12.09,0.72,0.43,32.25,41.42,23.99,25.29,snow
2014-02-05,20.18,13.45,0.84,0.53,30.82,35.49,16,24.62,snow
2014-02-06,18.29,16.34,0.81,0.68,32.04,31.37,19.5,21.16,snow
2014-02-07,17.43,18.68,0.78,0.78,30.23,31.39,18,19.63,snow
2014-02-08,16.37,18.45,0.77,0.8,33.57,30.72,17.97,17.66,snow
2014-02-09,14.48,17.19,0.7,0.78,32.15,31.63,18,18.31,snow
2014-02-10,13.59,15.93,0.67,0.74,33.53,31.66,16,17.81,snow
2014-02-11,14.5,14.67,0.66,0.71,35.66,32.75,16,17.15,snow
2014-02-12,15.11,14.05,0.66,0.67,39.52,33.44,18.57,16.5,snow
2014-02-13,16.53,14.26,0.64,0.66,40.57,35.87,19,16.69,snow
2014-02-14,17.9,15.23,0.62,0.65,43.45,38.2,21,17.68,snow
2014-02-15,15.32,16.35,0.51,0.63,45.42,40.77,23,19.33,rain
2014-02-16,14.37,16.42,0.48,0.58,48.46,42.72,23,20.79,rain
2014-02-17,13.36,15.7,0.49,0.53,39.94,45.32,21,22.11,snow
2014-02-18,14.22,14.21,0.54,0.49,39.49,44.16,21.96,22.11,snow
2014-02-19,15.16,13.84,0.5,0.5,42.82,42.2,23.16,21.77,rain
2014-02-20,18.94,14.1,0.55,0.5,43.28,40.34,25.3,21.82,rain
2014-02-21,19.63,15.95,0.52,0.52,50.2,41.44,27.88,23.24,rain
2014-02-22,16.47,17.73,0.44,0.52,50.29,44.98,29.6,25.19,rain
2014-02-23,14.78,18.16,0.39,0.5,50.28,47.44,28.21,27.32,rain
2014-02-24,7.65,16.79,0.3,0.45,51.36,49.75,29,28.28,rain
2014-02-25,4.66,12.84,0.24,0.37,49.11,50.14,30,28.65,rain
2014-02-26,9.43,8.94,0.35,0.31,42.37,49.75,30,28.78,rain
2014-02-27,12.24,7.17,0.39,0.29,45.78,47.14,27,29.37,rain
2014-02-28,11.81,8.69,0.38,0.32,47.87,45.3,26.95,28.71,rain
2014-03-01,10.41,11.05,0.36,0.37,48.05,44.89,26.63,27.7,rain
2014-03-02,12.74,11.37,0.35,0.37,53.49,46.76,28,26.59,rain
2014-03-03,11.02,11.54,0.32,0.36,48.75,49.31,29.73,26.92,rain
2014-03-04,10.21,11.28,0.3,0.34,46.37,49.6,32.89,27.84,rain
2014-03-05,9.14,11.21,0.29,0.32,48,49.04,33.93,29.9,rain
2014-03-06,11.92,10.02,0.32,0.3,53.19,47.23,30,31.86,rain
2014-03-07,11.3,10.32,0.3,0.3,54.27,48.69,30.97,31.95,rain
2014-03-08,12.28,10.68,0.28,0.3,54.15,51.3,33.09,31.32,rain
2014-03-09,11.69,11.72,0.29,0.3,50,53.33,34.71,31.04,rain
2014-03-10,-9.8,11.64,0.11,0.29,53.57,52.28,39,32.59,rain
2014-03-11,8.26,4.68,0.27,0.22,47.3,52.05,34,35.24,rain
2014-03-12,15.18,3.35,0.36,0.22,48.23,49.79,34.09,35.54,rain
2014-03-13,16.6,4.5,0.38,0.24,51.21,49.2,31.41,35.34,rain
2014-03-14,15.95,13.21,0.33,0.33,54.29,48.42,33.41,32.84,rain
2014-03-15,16.48,15.75,0.3,0.35,57.75,50.73,36.58,32.64,rain
2014-03-16,17.34,16.18,0.28,0.33,61.57,53.87,40.8,33.46,rain
2014-03-17,18.38,16.42,0.29,0.3,60.83,57.29,40.43,36.56,rain
2014-03-18,19.75,17.23,0.28,0.29,64.92,59.45,44.36,38.88,rain
2014-03-19,15.62,18.31,0.21,0.28,65,61.82,49.03,41.44,rain
2014-03-20,23.77,17.74,0.32,0.26,63.28,62.95,44.36,44.16,rain
2014-03-21,20.16,19.52,0.27,0.27,63.59,63.76,45.25,45.46,rain
2014-03-22,24.14,19.65,0.3,0.26,65.08,63.32,47.99,45.75,rain
2014-03-23,20.28,22.46,0.25,0.29,67.07,63.34,43.3,45.41,rain
2014-03-24,18.78,21.31,0.23,0.27,68,64.59,46.51,45.06,rain
2014-03-25,25.04,20.86,0.28,0.26,68.61,66.05,49.88,45.47,rain
2014-03-26,20.35,21.15,0.23,0.25,70.3,67.21,50.67,46.1,rain
2014-03-27,27.85,21.18,0.34,0.24,65.41,68.28,50.84,48.53,rain
2014-03-28,33.59,24.17,0.54,0.28,58.75,67.43,45,49.96,rain
2014-03-29,25.66,26.99,0.36,0.37,64,64.17,43,48.35,rain
2014-03-30,29.41,28.74,0.38,0.41,68,62.09,46,45.82,rain
2014-03-31,23.07,29.26,0.28,0.42,70.3,62.95,44.79,44.22,rain
2014-04-01,19.98,25.79,0.23,0.34,71.21,66.76,44.53,44.15,rain
2014-04-02,19.13,23.91,0.22,0.29,70.61,69.14,45.48,44.66,rain
2014-04-03,18.67,20.52,0.2,0.24,72.27,70,51.04,44.48,rain
2014-04-04,16.91,19.07,0.19,0.21,72.6,70.65,50,46.55,rain
2014-04-05,17.68,18.05,0.18,0.2,71.08,71.11,51.64,48.35,rain
2014-04-06,19.06,17.58,0.2,0.19,70.63,71.26,54.54,50.38,rain
2014-04-07,14.85,17.7,0.17,0.19,73.27,70.72,57,51.54,rain
2014-04-08,6.74,17.02,0.12,0.18,69.69,70.94,54,53.85,rain
2014-04-09,18.69,13.41,0.23,0.16,69.53,70.48,46,54.63,rain
2014-04-10,17.23,13.29,0.21,0.17,72.74,70.12,44.18,51.81,rain
2014-04-11,16.8,14.08,0.19,0.18,73.04,69.95,48.36,47.58,rain
2014-04-12,18.67,17.4,0.21,0.21,72.58,71.05,47.07,45.72,rain
2014-04-13,12.77,17.39,0.15,0.2,72,72.06,54,46.07,rain
2014-04-14,5.82,15.92,0.13,0.18,70,71.81,51.46,49.31,rain
2014-04-15,4.56,12.3,0.11,0.16,70.47,70.81,46,50.33,rain
2014-04-16,8.72,7.64,0.12,0.13,75,70.12,47.71,49.98,rain
2014-04-17,13.83,6.3,0.17,0.12,66,71.11,49.84,47.91,rain
2014-04-18,19.38,8.95,0.21,0.13,68,69.79,54,47.37,rain
2014-04-19,17.53,13.84,0.21,0.17,64,68.97,52.12,50.01,rain
2014-04-20,23.42,16.74,0.27,0.19,67.38,65.34,46.84,51.47,rain
2014-04-21,24.1,19.91,0.25,0.23,72.62,65.8,49.45,50.48,rain
2014-04-22,20.37,21.47,0.2,0.24,81,67.32,50.01,48.98,rain
2014-04-23,14.41,22.4,0.13,0.24,80.53,72.93,58.55,48.28,rain
2014-04-24,5.09,19.43,0.11,0.19,65.57,77.27,57,52.14,rain
2014-04-25,5.56,13.16,0.12,0.15,61.13,74.94,55,54.63,rain
2014-04-26,14.3,8.27,0.17,0.12,68,68.39,52.5,56.28,rain
2014-04-27,17.12,8.23,0.18,0.13,70.9,64.25,51.8,54.29,rain
2014-04-28,21.39,12.2,0.19,0.16,79,66.01,54.1,52.57,rain
2014-04-29,19.45,17.43,0.17,0.18,80.98,71.91,58.31,52.27,rain
2014-04-30,11.98,19.13,0.13,0.18,76.53,76.19,53.76,54.19,rain
2014-05-01,15.17,17.43,0.16,0.16,69.63,78.05,59,54.84,rain
2014-05-02,27.18,15.38,0.25,0.15,75.23,74.96,55,56.45,rain
2014-05-03,26.66,17.93,0.22,0.18,80.22,73.06,53.32,55.36,rain
2014-05-04,24.57,22.77,0.19,0.21,83.3,74.28,57.01,55.22,rain
2014-05-05,24.41,25.88,0.18,0.22,83.7,78.79,59.1,54.56,rain
2014-05-06,25.97,24.96,0.18,0.19,84.91,81.58,61.58,55.91,rain
2014-05-07,25.22,24.73,0.17,0.18,88,83.13,59.56,58.64,rain
2014-05-08,19.56,24.95,0.13,0.17,90,84.68,67.09,59.48,rain
2014-05-09,19.97,23.35,0.15,0.16,77,86.76,65.44,62.12,rain
2014-05-10,18.78,21.37,0.15,0.15,78.98,84.15,60.99,63.39,rain
2014-05-11,29.77,19.24,0.25,0.14,75.49,81.17,59.31,63.86,rain
2014-05-12,22.97,22.61,0.2,0.18,73.34,76.39,61,61.29,rain
2014-05-13,38.67,23.6,0.51,0.2,63.77,75.18,50,59.83,rain
2014-05-14,36.08,30.17,0.41,0.32,67.42,70.16,54.11,56.2,rain
2014-05-15,30.22,32.25,0.31,0.37,77,67.49,50.68,54.49,rain
2014-05-16,21.96,34.64,0.17,0.41,88,68.7,55.82,51.08,rain
2014-05-17,20.68,29.13,0.16,0.29,77.92,76.7,61,53,rain
2014-05-18,20.97,24.04,0.16,0.21,79.62,80.16,61.09,55.28,rain
2014-05-19,25.17,20.99,0.18,0.16,82.05,81.03,58.8,58.71,rain
2014-05-20,26.32,22.05,0.17,0.17,84.51,79.06,62.92,59.69,rain
2014-05-21,21.32,23.91,0.15,0.17,84,81.24,63,60.33,rain
2014-05-22,12.12,24.03,0.14,0.17,70,82.68,62.85,60.96,rain
2014-05-23,15.21,19.72,0.15,0.15,77,78.71,51.12,62.29,rain
2014-05-24,14.62,16.05,0.13,0.15,77,76.23,58.09,58.4,rain
2014-05-25,20.47,13.84,0.17,0.14,80.69,73.92,53.98,56.78,rain
2014-05-26,21.29,16.6,0.17,0.15,82.47,77.45,55.2,53.85,rain
2014-05-27,23.11,18.61,0.17,0.16,86.33,79.25,57.46,55.2,rain
2014-05-28,24.88,21.41,0.15,0.17,90,82.33,64,54.99,rain
2014-05-29,32.71,22.86,0.19,0.16,90,85.4,66.83,58.3,rain
2014-05-30,33.3,26.63,0.19,0.17,89.99,87.89,69.1,62.14,rain
2014-05-31,22.01,29.99,0.14,0.17,88,89.1,70,65.98,rain
2014-06-01,36.05,29.05,0.31,0.17,79,88.44,61,67.96,rain
2014-06-02,41.73,30.15,0.39,0.21,82.52,84.81,57.75,66.03,rain
2014-06-03,30.94,32.93,0.24,0.28,79,82.34,60.78,62.29,rain
2014-06-04,27.19,35.88,0.21,0.31,82,79.37,63,59.24,rain
2014-06-05,40.23,32.95,0.37,0.28,77.43,80.36,58.21,59.9,rain
2014-06-06,41.82,32.46,0.31,0.27,86.28,78.68,62.01,60.06,rain
2014-06-07,43.28,36.05,0.35,0.29,82,81.08,64,60.46,rain
2014-06-08,39.16,41.36,0.34,0.34,84.02,81.08,63,60.79,rain
2014-06-09,25.45,41.01,0.16,0.33,86,83.26,66.46,62.37,rain
2014-06-10,25.6,35.6,0.17,0.28,86,83.17,66.3,63.84,rain
2014-06-11,35.5,29.77,0.26,0.22,84.21,84.49,59.68,64.6,rain
2014-06-12,37.23,28.56,0.26,0.19,85.52,84.55,63.56,63.51,rain
2014-06-13,36.42,32.45,0.24,0.23,88.62,84.39,65.05,62.55,rain
2014-06-14,36.83,36.02,0.22,0.25,93.29,85.26,66.42,62.14,rain
2014-06-15,37.55,36.46,0.2,0.24,97,88.25,68.14,64.36,rain
2014-06-16,43.1,36.56,0.26,0.22,92.25,92.04,73,65.87,rain
2014-06-17,52.81,38.77,0.46,0.22,86.91,93.24,64.26,68.49,rain
2014-06-18,56.64,44.04,0.69,0.3,79,91.13,61,67.78,rain
2014-06-19,54.78,50.34,0.65,0.47,77,85.19,62.24,65.43,rain
2014-06-20,54.47,54.2,0.63,0.59,81,80.16,58.67,61.88,rain
2014-06-21,54.21,54.74,0.62,0.65,79.17,78.21,59.79,60.03,rain
2014-06-22,54.39,53.94,0.59,0.63,81,78.27,61,59.63,rain
2014-06-23,53.63,53.81,0.59,0.61,82,79.59,60.1,59.22,rain
2014-06-24,50.73,53.54,0.45,0.59,85.99,79.92,60.23,59.69,rain
2014-06-25,51.25,52.39,0.45,0.54,86,82.17,61.16,59.84,rain
2014-06-26,50.26,51.35,0.41,0.49,88,83.82,63.37,59.89,rain
2014-06-27,50.4,50.24,0.37,0.43,91.4,85.8,65.97,60.97,rain
2014-06-28,51.36,50.13,0.36,0.41,93,87.58,66,62.87,rain
2014-06-29,49.2,50.17,0.31,0.38,94.24,89.89,70.27,64.46,rain
2014-06-30,49.05,49.82,0.29,0.34,94.08,91.95,72.21,66.74,rain
2014-07-01,52.77,49.37,0.36,0.32,95.45,92.84,69.06,68.8,rain
2014-07-02,50.74,49.84,0.32,0.32,97,93.64,74.42,69.81,rain
2014-07-03,48.18,50.34,0.31,0.32,90,94.55,75.61,71.18,rain
2014-07-04,48.33,50.06,0.4,0.33,84,93.21,65.72,72.3,rain
2014-07-05,31.07,48.59,0.21,0.34,91,89.43,65.54,71.2,rain
2014-07-06,39.1,42.1,0.26,0.3,86,87.45,66.79,68.27,rain
2014-07-07,42.56,39.11,0.29,0.29,88,86.13,70.82,65.36,rain
2014-07-08,45.75,37.2,0.36,0.25,86.47,87.45,65.08,67.04,rain
2014-07-09,45.85,42.05,0.35,0.3,86.28,85.96,65.38,66.89,rain
2014-07-10,44.8,44.27,0.3,0.33,89.96,86.05,68.59,66.42,rain
2014-07-11,46.83,45.01,0.31,0.33,93,86.69,72.09,65.69,rain
2014-07-12,46.51,45.37,0.29,0.32,91.22,88.85,74.24,68,rain
2014-07-13,47.91,45.59,0.31,0.3,89.12,90.48,73.96,70.92,rain
2014-07-14,48.61,46.61,0.29,0.3,95,90.2,77,72.7,rain
2014-07-15,43.69,47.2,0.25,0.29,97,90.86,72.27,74.32,rain
2014-07-16,35.97,46.27,0.18,0.28,95,92.77,78.55,73.67,rain
2014-07-17,45.52,42.33,0.35,0.24,84,94.71,68,75.18,rain
2014-07-18,49.25,41.31,0.51,0.26,81,91.08,62.88,72.21,rain
2014-07-19,45.39,43.14,0.4,0.34,82,85.8,60.71,69.11,rain
2014-07-20,48.12,46.25,0.43,0.42,83.16,81.51,62.05,63.22,rain
2014-07-21,47.69,47.11,0.36,0.44,88,81.23,65.4,61.26,rain
2014-07-22,48.26,46.6,0.33,0.39,93.15,83.54,67.88,62.09,rain
2014-07-23,46.97,47.54,0.28,0.37,97,87.22,69.69,64.46,rain
2014-07-24,41.38,47.16,0.21,0.32,99,91.79,73.64,66.98,rain
2014-07-25,40.52,45.08,0.2,0.27,95.45,95.42,79.39,69.7,rain
2014-07-26,45.02,42.53,0.26,0.23,95,96.18,74.11,73.5,rain
2014-07-27,49.49,41.88,0.29,0.22,93,95.52,77.73,74.96,rain
2014-07-28,48.47,44.56,0.28,0.25,95.31,93.54,75.78,76.31,rain
2014-07-29,41.16,47.18,0.21,0.27,94.86,93.49,78.26,75.11,rain
2014-07-30,42.2,45.91,0.26,0.26,89.47,93.45,73.36,76.48,rain
2014-07-31,47.55,43.5,0.38,0.25,86,92.28,66,75.04,rain
2014-08-01,50.16,43.2,0.4,0.28,86,89.21,68,71.81,rain
2014-08-02,52.12,46.17,0.51,0.34,81,86.29,63,68.43,rain
2014-08-03,54.85,49.44,0.58,0.43,77,83.49,63,65.01,rain
2014-08-04,55.55,51.85,0.65,0.49,77,80.52,59,64.02,rain
2014-08-05,51.46,53.63,0.47,0.57,84,77.55,64,61.05,rain
2014-08-06,54.01,53.41,0.46,0.56,87.68,78.54,66.91,61.38,rain
2014-08-07,52.12,53.14,0.4,0.52,90.76,82.06,68.59,62.67,rain
2014-08-08,49.4,52,0.34,0.44,89.06,86.61,72.36,65.84,rain
2014-08-09,52.29,51.32,0.44,0.4,82,88.28,69.32,68.59,rain
2014-08-10,51.41,50.76,0.45,0.39,86,86.4,62.81,69.39,rain
2014-08-11,47.73,50.52,0.33,0.41,90,84.83,67.73,67.48,rain
2014-08-12,44.97,49.97,0.31,0.4,86,85.14,68.97,65.95,rain
2014-08-13,49.4,47.56,0.37,0.36,87.37,86.46,72.72,65.84,rain
2014-08-14,47.25,46.89,0.35,0.33,90,86.91,68,69.11,rain
2014-08-15,46.62,46.73,0.36,0.34,82,86.91,68,69.2,rain
2014-08-16,53.51,47.28,0.63,0.36,75,85.59,60.72,68.88,rain
2014-08-17,48.16,48.64,0.47,0.44,80.07,81.51,61.85,64.92,rain
2014-08-18,38.03,48.94,0.28,0.48,85.52,78.23,64.83,62.89,rain
2014-08-19,42.52,46.1,0.34,0.46,84.43,79.39,60,61.84,rain
2014-08-20,37.99,42.47,0.28,0.36,88.3,82.51,60.95,61.6,rain
2014-08-21,39.42,39.12,0.28,0.3,90,85.22,60.07,61.31,rain
2014-08-22,39.83,39.58,0.28,0.3,91.38,86.7,62.84,59.74,rain
2014-08-23,38.34,38.69,0.25,0.28,92.84,88.99,62.14,60.67,rain
2014-08-24,37.63,38.8,0.24,0.27,93.3,90.49,63.95,61.07,rain
2014-08-25,40.51,38.21,0.24,0.25,92.83,91.58,65.23,62.35,rain
2014-08-26,39.67,38.44,0.24,0.24,88.44,92.06,70.7,63.14,rain
2014-08-27,42.83,38.88,0.3,0.24,80.75,90.61,72,65.96,rain
2014-08-28,42.65,40.59,0.31,0.26,87.54,86.47,66,68.62,rain
2014-08-29,49.78,41.3,0.43,0.28,82.03,84.72,68,68.87,rain
2014-08-30,50.49,44.64,0.48,0.34,82,82.61,65.09,67.98,rain
2014-08-31,48.87,47.16,0.47,0.4,81,83.02,59.19,65.7,rain
2014-09-01,48.57,49.22,0.45,0.46,82.53,80.86,59.44,63.45,rain
2014-09-02,49.55,48.82,0.44,0.46,84.76,81.02,63.43,60.63,rain
2014-09-03,52,48.51,0.5,0.45,81,81.94,66,60.08,rain
2014-09-04,45.03,49.54,0.39,0.46,86,81.94,63.36,62.33,rain
2014-09-05,38.47,48.37,0.28,0.44,84.34,83.08,66.31,63.62,rain
2014-09-06,46.37,44.72,0.39,0.39,84.16,82.94,61.65,64.57,rain
2014-09-07,44.59,42.86,0.35,0.35,84,83.99,64,63.14,rain
2014-09-08,50.16,42.71,0.51,0.34,79.15,83.33,61,63.35,rain
2014-09-09,53.66,46.57,0.64,0.41,77,81.61,57,61.59,rain
2014-09-10,49.52,48.98,0.5,0.5,81.75,79.25,57.67,60.06,rain
2014-09-11,41.92,50.6,0.36,0.54,86,78.51,59.13,57.97,rain
2014-09-12,37.93,47.88,0.3,0.5,81,80.77,62.35,57.35,rain
2014-09-13,44.67,42.69,0.45,0.38,74.07,82.09,61,59.12,rain
2014-09-14,47.72,41.09,0.55,0.37,73.86,79.55,57,60.22,rain
2014-09-15,46.94,43.01,0.48,0.43,79.29,75.55,56.92,59.52,rain
2014-09-16,42.58,45.98,0.39,0.49,81.78,74.98,60.08,57.72,rain
2014-09-17,44.37,45.29,0.42,0.47,77.12,77.53,59.7,57.42,rain
2014-09-18,42.84,44.18,0.39,0.43,81.76,78.6,59,58.31,rain
2014-09-19,38.13,42.83,0.3,0.4,84.79,79.42,60.04,59,rain
2014-09-20,24.98,41.36,0.17,0.37,82,80.41,65.4,58.98,rain
2014-09-21,37.23,34.96,0.36,0.28,72.04,82.02,61.79,60.87,rain
2014-09-22,40.35,33.11,0.46,0.27,67.21,78.81,56.53,61.79,rain
2014-09-23,42.44,33.84,0.46,0.33,72,73.01,55.96,60.63,rain
2014-09-24,44.56,39.61,0.47,0.42,76.49,69.71,54.58,57.51,rain
2014-09-25,37.83,42.03,0.35,0.46,79,71.18,58.07,55.13,rain
2014-09-26,38.09,41.19,0.36,0.42,79,75.07,52.32,55.64,rain
2014-09-27,39.43,39.76,0.38,0.39,80.36,77.38,53.52,54.44,rain
2014-09-28,38.52,38.07,0.34,0.36,81,78.66,55.85,54.09,rain
2014-09-29,35,38.29,0.28,0.36,82.32,79.32,58.26,53.36,rain
2014-09-30,36.24,37.27,0.31,0.33,82,80.41,55.3,55.32,rain
2014-10-01,38.91,36.22,0.35,0.31,81.16,80.96,54.89,55.91,rain
2014-10-02,37.24,36.35,0.33,0.31,80.06,81.01,54.92,55.59,rain
2014-10-03,34.07,37.09,0.27,0.33,81.61,80.26,58.76,54.49,rain
2014-10-04,34.84,36.37,0.32,0.31,77.6,80.13,53.86,55.63,rain
2014-10-05,34.92,35.03,0.31,0.3,78.54,78.96,53.98,55.29,rain
2014-10-06,38.83,34.26,0.36,0.3,77,78.46,58.54,54.98,rain
2014-10-07,35.97,35.83,0.34,0.33,78.08,76.94,52.85,54.91,rain
2014-10-08,31.04,36.21,0.27,0.33,77.3,77.09,60.99,54.57,rain
2014-10-09,2.11,34.93,0.11,0.32,70.61,76.69,54,56.89,rain
2014-10-10,10.55,22.81,0.2,0.24,60.54,74.58,46,55.39,rain
2014-10-11,30.92,14.42,0.5,0.19,55.69,68.79,44.46,53.13,rain
2014-10-12,30.73,14.38,0.49,0.27,59.3,61.66,41.75,47.67,rain
2014-10-13,30.03,23.83,0.45,0.39,62.21,57.92,43,43.63,rain
2014-10-14,29.45,30.25,0.42,0.48,63.62,58.48,40.96,42.64,rain
2014-10-15,29.58,29.77,0.39,0.45,65.86,61.09,44.82,41.48,rain
2014-10-16,28.38,29.39,0.38,0.42,66.93,63.26,41.57,42.5,rain
2014-10-17,28.02,28.85,0.38,0.39,67.4,64.82,40.37,42.03,rain
2014-10-18,29.1,28.37,0.38,0.38,69.53,66.06,40.68,41.83,rain
2014-10-19,27.18,28.22,0.34,0.38,68.47,67.27,42.39,40.46,rain
2014-10-20,28.6,27.82,0.33,0.36,72,67.78,45.91,40.74,rain
2014-10-21,31.12,28.01,0.37,0.35,71.53,69.3,43.91,42.56,rain
2014-10-22,28.86,28.68,0.33,0.34,73.84,69.96,44.27,43.63,rain
2014-10-23,29.33,29.23,0.34,0.34,74.08,71.73,43.21,44.25,rain
2014-10-24,29.69,29.47,0.34,0.34,72,72.42,46.26,43.36,rain
2014-10-25,28.27,29,0.34,0.33,71.83,72.57,43.66,44.13,rain
2014-10-26,26.39,28.81,0.3,0.34,71.52,71.91,46.83,43.93,rain
2014-10-27,22.7,27.84,0.27,0.32,70.95,71.07,46.5,45.13,rain
2014-10-28,14.62,25.53,0.2,0.3,63.94,70.72,50.39,45.21,rain
2014-10-29,34.7,21.02,0.59,0.25,54,68.12,45,47.43,rain
2014-10-30,37.98,23.77,0.77,0.35,50,62.33,41,46.82,rain
2014-10-31,35.82,28.81,0.8,0.51,50.92,55.42,34.84,45.01,rain
2014-11-01,34.48,35.81,0.75,0.71,50.03,51.12,36.23,39.88,rain
2014-11-02,33.15,35.73,0.67,0.77,51.83,49.81,34.73,36.98,rain
2014-11-03,31.44,34.14,0.59,0.73,54.75,50.42,37,34.91,rain
2014-11-04,31.41,32.69,0.57,0.66,57,51.68,36.42,35.63,rain
2014-11-05,29.41,31.68,0.49,0.6,58.38,53.98,40.23,35.69,rain
2014-11-06,27.17,30.45,0.47,0.54,55.53,56.14,35.93,37.5,rain
2014-11-07,26.73,29.04,0.5,0.5,52.13,56.4,38.39,37.15,rain
2014-11-08,27.84,27.49,0.52,0.48,52.61,54.79,40.53,37.8,rain
2014-11-09,9.51,26.97,0.27,0.49,52.15,52.89,37.93,37.9,rain
2014-11-10,22.71,21.15,0.56,0.43,48,51.77,30.17,38.56,rain
2014-11-11,26.43,19.82,0.69,0.45,43.42,50.41,28.83,35.85,rain
2014-11-12,25.08,19.35,0.63,0.5,42.36,47.38,30.69,31.99,rain
2014-11-13,23.95,24.49,0.59,0.62,48.58,44.15,26.98,29.6,rain
2014-11-14,22.49,24.9,0.57,0.63,48.66,44.34,26.34,28.55,rain
2014-11-15,21.76,23.6,0.52,0.59,48,46.07,30.14,27.72,rain
2014-11-16,20.67,22.51,0.51,0.55,48.46,47.93,26.31,27.54,rain
2014-11-17,19.69,21.42,0.48,0.53,50.75,47.89,28.04,27.32,rain
2014-11-18,19.56,20.5,0.47,0.5,51.09,48.58,28.5,27.88,rain
2014-11-19,20.27,19.77,0.45,0.48,53.98,49.6,28.32,27.34,rain
2014-11-20,19.44,19.64,0.46,0.46,49.66,51.42,28.79,28,rain
2014-11-21,17.75,19.56,0.43,0.46,49.66,51.06,29.92,28.25,rain
2014-11-22,16.85,18.96,0.41,0.44,46.92,50.59,30.47,28.72,rain
2014-11-23,17.09,17.83,0.46,0.43,48.28,48.26,28,29.43,rain
2014-11-24,17.91,17.06,0.48,0.43,46.91,47.8,26.63,29.17,rain
2014-11-25,16.55,17.11,0.42,0.45,54,46.9,28.03,28.08,rain
2014-11-26,11.93,17.01,0.31,0.45,51.35,49.23,36,27.28,rain
2014-11-27,22.05,15.31,0.66,0.4,39.65,50.25,26.64,29.92,rain
2014-11-28,19.46,16.67,0.55,0.46,61,47.85,24.41,29.92,rain
2014-11-29,20.91,17.64,0.68,0.5,38.07,50.16,25,28.73,snow
2014-11-30,22.5,20.6,0.85,0.62,30.46,45.78,23,25.1,snow
2014-12-01,20.29,20.75,0.75,0.69,35.2,42.74,21,23.9,snow
2014-12-02,20.74,21.02,0.74,0.75,35.03,34.23,21.91,22.77,snow
2014-12-03,20.5,20.96,0.7,0.77,35.08,33.23,24.66,21.75,snow
2014-12-04,19.56,20.3,0.68,0.72,36.75,34.75,21,22.3,snow
2014-12-05,19.72,20.06,0.67,0.7,40.5,35.26,22.69,22.3,snow
2014-12-06,17.73,19.73,0.64,0.68,34.91,37.07,22.44,22.56,snow
2014-12-07,18.3,18.81,0.7,0.66,34.15,37.01,19.58,21.82,snow
2014-12-08,-8.6,18.4,0.2,0.66,46,36.15,25,21.35,rain
2014-12-09,14.84,9.05,0.72,0.51,28,37.97,17.17,22.12,snow
2014-12-10,15.54,8.1,0.84,0.53,25,35.69,14,20.38,snow
2014-12-11,11.76,7.19,0.84,0.58,20.34,32.67,10,18.54,snow
2014-12-12,11.98,13.91,0.81,0.79,20.53,24.2,14,13.59,snow
2014-12-13,10.92,12.96,0.75,0.82,29.3,21.74,8.12,12.54,snow
2014-12-14,10.86,11.44,0.78,0.79,23.27,23.16,11.55,10.6,snow
2014-12-15,10.78,11.14,0.8,0.77,22.36,24.12,10,11.11,snow
2014-12-16,7.98,10.74,0.71,0.77,27,24.73,7,9.79,snow
2014-12-17,8.18,9.77,0.66,0.76,28,23.97,8.77,9.42,snow
2014-12-18,9.64,8.89,0.66,0.72,30.13,25.53,10.17,8.5,snow
2014-12-19,9.24,8.51,0.66,0.67,27,28.09,11.1,8.56,snow
2014-12-20,9.4,8.93,0.64,0.65,28.95,28.09,12.64,9.91,snow
2014-12-21,9.16,9.33,0.58,0.65,32,28.41,14.92,11.19,snow
2014-12-22,10.08,9.17,0.58,0.62,32,29.02,14.92,12.76,snow
2014-12-23,9.47,9.45,0.57,0.59,32.17,30.67,16.01,14.02,snow
2014-12-24,8.65,9.47,0.58,0.57,32.45,31.74,13.1,15.13,snow
2014-12-25,8.76,9.31,0.56,0.57,32.35,31.88,12.47,14.53,snow
2014-12-26,10.96,8.87,0.51,0.56,45.49,32,16.96,13.72,snow
2014-12-27,8.52,9.36,0.5,0.54,36,36.4,16.65,14.03,snow
2014-12-28,7.88,9.32,0.49,0.52,39,37.57,12.88,15.21,snow
2014-12-29,8.68,9.03,0.49,0.5,38.05,39.76,16.22,15.34,snow
2014-12-30,9.55,8.28,0.52,0.49,35.37,37.31,16.55,15.1,snow
2014-12-31,9.88,8.62,0.52,0.5,36.16,37.1,15.7,15.06,snow
2015-01-01,8.88,9.28,0.52,0.5,36.44,36.16,15.02,16,snow
2015-01-02,8.74,9.34,0.53,0.51,34.15,35.63,14.64,15.6,snow
2015-01-03,9.45,9.08,0.53,0.52,37,35.23,13.92,14.97,snow
2015-01-04,9.23,8.93,0.49,0.52,35.95,35.5,21,14.38,snow
2015-01-05,8.19,9.05,0.52,0.51,28.66,35.34,18.85,16.35,snow
2015-01-06,8.33,8.87,0.49,0.51,38.27,33.53,16.62,17.74,snow
2015-01-07,8.26,8.5,0.47,0.5,41,33.95,18,18.64,snow
2015-01-08,8.23,8.18,0.46,0.49,39.59,35.62,17.76,17.65,snow
2015-01-09,8.74,8.19,0.48,0.47,38.67,39.22,15.16,17.29,snow
2015-01-10,9.45,8.33,0.47,0.47,41,39.36,16.71,16.8,snow
2015-01-11,9.28,8.72,0.46,0.47,38.22,39.36,18.09,16.38,snow
2015-01-12,9.37,9.07,0.45,0.47,41.13,38.9,17,16.49,snow
2015-01-13,14.16,9.27,0.51,0.46,37.2,39.72,23.77,17.09,snow
2015-01-14,18.81,10.83,0.56,0.47,39.66,38.46,27.86,19.42,snow
2015-01-15,20.69,13.97,0.62,0.5,43.61,38.94,21.62,22.65,rain
2015-01-16,15.15,17.71,0.57,0.56,39.91,39.76,21,24.17,snow
2015-01-17,13.57,18.03,0.55,0.58,39.62,40.65,20.81,23.26,snow
2015-01-18,13.33,16.31,0.54,0.57,39.76,40.64,18.1,20.93,snow
2015-01-19,12.3,13.88,0.5,0.55,40.98,39.37,20.09,19.77,snow
2015-01-20,10.81,12.94,0.49,0.52,38.53,39.72,19.97,19.47,snow
2015-01-21,10.92,12.03,0.48,0.5,42.08,39.36,19.47,19.19,snow
2015-01-22,9.97,11.23,0.46,0.49,36,40.12,24.54,19.64,snow
2015-01-23,8.59,10.46,0.46,0.47,41,38.48,16.86,21.11,snow
2015-01-24,6.72,9.73,0.45,0.46,36,39.3,17.14,20.09,snow
2015-01-25,7.06,8.34,0.4,0.45,40.05,37.29,19,19.32,snow
2015-01-26,12.66,7.38,0.58,0.43,29.38,38.63,22.73,17.49,snow
2015-01-27,16.34,8.73,0.71,0.47,29,34.79,21,19.43,snow
2015-01-28,19.66,11.9,0.83,0.56,29.67,32.48,19.35,20.7,snow
2015-01-29,19.74,16.06,0.89,0.7,27,29.06,19.74,20.82,snow
2015-01-30,17.26,18.39,0.83,0.8,27.92,28.27,15.01,19.83,snow
2015-01-31,18.14,18.7,0.84,0.84,27.89,27.91,19.75,17.85,snow
2015-02-01,18.26,18.2,0.84,0.84,28.2,27.33,18.28,17.99,snow
2015-02-02,19.72,17.71,0.81,0.83,31.05,27.72,19.15,17.5,snow
2015-02-03,20.47,18.52,0.88,0.82,27.45,28.76,19,18.87,snow
2015-02-04,19.27,19.29,0.82,0.83,27,28.61,21,18.62,snow
2015-02-05,18.83,19.62,0.78,0.83,29.62,28.22,22.68,19.52,snow
2015-02-06,18.59,19.33,0.73,0.82,30.52,27.74,23,20.68,snow
2015-02-07,19.3,18.71,0.74,0.77,32,28.76,23,22,snow
2015-02-08,17.9,18.72,0.69,0.74,34,30.41,21,22.66,snow
2015-02-09,17.63,18.41,0.66,0.71,40.49,31.85,16.56,22.11,snow
2015-02-10,19.98,18.09,0.67,0.69,40.87,35.14,20.41,19.98,snow
2015-02-11,20.77,18.32,0.66,0.67,43.6,38.07,21,19.13,snow
2015-02-12,21.06,19.27,0.6,0.66,47.13,41.24,22.96,19.13,rain
2015-02-13,15.82,20.4,0.44,0.64,56.57,43.43,28.96,21.24,rain
2015-02-14,11.24,19.02,0.29,0.56,53.9,48.61,36.72,24.06,rain
2015-02-15,16.78,15.88,0.43,0.44,47.97,52.01,29.52,29.25,rain
2015-02-16,17.33,14.47,0.43,0.38,47.38,52.29,29.82,31.42,rain
2015-02-17,17.93,14.97,0.43,0.38,49.55,49.25,30.27,31.7,rain
2015-02-18,18.87,17.17,0.41,0.43,52,47.82,32.9,29.57,rain
2015-02-19,16.03,17.86,0.38,0.42,48,49.15,30.94,30.69,rain
2015-02-20,15.78,17.43,0.38,0.4,51.24,49.35,31.32,31.06,rain
2015-02-21,14.97,16.72,0.36,0.39,52,49.91,30.96,31.4,rain
2015-02-22,16.42,15.44,0.36,0.37,54,49.91,31.86,30.76,rain
2015-02-23,18.43,15.57,0.39,0.36,54.11,51.89,31.24,31.07,rain
2015-02-24,19.01,16.44,0.39,0.37,53.82,52.84,33.2,31.04,rain
2015-02-25,19.44,17.77,0.42,0.38,46.32,53.44,35.65,31.78,rain
2015-02-26,25.11,18.77,0.63,0.4,45.5,50.9,33.79,33.03,rain
2015-02-27,28.62,20.97,0.71,0.48,44.25,48.06,34,33.87,rain
2015-02-28,23.26,24.15,0.54,0.58,48,44.9,34.59,34.14,rain
2015-03-01,21.13,25.41,0.5,0.62,49.69,45.46,30.31,33.79,rain
2015-03-02,21.74,24.09,0.47,0.58,48.53,46.84,36.4,32.64,rain
2015-03-03,21.19,21.82,0.46,0.5,50.45,48.25,32,33.43,rain
2015-03-04,20.98,21.14,0.41,0.47,51.21,49.06,37,32.57,rain
2015-03-05,17.49,21.09,0.36,0.44,53.99,49.56,33.68,34.78,rain
2015-03-06,20.73,19.69,0.38,0.41,57.15,51.36,36.38,33.88,rain
2015-03-07,18.62,19.54,0.33,0.38,59.12,53.58,36.71,35.33,rain
2015-03-08,14.28,18.76,0.27,0.35,55.4,56.19,41.83,35.23,rain
2015-03-09,12.83,17.7,0.27,0.32,55.08,56.65,38.52,37.92,rain
2015-03-10,8.39,15.09,0.22,0.29,55.84,55.97,38.24,38.63,rain
2015-03-11,9.73,11.72,0.22,0.25,56.45,54.89,38.25,39.13,rain
2015-03-12,6.71,10.21,0.18,0.23,68,55.23,40.86,37.95,rain
2015-03-13,15.17,8.19,0.31,0.2,50.17,59.5,39,38.73,rain
2015-03-14,15.94,10.43,0.3,0.23,55.99,57.62,37,38.98,rain
2015-03-15,18.77,12.48,0.3,0.26,63,57.47,38.08,38.56,rain
2015-03-16,13.64,16.46,0.25,0.3,66,55.82,42.26,37.65,rain
2015-03-17,13.34,15.96,0.22,0.28,60.97,61.05,43,38.72,rain
2015-03-18,7.79,15.1,0.16,0.25,65.09,62.69,44.43,40.7,rain
2015-03-19,4.87,11.47,0.14,0.21,64.05,63.38,43.09,42.8,rain
2015-03-20,8.57,8.58,0.19,0.17,61.74,62.74,39.55,43.07,rain
2015-03-21,12.11,7.01,0.18,0.16,69.21,62.99,43.92,41.93,rain
2015-03-22,14.32,8.43,0.19,0.17,69.78,64.35,45.71,41.76,rain
2015-03-23,14.6,11.55,0.21,0.18,66.61,66.24,44.96,42.63,rain
2015-03-24,15.72,13.54,0.2,0.19,68.03,67.85,48.63,44.41,rain
2015-03-25,8.71,14.73,0.13,0.2,73.47,67.46,52,45.97,rain
2015-03-26,18.67,12.88,0.21,0.18,70.91,68.68,47.73,48.04,rain
2015-03-27,15.2,14.22,0.18,0.18,72.57,70.1,51,48.96,rain
2015-03-28,22.72,14.05,0.26,0.17,67.28,71.59,50.04,49.74,rain
2015-03-29,23.24,18.67,0.26,0.21,68,69.55,52,49.09,rain
2015-03-30,23.26,20.18,0.28,0.23,66.37,68.59,48.05,50.5,rain
2015-03-31,12.84,22.84,0.17,0.26,68.44,66.54,50,49.53,rain
2015-04-01,21.36,19.58,0.26,0.23,68.8,66.93,48.6,49.52,rain
2015-04-02,14.15,18.96,0.2,0.23,70.22,67.19,50,48.39,rain
2015-04-03,14.55,15.96,0.19,0.21,64,68.46,48,49.04,rain
2015-04-04,26.61,16.52,0.36,0.21,59.75,67,48,48.38,rain
2015-04-05,27.01,18.25,0.35,0.25,65.53,64.01,45,48.18,rain
2015-04-06,24.46,22.5,0.28,0.3,69.05,62.46,45.89,46.53,rain
2015-04-07,22.43,25.77,0.24,0.33,70.13,64.13,47.73,45.83,rain
2015-04-08,21.5,24.39,0.23,0.29,71.67,67.55,51.22,45.74,rain
2015-04-09,35.28,22.57,0.48,0.25,64.25,69.58,48,47.8,rain
2015-04-10,29.6,26.14,0.33,0.31,69.71,68,53.05,48.49,rain
2015-04-11,24.87,28.51,0.27,0.34,72.01,67.86,49.52,50.25,rain
2015-04-12,21.73,29.62,0.21,0.36,72.45,67.97,54.12,49.69,rain
2015-04-13,21.67,25.15,0.21,0.27,76.2,70.68,48.63,51.71,rain
2015-04-14,26.67,22.53,0.24,0.23,81.44,72.82,49.21,50.25,rain
2015-04-15,30.13,23.12,0.24,0.22,81.29,75.93,54.44,50.15,rain
2015-04-16,18.58,25.9,0.18,0.23,73.74,78.85,61,50.25,rain
2015-04-17,13.36,24.88,0.14,0.22,72.78,78.04,53.79,54.33,rain
2015-04-18,21.35,20.48,0.22,0.18,70.23,75.18,51.24,55.85,rain
2015-04-19,34.73,17.59,0.43,0.18,65.7,71.53,52,54.79,rain
2015-04-20,40.65,22.92,0.6,0.26,63.15,68.87,48,51.82,rain
2015-04-21,29.77,31.92,0.34,0.41,73.49,65.7,49.25,49.91,rain
2015-04-22,17.36,34.7,0.17,0.45,77.76,66.77,53.14,49.25,rain
2015-04-23,22.57,28.97,0.21,0.37,80.24,70.75,50.55,49.63,rain
2015-04-24,23.53,23,0.19,0.24,82.09,76.39,52.76,50.47,rain
2015-04-25,25.6,20.94,0.2,0.19,82.95,79.23,54.16,51.63,rain
2015-04-26,24.14,23.66,0.19,0.2,86.03,80.94,53.68,51.97,rain
2015-04-27,13.46,24.18,0.13,0.19,77,82.85,63,53,rain
2015-04-28,3.97,20.86,0.09,0.17,78.26,81.17,57.62,56.38,rain
2015-04-29,28.67,13.72,0.27,0.14,71.96,79.63,56.5,57.52,rain
2015-04-30,30.99,15.21,0.27,0.16,74.29,74.98,58.26,58.45,rain
2015-05-01,34.02,21,0.33,0.21,72.29,74.09,59,56.89,rain
2015-05-02,31.6,30.91,0.32,0.29,72.01,72.12,55.45,57.34,rain
2015-05-03,23.06,31.88,0.21,0.3,77.15,72.13,51.14,56.99,rain
2015-05-04,28.64,29.26,0.25,0.28,81,73.08,51.17,54.64,rain
2015-05-05,24.52,27.49,0.17,0.26,86.63,75.95,59.79,52.06,rain
2015-05-06,21.79,25.15,0.15,0.21,88,80.78,62.77,53.49,rain
2015-05-07,29.29,24.73,0.17,0.19,86.89,84.36,67.08,57.33,rain
2015-05-08,35.62,24.95,0.22,0.16,90.3,86.3,62.69,62.58,rain
2015-05-09,35.71,28.61,0.22,0.18,91.82,87.51,62.67,63.54,rain
2015-05-10,37.63,33.2,0.24,0.2,82.48,88.77,72,63.51,rain
2015-05-11,35.85,35.96,0.24,0.22,82.06,87.32,72.84,65.13,rain
2015-05-12,36.59,36.03,0.25,0.23,82,84.6,67.65,68.48,rain
2015-05-13,45.58,36.32,0.44,0.24,73.93,81.36,63,70.12,rain
2015-05-14,29.96,38.95,0.2,0.31,86,78.54,65.28,67.15,rain
2015-05-15,39.6,37,0.3,0.29,86,79.84,59.88,64.66,rain
2015-05-16,37.32,38,0.26,0.31,88,81.16,61.54,62.09,rain
2015-05-17,35.36,35.27,0.25,0.25,82.8,85.8,64.64,61.61,rain
2015-05-18,21.08,37.05,0.16,0.27,86,84.74,65.37,61.4,rain
2015-05-19,16.57,30.94,0.13,0.22,86,84.74,57.43,63.21,rain
2015-05-20,32.9,24.09,0.24,0.18,82,84.08,62.82,61.86,rain
2015-05-21,41.16,23.28,0.37,0.17,81,83.82,61,61.25,rain
2015-05-22,36.37,29.91,0.29,0.24,84.05,82.17,61.33,59.81,rain
2015-05-23,28.44,36.44,0.21,0.3,80.53,81.53,64,61.1,rain
2015-05-24,32.39,34.97,0.26,0.29,82,81.04,63,61.49,rain
2015-05-25,31.46,32.08,0.36,0.25,79,81.37,53.84,62.15,rain
2015-05-26,39.07,30.46,0.43,0.27,73,79.7,53.35,59.68,rain
2015-05-27,31.76,33.96,0.28,0.35,80.54,77.22,53.78,56.16,rain
2015-05-28,34.14,33.76,0.27,0.35,81.91,76.74,58.68,53.12,rain
2015-05-29,40.23,34.64,0.36,0.32,79.87,77.7,61,54.72,rain
2015-05-30,48.19,35.02,0.53,0.3,81,79.97,57,57.24,rain
2015-05-31,30.22,40.44,0.24,0.38,82.3,80.12,61.6,58.3,rain
2015-06-01,25.36,39.15,0.17,0.37,86,80.25,63.05,59.27,rain
2015-06-02,35.26,34.24,0.28,0.31,79,82.27,63.84,59.94,rain
2015-06-03,37.12,29.98,0.31,0.23,81,81.61,58.68,62.2,rain
2015-06-04,36.6,32.25,0.27,0.25,83.87,81.18,60.68,61.24,rain
2015-06-05,34.54,35.96,0.23,0.28,88,80.48,61.7,60.46,rain
2015-06-06,30.77,35.73,0.17,0.27,91.03,83.45,67.68,59.75,rain
2015-06-07,30.96,33.63,0.18,0.22,91.78,86.76,68.27,62.72,rain
2015-06-08,32.83,31.77,0.18,0.19,95,89.37,67.93,65.22,rain
2015-06-09,23.49,31.2,0.14,0.17,91.53,91.68,69.75,67.28,rain
2015-06-10,21.99,28.8,0.15,0.17,82,91.84,66,67.96,rain
2015-06-11,40.93,25.84,0.33,0.16,82,88.61,61.87,67.21,rain
2015-06-12,40.85,28.52,0.31,0.2,86.62,84.32,62.47,65.21,rain
2015-06-13,36.57,34.24,0.24,0.26,88,82.7,67.99,62.81,rain
2015-06-14,35.96,39.06,0.24,0.29,90,84.68,64,63.47,rain
2015-06-15,27.92,37.42,0.17,0.26,88,87.32,70.46,64.17,rain
2015-06-16,22.28,33.15,0.14,0.21,86,87.78,66.75,66.81,rain
2015-06-17,38.32,28.43,0.29,0.18,82.21,87.12,62.99,66.4,rain
2015-06-18,38.8,29.21,0.28,0.2,86.14,84.55,63.34,66.07,rain
2015-06-19,40.26,32.8,0.26,0.23,90.58,83.94,65,63.72,rain
2015-06-20,38.26,38.74,0.23,0.27,90.14,85.45,71.78,63.14,rain
2015-06-21,36.9,38.72,0.24,0.25,86.16,88.06,69.96,66.04,rain
2015-06-22,40.74,38.09,0.31,0.24,86,88.07,62.43,68.22,rain
2015-06-23,43.37,38.25,0.33,0.26,86.88,86.56,64.78,67.38,rain
2015-06-24,50.34,39.93,0.54,0.29,71.22,85.48,64,65.07,rain
2015-06-25,54.93,44.37,0.81,0.39,64.67,80.55,57,63.1,rain
2015-06-26,55.32,49.05,0.72,0.55,75.15,73.51,57.96,61.31,rain
2015-06-27,54.93,52.99,0.61,0.68,80.68,69.64,59.79,59.06,rain
2015-06-28,47.97,54.51,0.39,0.71,87.05,72.77,61.72,57.67,rain
2015-06-29,43.21,52.21,0.27,0.57,91,80.15,67.8,59.23,rain
2015-06-30,48.43,48.22,0.37,0.42,86,85.38,70,62.47,rain
2015-07-01,50.7,46.07,0.43,0.34,86,87.14,66.63,65.84,rain
2015-07-02,49.83,46.97,0.4,0.35,88,86.79,65.67,67.46,rain
2015-07-03,46.54,49.16,0.33,0.4,93,85.8,65.84,66.76,rain
2015-07-04,46.95,48.53,0.3,0.38,95.28,88.11,67.69,65.39,rain
2015-07-05,34.81,47.3,0.19,0.34,98.69,91.17,72.27,65.74,rain
2015-07-06,36.1,42.34,0.18,0.27,91,94.7,73.92,67.91,rain
2015-07-07,41.86,38.89,0.24,0.22,91,94.04,75,70.58,rain
2015-07-08,46.76,37.21,0.3,0.2,90,92.63,73.95,72.99,rain
2015-07-09,48.26,41.16,0.31,0.24,92.04,89.76,74.26,73.55,rain
2015-07-10,52.25,45.17,0.44,0.28,84.53,90.1,67.78,73.66,rain
2015-07-11,33.87,48.6,0.19,0.35,95,87.97,67.21,71.28,rain
2015-07-12,43.41,44.35,0.27,0.31,93,89.62,66.48,69.05,rain
2015-07-13,41.75,42.74,0.23,0.3,97,89.93,71.35,66.49,rain
2015-07-14,43.47,39.28,0.23,0.23,99.45,94.05,73.71,67.66,rain
2015-07-15,42.18,42.45,0.21,0.24,98.2,95.52,75.05,69.81,rain
2015-07-16,40.5,42.04,0.2,0.22,99.15,97.23,71.79,72.64,rain
2015-07-17,38.76,41.63,0.2,0.21,100.62,97.94,71.72,72.78,rain
2015-07-18,37.69,40.08,0.18,0.2,101.12,98.33,70.79,72.12,rain
2015-07-19,41.81,38.59,0.19,0.19,101.27,99.29,78.85,70.72,rain
2015-07-20,42.97,39.03,0.21,0.19,96.39,99.99,80.11,73.05,rain
2015-07-21,43.98,40.42,0.21,0.19,98.24,98.6,82.19,75.82,rain
2015-07-22,42.55,42.49,0.21,0.2,97,97.65,78.99,79.58,rain
2015-07-23,44.07,42.74,0.22,0.21,98.53,96.24,79.92,79.63,rain
2015-07-24,40.1,43.1,0.2,0.21,100,96.94,74.09,79.56,rain
2015-07-25,37.79,41.82,0.17,0.21,101.13,97.52,74.66,76.89,rain
2015-07-26,43.19,40.25,0.2,0.19,97.42,98.89,80.18,75.46,rain
2015-07-27,47.4,39.96,0.26,0.19,91,98.52,82.34,75.55,rain
2015-07-28,50.76,42.37,0.32,0.21,94.04,95.55,77,78.27,rain
2015-07-29,54.14,46.65,0.43,0.26,91.86,93.21,70,79.04,rain
2015-07-30,47.97,50.26,0.3,0.33,94.07,91.38,74.24,75.68,rain
2015-07-31,55.17,50.45,0.46,0.35,82.36,92.39,72,73.01,rain
2015-08-01,57.26,51.9,0.53,0.39,84.88,88.54,70,71.36,rain
2015-08-02,55.62,52.93,0.48,0.43,85.79,86.23,72,71.36,rain
2015-08-03,53.83,55.46,0.41,0.49,86,83.5,73.77,70.62,rain
2015-08-04,54.53,55.01,0.41,0.47,90,84.7,73,71.2,rain
2015-08-05,53.63,54.11,0.4,0.43,88.46,86.39,73.78,72.19,rain
2015-08-06,52.57,53.46,0.38,0.4,89.55,87.27,71.3,72.78,rain
2015-08-07,55.03,53.04,0.44,0.39,86,88.44,72,71.97,rain
2015-08-08,55.79,53.21,0.48,0.4,88,87.12,70,71.64,rain
2015-08-09,48.65,53.92,0.35,0.43,90,86.97,69.76,70.39,rain
2015-08-10,55.57,52.63,0.58,0.42,81,87.12,68,69.88,rain
2015-08-11,53.25,52.8,0.54,0.47,86,85.47,64,68.56,rain
2015-08-12,50.21,51.97,0.43,0.49,86,84.81,63.55,66.58,rain
2015-08-13,51.29,52.48,0.41,0.51,87.08,83.49,64.93,64.53,rain
2015-08-14,41.59,51.07,0.28,0.46,91,85.5,68.36,63.52,rain
2015-08-15,28.57,47.22,0.16,0.37,91,87.15,67.4,64.96,rain
2015-08-16,37.74,40.08,0.27,0.28,82,88.8,68.57,66.23,rain
2015-08-17,40.23,35.61,0.27,0.23,86.92,87.12,68.89,67.43,rain
2015-08-18,41.81,35.16,0.29,0.23,90.92,85.77,64.47,67.6,rain
2015-08-19,40.21,39.53,0.26,0.27,92.07,85.75,65.71,66.64,rain
2015-08-20,39.21,40.34,0.24,0.27,91.45,89.07,65.1,65.69,rain
2015-08-21,42.55,40.01,0.28,0.26,91.89,90.57,66.01,64.44,rain
2015-08-22,39.33,40.25,0.23,0.26,91.06,90.89,69.07,64.95,rain
2015-08-23,36.31,39.96,0.21,0.25,90,90.55,74.24,66.06,rain
2015-08-24,40.98,39,0.27,0.24,86,90.07,72.09,69.08,rain
2015-08-25,46.38,38.48,0.37,0.23,84.78,88.13,66,71.08,rain
2015-08-26,40.68,40.81,0.29,0.28,88.29,86.06,64.9,70.07,rain
2015-08-27,34.11,42.25,0.21,0.31,88.79,85.49,67.7,66.99,rain
2015-08-28,47.29,39.99,0.41,0.29,82.95,86.41,64,65.54,rain
2015-08-29,35.28,40.29,0.25,0.3,86,85.81,67.06,64.88,rain
2015-08-30,44.25,38.5,0.37,0.29,81,85.05,65.29,65.59,rain
2015-08-31,51.81,41.85,0.69,0.34,68,82.48,58.72,64.8,rain
2015-09-01,49,43.34,0.58,0.43,81,77.55,52.79,63.05,rain
2015-09-02,48.33,47.87,0.5,0.54,79,75.9,56.13,58.34,rain
2015-09-03,49.22,49.22,0.47,0.58,79,75.24,62.77,55.32,rain
2015-09-04,47.27,48.36,0.41,0.51,84,78.87,62,56.66,rain
2015-09-05,49.37,47.79,0.49,0.46,75,79.86,63,59.7,rain
2015-09-06,49.9,48.13,0.52,0.45,77,78.54,61.37,61.96,rain
2015-09-07,42.28,48.36,0.41,0.47,77,77.88,61.41,61.5,rain
2015-09-08,46.39,46.71,0.56,0.47,70.16,75.57,55.16,61.31,rain
2015-09-09,47.16,45.73,0.54,0.49,76.35,73.97,53.64,58.72,rain
2015-09-10,46.37,44.82,0.47,0.5,75.43,73.76,57.85,56.17,rain
2015-09-11,46.06,46.17,0.47,0.52,75.29,73.24,59.52,54.99,rain
2015-09-12,44.91,46.06,0.43,0.49,80.24,74.93,57.98,56.43,rain
2015-09-13,44.58,45.32,0.41,0.45,83.38,76.22,58.06,57.87,rain
2015-09-14,28.92,44.73,0.21,0.43,84.46,78.84,62.86,57.93,rain
2015-09-15,29.28,39.08,0.23,0.35,79,81.87,63,59.04,rain
2015-09-16,38.69,33.92,0.37,0.28,75.57,81.46,56.73,60.69,rain
2015-09-17,38.34,31.97,0.36,0.27,77,78.88,56.69,60.25,rain
2015-09-18,38.47,35.08,0.34,0.32,79.62,76.42,57.15,58.22,rain
2015-09-19,36.85,38.12,0.3,0.35,81.47,76.62,58.22,56.29,rain
2015-09-20,26.46,37.51,0.22,0.33,79,78.57,64,56.78,rain
2015-09-21,29.26,33.59,0.29,0.28,75.2,79.23,53.8,59.19,rain
2015-09-22,37.01,30.55,0.4,0.27,72,77.77,51.3,58.09,rain
2015-09-23,36.6,30.6,0.36,0.3,79,74.65,54.66,55.8,rain
2015-09-24,37.31,33.95,0.36,0.35,78.07,74.65,52.44,52.72,rain
2015-09-25,30.55,36.6,0.28,0.37,79,75.59,55.6,52.27,rain
2015-09-26,19.47,34.47,0.17,0.33,79,77.9,61,53.69,rain
2015-09-27,25.49,28.82,0.25,0.27,73.45,77.9,52.29,55.78,rain
2015-09-28,20.84,24.92,0.2,0.23,77,76.38,54.87,55.73,rain
2015-09-29,19.16,21.71,0.18,0.2,76.4,75.72,56.23,55.49,rain
2015-09-30,20.58,21.61,0.21,0.21,67.04,74.86,54.52,53.92,rain
2015-10-01,25.98,19.99,0.31,0.19,66,72.75,47.12,54.65,rain
2015-10-02,28.81,21.69,0.32,0.23,73.62,69.12,46.17,52.1,rain
2015-10-03,29.46,24.87,0.32,0.28,72.29,68.2,48.97,48.78,rain
2015-10-04,31.05,27.8,0.33,0.31,75.46,69.93,47.26,46.95,rain
2015-10-05,30.57,29.48,0.29,0.32,79,73.05,49.03,46.99,rain
2015-10-06,26.99,30.06,0.24,0.31,78.51,74.83,55.15,47.94,rain
2015-10-07,27.61,29.24,0.27,0.28,75,76.88,54.61,49.98,rain
2015-10-08,29.65,28.11,0.3,0.26,72.62,76.73,50.91,52.4,rain
2015-10-09,29.58,27.8,0.31,0.27,75.32,74.62,47.98,53.02,rain
2015-10-10,30.62,28.66,0.32,0.29,74.84,73.57,48.29,50.66,rain
2015-10-11,29.99,29.65,0.3,0.31,76.24,73.52,49.18,48.57,rain
2015-10-12,27.91,29.76,0.28,0.31,75,74.71,52.14,48,rain
2015-10-13,26.27,29.21,0.26,0.3,75.92,74.61,48.89,49.37,rain
2015-10-14,27.64,27.78,0.28,0.28,73.59,74.96,51.91,49.57,rain
2015-10-15,29.23,27,0.29,0.27,79.63,74.09,46.6,50.47,rain
2015-10-16,28.5,27.44,0.28,0.27,73.96,75.62,50.74,48.64,rain
2015-10-17,30.44,28.17,0.33,0.28,72,74.97,51.14,49.25,rain
2015-10-18,31.15,29.1,0.36,0.3,71.22,74.44,47.26,49,rain
2015-10-19,33.69,29.73,0.44,0.32,67.58,71.67,47.32,49.22,rain
2015-10-20,33.29,31.44,0.41,0.37,68,69.56,52,48.09,rain
2015-10-21,35.52,32.38,0.53,0.4,64.05,68.24,42.31,48.37,rain
2015-10-22,32.81,33.83,0.46,0.46,63.31,65.88,43.43,46.74,rain
2015-10-23,24.16,33.53,0.35,0.46,63.73,64.47,43.08,45.45,rain
2015-10-24,3.26,30.52,0.17,0.44,61,63.06,43,42.51,rain
2015-10-25,25.58,19.88,0.43,0.32,55,62.05,44.34,42.74,rain
2015-10-26,31.89,17.49,0.56,0.31,54.2,59.31,43,43.04,rain
2015-10-27,26.87,20.04,0.46,0.38,59.61,56.17,39,43.01,rain
2015-10-28,27.87,27.83,0.46,0.48,66,55.71,34.42,41.69,rain
2015-10-29,26.28,28.59,0.4,0.49,63.26,59.34,40.1,38.42,rain
2015-10-30,21.85,26.74,0.37,0.44,61.9,62.33,37.85,37.46,rain
2015-10-31,20.74,25.08,0.35,0.41,61.15,63.08,35.36,37.08,rain
2015-11-01,21.24,22.73,0.36,0.37,60.23,61.48,36.13,37.39,rain
2015-11-02,20.07,21.06,0.32,0.36,66.78,60.48,37.38,36.08,rain
2015-11-03,20.26,20.48,0.3,0.34,60.05,62.09,43.82,35.93,rain
2015-11-04,27.16,20.32,0.49,0.32,48,61.73,41,38.72,rain
2015-11-05,31.56,22.27,0.65,0.37,49.99,57.69,38.59,40.33,rain
2015-11-06,27.73,26.06,0.56,0.48,54.29,52.15,34.49,40.73,rain
2015-11-07,25.85,28.53,0.53,0.56,52,50.25,32.91,37.65,rain
2015-11-08,24.6,28.1,0.49,0.57,56,51.57,32.18,34.98,rain
2015-11-09,22.85,25.8,0.43,0.52,56,53.56,31.65,32.86,rain
2015-11-10,22.78,24.19,0.46,0.48,54,54.12,33.57,31.92,rain
2015-11-11,23.21,23.18,0.46,0.46,54.78,54.78,32.26,32.14,rain
2015-11-12,22.71,22.72,0.46,0.45,54.29,54.38,30.59,32.17,rain
2015-11-13,23.17,22.67,0.38,0.46,63.87,53.81,37,31.82,rain
2015-11-14,21.89,22.8,0.38,0.43,60.38,57.07,37.55,32.95,rain
2015-11-15,21.76,22.36,0.42,0.4,53.84,58.92,34.92,34.7,rain
2015-11-16,20.91,22.05,0.4,0.39,56.23,58.77,33.05,36.13,rain
2015-11-17,18.63,21.3,0.37,0.4,56.65,56.25,31.94,34.82,rain
2015-11-18,24.24,20.23,0.5,0.39,55.01,55.02,31.56,32.97,rain
2015-11-19,26.36,21.05,0.56,0.42,52.11,55.4,33.55,31.86,rain
2015-11-20,26.52,22.85,0.55,0.47,54.42,54.04,30.79,32.03,rain
2015-11-21,26.19,25.45,0.54,0.53,53.96,53.31,31.26,31.65,rain
2015-11-22,25.08,26.09,0.56,0.54,48,52.96,34,31.55,rain
2015-11-23,24.55,25.67,0.57,0.54,48.46,51.61,30.77,31.7,rain
2015-11-24,24.92,25.02,0.56,0.55,47.69,49.64,29.82,31.69,rain
2015-11-25,25.52,24.6,0.58,0.56,46.62,47.57,32.16,31.21,rain
2015-11-26,26.4,24.75,0.61,0.56,46.23,47.11,33.66,30.61,rain
2015-11-27,25.22,25.36,0.61,0.58,48.89,46.38,30.28,31.56,rain
2015-11-28,24.48,25.46,0.59,0.59,49.36,46.77,26.96,31.71,rain
2015-11-29,24.45,25.11,0.61,0.6,47.83,47.68,28.37,30,rain
2015-11-30,22.34,24.47,0.55,0.6,56.52,48.21,26.19,28.25,rain
2015-12-01,20.46,23.52,0.49,0.58,52,50.72,28.79,26.9,rain
2015-12-02,20.1,22.19,0.51,0.54,48.59,51.6,27.73,27.51,rain
2015-12-03,20.71,20.76,0.51,0.51,48.33,51.85,27.59,27.29,rain
2015-12-04,20.13,20.22,0.5,0.5,46,49.14,29.14,27.76,rain
2015-12-05,19.17,20.11,0.49,0.5,50,47.16,25.73,27.87,rain
2015-12-06,19.63,19.8,0.51,0.5,49.27,47.63,25.56,27.21,rain
2015-12-07,19.21,19.45,0.52,0.5,47.36,47.94,25.42,26.54,rain
2015-12-08,18.06,19.14,0.52,0.5,46.95,48.39,26.33,25.31,rain
2015-12-09,17.36,18.78,0.53,0.51,43.62,47.38,26.02,25.51,rain
2015-12-10,11.66,18.03,0.47,0.52,43,45.52,24.09,25.66,rain
2015-12-11,-10.05,15.54,0.17,0.5,39,44.08,28,25.23,rain
2015-12-12,10.41,6.26,0.62,0.39,29.68,41.45,18,25.78,snow
2015-12-13,15.16,3.97,0.63,0.42,30.8,36.85,21,23.13,snow
2015-12-14,10.61,5.12,0.57,0.47,32,32.83,18,22.11,snow
2015-12-15,10.31,11.94,0.61,0.6,30,30.52,14.35,18.81,snow
2015-12-16,11.44,11.91,0.77,0.6,25,30.62,11.76,17.61,snow
2015-12-17,13.91,10.68,0.86,0.64,19.46,28.71,15.68,14.56,snow
2015-12-18,12.48,11.77,0.78,0.74,21.33,24.57,16,13.79,snow
2015-12-19,11.44,12.48,0.73,0.8,21,21.71,18,14.34,snow
2015-12-20,10.33,12.48,0.67,0.78,26.39,20.39,14,16.39,snow
2015-12-21,10.12,11.3,0.69,0.72,28.03,22.68,11.66,15.84,snow
2015-12-22,11.33,10.52,0.68,0.69,27.91,24.89,12.59,14.41,snow
2015-12-23,12.95,10.49,0.65,0.67,30.78,27.17,18,12.62,snow
2015-12-24,12.03,11.35,0.67,0.67,32.58,28.62,13.24,13.94,snow
2015-12-25,12.36,11.98,0.67,0.66,32,30.12,14.31,14.46,snow
2015-12-26,13.33,12.32,0.67,0.66,31.83,31.47,15.16,15.03,snow
2015-12-27,14.45,12.45,0.62,0.66,37,31.82,19,14.09,snow
2015-12-28,13.6,13.25,0.62,0.65,36,33.27,19,16,snow
2015-12-29,13.13,13.66,0.63,0.63,35.37,34.59,15.29,17.54,snow
2015-12-30,12.57,13.59,0.62,0.62,36.29,35.76,14.23,17.59,snow
2015-12-31,12.81,12.97,0.61,0.62,36.46,35.53,14.84,16.01,snow
2016-01-01,13.42,12.71,0.58,0.61,40.08,35.68,18,14.64,snow
2016-01-02,14,12.8,0.57,0.6,39.3,37.23,20.67,15.53,snow
2016-01-03,14.54,13.28,0.55,0.58,39.42,38.23,19.78,17.66,snow
2016-01-04,15.05,13.85,0.55,0.56,38.53,39.2,22.54,19.29,snow
2016-01-05,15.05,14.38,0.54,0.55,43,38.69,23,20.79,snow
2016-01-06,13.59,14.73,0.57,0.54,36.13,39.91,20.88,21.56,snow
2016-01-07,12.9,14.42,0.58,0.55,36.91,38.83,17.92,21.92,snow
2016-01-08,13.82,13.71,0.62,0.56,34,38.29,19.31,20.39,snow
2016-01-09,12.56,13.3,0.6,0.58,38.37,35.32,16,19.18,snow
2016-01-10,13.04,12.96,0.57,0.59,37.82,36.06,18,17.57,snow
2016-01-11,14.57,13.01,0.65,0.59,34.73,36.36,18.97,17.59,snow
2016-01-12,14.26,13.26,0.68,0.6,31.51,36.6,17,17.48,snow
2016-01-13,15.75,13.82,0.72,0.63,29.9,34.34,17.3,17.81,snow
2016-01-14,16.64,14.71,0.69,0.68,33.04,31.73,21,17.58,snow
2016-01-15,14.59,15.39,0.62,0.69,39,31.17,18,18.25,snow
2016-01-16,13.82,15.5,0.54,0.67,45.67,33.64,18.62,18.58,snow
2016-01-17,14.63,14.87,0.61,0.61,34.57,38.84,18,19.01,snow
2016-01-18,15.16,14.2,0.65,0.58,33.04,39.35,19,18.02,snow
2016-01-19,12.32,14.39,0.6,0.59,42.29,37.38,14,18.35,snow
2016-01-20,11.78,13.9,0.56,0.61,39.98,36.27,16,16.83,snow
2016-01-21,15.98,12.96,0.78,0.6,27.91,38.05,18.43,16.17,snow
2016-01-22,14.37,13.23,0.83,0.64,25.04,36.36,10,15.98,snow
2016-01-23,9.25,13.9,0.76,0.72,24.38,30.67,9,14.66,snow
2016-01-24,8.57,13.07,0.71,0.78,25.46,25.52,9,12.35,snow
2016-01-25,11.88,10.62,0.74,0.76,24.96,24.71,15.13,9.24,snow
2016-01-26,11,9.8,0.72,0.73,28.61,24.68,12,10.93,snow
2016-01-27,10.56,10.38,0.65,0.72,30.5,26.08,14,11.92,snow
2016-01-28,11.89,11.04,0.63,0.7,32.61,27.74,15.34,13.57,snow
2016-01-29,14.68,11.04,0.69,0.66,28.96,30.27,20.57,13.64,snow
2016-01-30,18.81,12.25,0.81,0.65,30.82,30.38,19,16.47,snow
2016-01-31,18.82,14.98,0.81,0.7,30.51,30.49,18.83,18.12,snow
2016-02-01,18.09,17.26,0.8,0.76,30.35,29.8,21,19.27,snow
2016-02-02,15.02,18.39,0.72,0.8,33.49,30.25,14,19.41,snow
2016-02-03,14.96,17.14,0.68,0.77,36.87,31.14,16,17.76,snow
2016-02-04,16.5,15.86,0.72,0.73,33.35,33.23,18.11,16.83,snow
2016-02-05,16.6,15.34,0.61,0.7,36.27,34.22,25,15.88,snow
2016-02-06,15.18,15.86,0.6,0.66,39,35.14,19,19.51,snow
2016-02-07,15.16,15.93,0.58,0.64,41.42,35.84,19,20.5,snow
2016-02-08,15.11,15.49,0.54,0.59,43.28,38.51,20.25,20.79,snow
2016-02-09,16.69,15,0.52,0.57,46,40.82,23.17,19.22,rain
2016-02-10,18.55,15.5,0.51,0.54,49.24,43.13,25.25,20.6,rain
2016-02-11,14.18,16.62,0.45,0.52,39.31,45.71,30,22.66,rain
2016-02-12,17.75,16.31,0.78,0.49,29.84,44.4,21,25.88,snow
2016-02-13,12.75,16.66,0.68,0.57,27.63,39.07,14,25.16,snow
2016-02-14,11.47,14.74,0.63,0.63,29.33,31.94,16,21.45,snow
2016-02-15,11.53,13.85,0.6,0.69,31.24,28.64,16,16.83,snow
2016-02-16,13.25,11.8,0.6,0.63,34.29,29.11,18,15.18,snow
2016-02-17,14.25,11.96,0.54,0.6,45.08,31.3,19,16.5,snow
2016-02-18,14.11,12.88,0.52,0.57,39.9,36.5,23,17.49,snow
2016-02-19,12.53,13.73,0.47,0.55,39.15,39.36,25,19.8,snow
2016-02-20,16.28,13.49,0.5,0.5,41,40.96,28,22.11,rain
2016-02-21,14.13,14.16,0.35,0.49,53.49,39.62,31.15,25.08,rain
2016-02-22,18.11,14.17,0.41,0.44,55.78,44.1,32.71,27.77,rain
2016-02-23,14.82,16.01,0.37,0.42,54.57,49.59,30,30.31,rain
2016-02-24,12.74,15.53,0.36,0.37,50.88,54.07,29.37,30.97,rain
2016-02-25,11.25,15.07,0.31,0.38,53.38,53.21,30.33,30.39,rain
2016-02-26,13.29,12.81,0.32,0.34,56.3,52.41,30.44,29.6,rain
2016-02-27,15.55,12.3,0.33,0.33,59.75,52.98,30.11,29.75,rain
2016-02-28,15.69,13.23,0.3,0.32,61.13,55.91,31.51,29.99,rain
2016-02-29,14.69,14.69,0.28,0.31,62.5,58.47,33.97,30.38,rain
2016-03-01,12.43,15.16,0.24,0.3,62.54,60.52,35.19,31.54,rain
2016-03-02,12.83,14.13,0.23,0.27,64.67,61.44,34.74,33.22,rain
2016-03-03,11.89,13.18,0.16,0.25,75.46,62.6,46.38,34.29,rain
2016-03-04,13.04,12.26,0.2,0.21,64,66.88,44.83,38.38,rain
2016-03-05,13.65,12.46,0.28,0.19,51.79,67.36,39,41.56,rain
2016-03-06,15,12.73,0.3,0.21,53.95,63.11,38.82,42.97,rain
2016-03-07,17.1,13.76,0.32,0.26,58.95,56.01,37,40.47,rain
2016-03-08,19.2,15.1,0.32,0.3,63.55,54.35,37,37.89,rain
2016-03-09,15.61,16.93,0.28,0.31,53.36,58.23,41.04,37.23,rain
2016-03-10,14.4,17.13,0.3,0.3,50.59,58.03,39,37.96,rain
2016-03-11,17.08,16.24,0.34,0.3,51.06,55.28,37,38.62,rain
2016-03-12,18.23,15.54,0.34,0.3,51.98,51.15,42.09,38.62,rain
2016-03-13,21.81,16.4,0.41,0.32,52,50.7,39,38.97,rain
2016-03-14,25.68,18.85,0.47,0.36,54,51.16,39.17,38.97,rain
2016-03-15,23.66,21.69,0.38,0.4,61,52.13,39,39.69,rain
2016-03-16,18.99,23.48,0.3,0.42,61.27,55.11,39.2,38.67,rain
2016-03-17,18.21,22.55,0.27,0.38,61,58.17,43.16,38.73,rain
2016-03-18,19.55,20.08,0.29,0.31,58.48,60.48,46,40.05,rain
2016-03-19,28.28,18.73,0.47,0.28,55.22,59.65,43,42.36,rain
2016-03-20,14.86,21.79,0.27,0.34,63,57.65,41,43.61,rain
2016-03-21,9.33,20.69,0.18,0.34,66,58.31,45.63,42.9,rain
2016-03-22,6.93,17.32,0.16,0.3,67.52,60.79,40.72,42.78,rain
2016-03-23,12.99,10.27,0.2,0.2,66.88,64.85,43.42,42.03,rain
2016-03-24,13.71,9.65,0.18,0.18,68.29,66.13,45.22,42.82,rain
2016-03-25,12.82,11.1,0.16,0.18,70.62,66.89,48.57,42.69,rain
2016-03-26,20.34,13.04,0.22,0.18,68.8,67.91,52,45.28,rain
2016-03-27,24.3,15.47,0.26,0.18,70.75,68.54,48,48.11,rain
2016-03-28,23.36,18.96,0.26,0.21,71.96,69.36,46.66,49.03,rain
2016-03-29,21.63,22.44,0.2,0.24,75,69.8,54.09,48.4,rain
2016-03-30,21.61,22.87,0.19,0.24,81,71.84,52.68,49.09,rain
2016-03-31,22.63,21.98,0.18,0.21,82,75.23,55.71,50.63,rain
2016-04-01,24.87,21.74,0.19,0.19,78.96,78.54,59.84,53.62,rain
2016-04-02,30.88,22.81,0.29,0.18,68.12,79.85,60.95,55.52,rain
2016-04-03,42.45,25.87,0.59,0.22,64.15,75.6,54,58.25,rain
2016-04-04,32.71,32.41,0.42,0.35,70.49,69.71,52,57.68,rain
2016-04-05,24.85,34.99,0.26,0.43,71.99,66.91,52,55.09,rain
2016-04-06,33.82,33,0.4,0.42,67.08,68.19,54.41,52.14,rain
2016-04-07,33.77,30.16,0.36,0.36,72,69.15,52,52.28,rain
2016-04-08,40.17,30.51,0.52,0.34,69.85,69.65,50,52.28,rain
2016-04-09,35.63,35.56,0.4,0.42,71.67,68.95,53.2,51.62,rain
2016-04-10,25.24,36.16,0.28,0.42,73.84,70.46,51.22,51.22,rain
2016-04-11,26.38,33.34,0.25,0.4,74.29,71.07,53.5,50.96,rain
2016-04-12,31.46,28.79,0.33,0.31,70.88,72.53,55.63,52.11,rain
2016-04-13,18.4,27.42,0.22,0.28,71.07,72.27,52,52.92,rain
2016-04-14,19.57,25.16,0.24,0.26,73.29,71.36,45.48,53.17,rain
2016-04-15,18.2,22.91,0.19,0.26,77.91,71.03,48.5,50.53,rain
2016-04-16,19.56,18.54,0.18,0.21,77.09,73.35,51.07,48.17,rain
2016-04-17,23.16,18.92,0.21,0.2,74.16,75.34,54.58,47.87,rain
2016-04-18,25.77,20.1,0.2,0.19,84,75.62,56.52,50.87,rain
2016-04-19,24.1,22.6,0.18,0.19,79.41,77.63,62.28,53.52,rain
2016-04-20,25.42,24.1,0.22,0.19,71.38,78.4,61,57.22,rain
2016-04-21,26.54,24.85,0.24,0.2,75.62,77.48,57.48,59.33,rain
2016-04-22,28.89,25.1,0.28,0.21,73.22,74.72,58.55,59.65,rain
2016-04-23,27.16,26.68,0.24,0.24,75.7,72.67,57,58.42,rain
2016-04-24,24.82,27.25,0.21,0.25,77,74.1,58.41,57.1,rain
2016-04-25,28.99,26.69,0.25,0.24,78.53,74.55,56.56,57.41,rain
2016-04-26,28.37,26.72,0.23,0.23,79.79,76.31,57.95,56.75,rain
2016-04-27,24.21,27.12,0.19,0.23,79,77.66,59.31,57.06,rain
2016-04-28,19.36,26.92,0.15,0.22,82,78.32,58.37,57.36,rain
2016-04-29,23.32,23.74,0.16,0.19,86.47,79.46,57.05,57.96,rain
2016-04-30,25.25,22.07,0.15,0.17,90.63,81.67,63.6,57.66,rain
2016-05-01,28.67,22.42,0.18,0.15,86,85.5,65.4,59.08,rain
2016-05-02,32.54,25.49,0.26,0.16,75,86.82,63.22,61.4,rain
2016-05-03,36.03,28.53,0.29,0.19,79.53,83.04,64.64,63.43,rain
2016-05-04,33.58,32.09,0.25,0.24,83.15,79.37,64,63.78,rain
2016-05-05,35.22,33.71,0.3,0.26,81,78.43,60.05,63.31,rain
2016-05-06,37.45,34.59,0.31,0.28,81.74,80.41,58.84,62.27,rain
2016-05-07,26.57,35.06,0.16,0.28,88,81.14,65.85,60.35,rain
2016-05-08,32.07,32.75,0.2,0.25,87.66,82.74,61.63,60.96,rain
2016-05-09,30.87,31.71,0.19,0.22,87.05,84.94,62.56,61.49,rain
2016-05-10,30.72,29.54,0.18,0.18,91.17,86.69,64.01,62.71,rain
2016-05-11,32.97,30.91,0.21,0.19,88,87.74,68.42,62.11,rain
2016-05-12,39.2,31.2,0.45,0.19,71.2,87.85,55.58,64.35,rain
2016-05-13,39.05,33.95,0.45,0.28,69.82,82.62,53.5,62.04,rain
2016-05-14,41.92,36.7,0.5,0.37,67.34,75.58,54,58.58,rain
2016-05-15,43.8,39.66,0.49,0.46,77.33,68.76,54,53.82,rain
2016-05-16,38.55,41.17,0.33,0.48,83.08,70.78,56.14,53.3,rain
2016-05-17,34.22,41.01,0.24,0.44,84.98,75.16,63.54,54.17,rain
2016-05-18,28.56,38.47,0.19,0.35,88,80.98,64.84,57.31,rain
2016-05-19,22.98,33.44,0.17,0.25,82,84.5,65.25,60.89,rain
2016-05-20,37.48,28.3,0.34,0.2,72,84.14,62.36,63.9,rain
2016-05-21,40.32,29.38,0.41,0.23,72.73,79.86,59,63.51,rain
2016-05-22,37.21,33.26,0.31,0.3,79,74.82,57.23,61.58,rain
2016-05-23,38.04,37.95,0.31,0.35,82.16,73.83,58.55,58.93,rain
2016-05-24,44.87,38.14,0.44,0.34,75,77.18,61.66,57.68,rain
2016-05-25,45.81,39.64,0.56,0.35,70,77.93,55,58.56,rain
2016-05-26,41.23,42.48,0.39,0.43,76.54,74.96,58.71,57.82,rain
2016-05-27,39.09,43.53,0.32,0.46,86,73.11,58.89,57.87,rain
2016-05-28,31.29,41.62,0.23,0.42,86,76.74,61.23,56.96,rain
2016-05-29,24.64,36.83,0.17,0.31,84,82.02,66,59.01,rain
2016-05-30,26.08,31.36,0.19,0.24,81,84.48,61.54,61.42,rain
2016-05-31,33.88,27.06,0.28,0.19,84,82.83,56.96,62.29,rain
2016-06-01,34.82,27.92,0.25,0.21,88.58,82.17,58.36,60.89,rain
2016-06-02,34.79,31.28,0.21,0.24,90.74,83.68,64.69,58.36,rain
2016-06-03,38.54,34.15,0.23,0.24,89.83,86.9,70.71,59.4,rain
2016-06-04,38.14,35.69,0.22,0.23,91.99,88.82,70.01,63.94,rain
2016-06-05,39.7,36.79,0.24,0.22,90,89.94,71.63,67.79,rain
2016-06-06,32.4,38.41,0.18,0.23,95,89.7,68.32,70.08,rain
2016-06-07,38.78,36.38,0.22,0.21,91.25,91.41,71.52,69.29,rain
2016-06-08,40.07,36.59,0.24,0.21,92.08,91.16,68.92,69.79,rain
2016-06-09,38.03,36.71,0.21,0.21,93,91.85,70.21,68.89,rain
2016-06-10,39.82,38.57,0.21,0.22,93.17,91.19,77,69.51,rain
2016-06-11,45.59,38.91,0.31,0.22,87.91,91.82,73,71.32,rain
2016-06-12,44.82,40.74,0.28,0.24,90.34,90.45,73,72.67,rain
2016-06-13,42.8,42.98,0.24,0.26,94.44,89.57,76.57,73.59,rain
2016-06-14,43.76,43.96,0.24,0.27,94.94,89.99,78.59,73.45,rain
2016-06-15,44.81,43.36,0.25,0.25,94.78,92.31,78.42,75.29,rain
2016-06-16,42.94,43.35,0.23,0.24,94,93.77,79.2,77.08,rain
2016-06-17,40.37,43.4,0.22,0.24,96.34,93.63,75.6,77.95,unknown
2016-06-18,32.66,42.28,0.16,0.23,95.99,94.09,75.6,76.96,unknown
2016-06-19,32.04,38.27,0.16,0.2,92.95,94.49,74.8,76.03,unknown
2016-06-20,36.25,34.67,0.18,0.18,93.72,94.14,74.2,74.58,unknown
2016-06-21,37.2,33.31,0.2,0.17,91.43,93.28,74.56,74.12,rain
2016-06-22,42.65,34.81,0.27,0.18,89.4,91.77,69.16,73.77,rain
2016-06-23,32.22,38.31,0.21,0.21,85.6,90.6,65.16,71.91,rain
2016-06-24,34.64,36.98,0.21,0.22,88.6,87.92,67.56,68.93,rain
2016-06-25,39.77,36.14,0.26,0.23,88.6,86.99,66.36,66.62,unknown
2016-06-26,38.09,35.19,0.21,0.22,94.78,86.72,71.8,65.7,unknown
2016-06-27,32.35,37.13,0.17,0.22,93.61,89.75,73.47,67.89,unknown
