date,dewPoint,humidity,maxTemp,minTemp,precipType
2013-05-01,40.43,0.48,68.0,56.29,rain
2013-05-02,44.36,0.6,64.0,54.04,rain
2013-05-03,44.47,0.56,70.0,53.5,rain
2013-05-04,36.97,0.42,77.0,54.0,rain
2013-05-05,26.68,0.27,79.0,54.04,rain
2013-05-06,27.15,0.24,81.0,53.85,rain
2013-05-07,38.59,0.4,72.0,56.56,rain
2013-05-08,45.24,0.55,73.32,55.0,rain
2013-05-09,42.78,0.46,72.0,57.0,rain
2013-05-10,37.78,0.36,82.1,50.79,rain
2013-05-11,29.65,0.21,81.1,63.81,rain
2013-05-12,34.41,0.27,78.79,63.06,rain
2013-05-13,40.47,0.4,75.0,59.0,rain
2013-05-14,39.91,0.46,79.0,52.7,rain
2013-05-15,39.76,0.39,78.45,55.13,rain
2013-05-16,42.07,0.41,80.99,59.0,rain
2013-05-17,33.13,0.25,86.0,59.53,rain
2013-05-18,34.06,0.23,86.0,58.62,rain
2013-05-19,33.96,0.24,89.64,60.56,rain
2013-05-20,32.08,0.21,90.0,62.34,rain
2013-05-21,30.58,0.2,88.57,64.27,rain
2013-05-22,23.43,0.17,86.38,66.58,rain
2013-05-23,30.29,0.2,82.16,66.96,rain
2013-05-24,37.3,0.27,82.63,66.51,rain
2013-05-25,33.9,0.23,86.69,65.49,rain
2013-05-26,41.78,0.43,73.25,59.0,rain
2013-05-27,50.55,0.73,68.0,55.0,rain
2013-05-28,48.81,0.82,57.25,52.0,rain
2013-05-29,47.7,0.65,68.0,53.42,rain
2013-05-30,48.8,0.57,77.79,51.4,rain
2013-05-31,47.75,0.44,85.8,56.2,rain
2013-06-01,37.0,0.25,93.0,59.68,rain
2013-06-02,40.08,0.27,91.52,64.2,rain
2013-06-03,31.5,0.17,92.25,70.19,rain
2013-06-04,31.68,0.17,91.47,70.42,rain
2013-06-05,31.72,0.18,91.63,68.02,rain
2013-06-06,26.47,0.15,89.65,72.36,rain
2013-06-07,36.0,0.26,86.0,62.44,rain
2013-06-08,42.24,0.33,82.97,64.12,rain
2013-06-09,40.22,0.28,86.05,65.59,rain
2013-06-10,40.83,0.26,91.78,63.33,rain
2013-06-11,42.84,0.26,96.92,67.0,rain
2013-06-12,41.13,0.23,93.93,73.03,rain
2013-06-13,41.46,0.26,90.0,72.0,rain
2013-06-14,49.34,0.55,77.0,61.58,rain
2013-06-15,49.81,0.57,72.0,59.89,rain
2013-06-16,50.99,0.7,69.05,55.0,rain
2013-06-17,45.85,0.52,76.32,54.0,rain
2013-06-18,48.81,0.53,77.82,59.13,rain
2013-06-19,46.67,0.47,83.07,57.0,rain
2013-06-20,47.09,0.4,87.11,61.0,rain
2013-06-21,45.12,0.32,90.11,63.38,rain
2013-06-22,42.69,0.27,92.17,69.95,rain
2013-06-23,40.02,0.24,93.76,70.21,rain
2013-06-24,35.26,0.18,95.0,71.17,rain
2013-06-25,37.87,0.21,95.67,66.25,rain
2013-06-26,39.96,0.21,97.14,69.59,rain
2013-06-27,38.38,0.2,96.32,75.09,rain
2013-06-28,36.57,0.21,89.24,73.0,rain
2013-06-29,41.3,0.31,86.0,64.39,rain
2013-06-30,49.93,0.48,81.92,61.0,rain
2013-07-01,50.44,0.49,81.0,65.85,rain
2013-07-02,54.38,0.57,79.13,61.87,rain
2013-07-03,48.93,0.4,88.92,62.45,rain
2013-07-04,47.18,0.31,94.09,68.21,rain
2013-07-05,42.62,0.24,97.0,73.47,rain
2013-07-06,43.54,0.25,95.0,74.59,rain
2013-07-07,47.21,0.37,86.45,72.0,rain
2013-07-08,42.84,0.37,86.0,64.87,rain
2013-07-09,48.93,0.5,77.33,62.25,rain
2013-07-10,52.28,0.65,73.0,60.9,rain
2013-07-11,52.1,0.62,75.0,59.0,rain
2013-07-12,48.51,0.45,84.0,62.15,rain
2013-07-13,45.81,0.35,90.23,61.99,rain
2013-07-14,46.66,0.32,93.0,67.05,rain
2013-07-15,45.79,0.34,88.0,68.8,rain
2013-07-16,37.45,0.23,91.33,67.86,rain
2013-07-17,43.59,0.28,89.16,68.82,rain
2013-07-18,42.81,0.27,93.79,67.07,rain
2013-07-19,42.36,0.26,90.58,73.79,rain
2013-07-20,48.07,0.32,90.81,71.49,rain
2013-07-21,48.61,0.32,93.72,71.52,rain
2013-07-22,54.29,0.52,79.0,69.4,rain
2013-07-23,48.88,0.44,87.06,63.49,rain
2013-07-24,32.7,0.19,90.0,69.68,rain
2013-07-25,41.01,0.27,89.76,66.49,rain
2013-07-26,45.2,0.32,88.67,64.75,rain
2013-07-27,45.88,0.3,93.7,67.23,rain
2013-07-28,46.19,0.28,99.59,67.79,rain
2013-07-29,44.96,0.25,100.05,67.8,rain
2013-07-30,41.73,0.22,100.51,69.19,rain
2013-07-31,44.76,0.24,100.0,71.24,rain
2013-08-01,46.58,0.24,99.0,75.78,rain
2013-08-02,44.9,0.22,97.88,76.11,rain
2013-08-03,45.56,0.23,93.0,80.73,rain
2013-08-04,39.52,0.18,99.0,81.23,rain
2013-08-05,44.47,0.24,93.0,78.48,rain
2013-08-06,47.92,0.28,96.84,73.63,rain
2013-08-07,44.22,0.25,97.92,70.94,rain
2013-08-08,44.17,0.25,95.0,75.64,rain
2013-08-09,47.12,0.29,91.0,73.02,rain
2013-08-10,48.77,0.3,91.0,74.88,rain
2013-08-11,48.01,0.29,90.0,76.13,rain
2013-08-12,47.65,0.29,91.0,74.26,rain
2013-08-13,42.38,0.33,82.0,68.0,rain
2013-08-14,44.46,0.36,82.0,67.38,rain
2013-08-15,48.72,0.43,84.15,59.99,rain
2013-08-16,49.17,0.44,80.75,66.0,rain
2013-08-17,55.98,0.66,74.74,63.0,rain
2013-08-18,55.16,0.58,82.69,63.0,rain
2013-08-19,56.84,0.68,75.66,63.0,rain
2013-08-20,56.37,0.68,75.28,63.0,rain
2013-08-21,57.09,0.69,74.38,64.0,rain
2013-08-22,55.22,0.55,82.0,65.85,rain
2013-08-23,53.89,0.45,87.06,68.18,rain
2013-08-24,50.11,0.39,89.35,70.56,rain
2013-08-25,36.74,0.25,90.0,71.5,rain
2013-08-26,29.35,0.2,88.0,65.04,rain
2013-08-27,37.52,0.27,88.42,58.98,rain
2013-08-28,41.48,0.29,88.75,64.14,rain
2013-08-29,43.51,0.29,88.0,68.36,rain
2013-08-30,38.27,0.24,88.0,71.76,rain
2013-08-31,25.87,0.16,88.13,68.58,rain
2013-09-01,41.12,0.33,79.0,66.46,rain
2013-09-02,44.25,0.36,81.62,65.4,rain
2013-09-03,46.43,0.41,81.0,64.0,rain
2013-09-04,46.61,0.44,79.0,63.55,rain
2013-09-05,45.83,0.4,82.0,62.91,rain
2013-09-06,45.65,0.42,82.07,61.96,rain
2013-09-07,45.9,0.4,84.0,59.12,rain
2013-09-08,42.92,0.35,86.0,58.52,rain
2013-09-09,42.08,0.32,87.53,59.91,rain
2013-09-10,41.49,0.31,88.0,61.87,rain
2013-09-11,40.5,0.29,89.67,60.7,rain
2013-09-12,37.42,0.25,91.53,60.02,rain
2013-09-13,38.09,0.24,88.0,70.76,rain
2013-09-14,41.5,0.34,82.0,64.0,rain
2013-09-15,46.58,0.52,75.0,58.99,rain
2013-09-16,43.27,0.53,72.42,54.68,rain
2013-09-17,31.89,0.31,77.0,52.69,rain
2013-09-18,36.83,0.36,77.87,52.42,rain
2013-09-19,40.05,0.37,79.15,54.72,rain
2013-09-20,41.4,0.37,82.36,55.62,rain
2013-09-21,31.07,0.23,87.7,57.31,rain
2013-09-22,34.19,0.28,82.0,56.88,rain
2013-09-23,25.78,0.25,67.84,57.64,rain
2013-09-24,31.21,0.32,71.08,53.6,rain
2013-09-25,33.89,0.34,73.86,53.92,rain
2013-09-26,37.02,0.39,76.22,53.96,rain
2013-09-27,38.97,0.39,78.83,54.43,rain
2013-09-28,40.81,0.39,80.37,54.61,rain
2013-09-29,37.35,0.35,79.0,54.31,rain
2013-09-30,34.89,0.31,78.51,54.78,rain
2013-10-01,35.9,0.32,79.47,54.44,rain
2013-10-02,32.85,0.28,81.16,55.8,rain
2013-10-03,34.0,0.3,81.92,52.91,rain
2013-10-04,31.23,0.28,84.47,52.39,rain
2013-10-05,24.94,0.2,85.21,55.87,rain
2013-10-06,28.49,0.24,84.0,53.03,rain
2013-10-07,30.03,0.26,82.62,53.77,rain
2013-10-08,29.32,0.24,86.63,53.2,rain
2013-10-09,30.9,0.27,82.91,52.67,rain
2013-10-10,32.86,0.28,81.01,54.4,rain
2013-10-11,25.69,0.23,81.63,54.49,rain
2013-10-12,26.37,0.26,70.61,56.11,rain
2013-10-13,33.19,0.39,66.76,50.71,rain
2013-10-14,29.62,0.34,64.79,53.92,rain
2013-10-15,29.47,0.36,68.78,45.98,rain
2013-10-16,30.42,0.36,70.46,45.09,rain
2013-10-17,26.28,0.31,67.36,47.09,rain
2013-10-18,28.5,0.33,68.32,48.92,rain
2013-10-19,28.59,0.36,68.91,43.3,rain
2013-10-20,28.89,0.37,69.99,41.48,rain
2013-10-21,27.65,0.35,70.15,41.78,rain
2013-10-22,25.26,0.33,70.0,40.25,rain
2013-10-23,23.32,0.31,69.09,40.24,rain
2013-10-24,28.66,0.36,70.93,41.76,rain
2013-10-25,24.03,0.31,70.32,40.23,rain
2013-10-26,21.27,0.3,66.07,39.16,rain
2013-10-27,22.43,0.31,64.7,42.1,rain
2013-10-28,23.62,0.33,63.78,42.71,rain
2013-10-29,28.04,0.46,59.13,39.29,rain
2013-10-30,27.92,0.47,58.98,36.13,rain
2013-10-31,26.07,0.41,58.38,37.88,rain
2013-11-01,22.87,0.37,58.99,35.75,rain
2013-11-02,24.9,0.39,58.54,41.93,rain
2013-11-03,18.55,0.35,61.61,33.21,rain
2013-11-04,15.49,0.3,60.38,32.77,rain
2013-11-05,19.68,0.36,58.06,33.51,rain
2013-11-06,16.33,0.34,59.01,33.26,rain
2013-11-07,16.78,0.32,58.57,32.59,rain
2013-11-08,9.43,0.24,64.37,32.27,rain
2013-11-09,13.45,0.3,55.0,39.0,rain
2013-11-10,26.32,0.63,42.83,34.0,rain
2013-11-11,27.01,0.63,44.51,34.0,rain
2013-11-12,28.65,0.8,37.96,32.0,rain
2013-11-13,28.29,0.74,42.52,31.99,rain
2013-11-14,27.73,0.73,45.28,28.02,rain
2013-11-15,26.28,0.71,46.83,25.73,rain
2013-11-16,25.32,0.68,46.75,24.97,rain
2013-11-17,24.3,0.65,47.23,24.03,rain
2013-11-18,23.39,0.62,48.36,24.5,rain
2013-11-19,22.68,0.63,45.12,25.73,rain
2013-11-20,17.59,0.54,46.0,25.26,rain
2013-11-21,-0.79,0.26,48.0,29.45,rain
2013-11-22,23.04,0.77,34.0,25.13,snow
2013-11-23,18.63,0.66,37.31,20.96,snow
2013-11-24,19.4,0.63,41.28,22.09,snow
2013-11-25,20.05,0.62,41.0,23.47,rain
2013-11-26,20.29,0.63,41.87,24.79,rain
2013-11-27,18.5,0.61,40.2,22.58,snow
2013-11-28,18.07,0.59,42.05,22.73,snow
2013-11-29,17.39,0.56,44.8,22.12,rain
2013-11-30,16.54,0.52,46.34,23.42,rain
2013-12-01,16.91,0.52,45.75,23.64,rain
2013-12-02,16.64,0.5,45.0,23.56,rain
2013-12-03,15.14,0.5,43.58,23.44,rain
2013-12-04,15.51,0.54,42.67,22.72,snow
2013-12-05,15.1,0.53,42.22,22.99,snow
2013-12-06,14.3,0.5,43.0,22.26,snow
2013-12-07,14.68,0.56,37.81,23.0,snow
2013-12-08,14.48,0.57,37.67,20.87,snow
2013-12-09,14.7,0.6,37.36,19.47,snow
2013-12-10,15.57,0.61,37.07,19.48,snow
2013-12-11,16.05,0.67,35.21,17.64,snow
2013-12-12,16.73,0.65,37.96,19.76,snow
2013-12-13,15.6,0.56,42.49,22.95,snow
2013-12-14,16.43,0.64,38.69,21.0,snow
2013-12-15,16.07,0.64,37.22,19.77,snow
2013-12-16,16.44,0.63,37.7,18.06,snow
2013-12-17,17.38,0.61,40.36,22.2,snow
2013-12-18,16.23,0.64,37.2,18.42,snow
2013-12-19,16.37,0.53,41.87,26.79,snow
2013-12-20,20.68,0.78,31.99,19.85,snow
2013-12-21,21.03,0.81,30.0,22.46,snow
2013-12-22,19.3,0.77,30.61,20.38,snow
2013-12-23,16.42,0.75,30.73,15.96,snow
2013-12-24,18.62,0.75,28.84,23.0,snow
2013-12-25,17.57,0.71,31.69,20.28,snow
2013-12-26,16.82,0.73,29.02,21.42,snow
2013-12-27,16.65,0.78,27.16,19.0,snow
2013-12-28,15.34,0.78,26.24,17.71,snow
2013-12-29,14.73,0.76,26.99,13.97,snow
2013-12-30,14.73,0.71,28.24,19.0,snow
2013-12-31,11.88,0.71,25.93,14.34,snow
2014-01-01,12.1,0.71,29.58,14.0,snow
2014-01-02,11.58,0.71,30.88,11.72,snow
2014-01-03,11.46,0.71,30.29,10.96,snow
2014-01-04,11.2,0.65,32.0,12.0,snow
2014-01-05,11.14,0.61,35.16,12.36,snow
2014-01-06,9.59,0.62,30.12,14.0,snow
2014-01-07,12.79,0.73,26.53,13.67,snow
2014-01-08,12.67,0.79,23.3,14.0,snow
2014-01-09,9.77,0.7,25.77,10.0,snow
2014-01-10,11.94,0.68,30.0,16.12,snow
2014-01-11,10.1,0.66,30.13,10.19,snow
2014-01-12,9.69,0.65,30.76,10.02,snow
2014-01-13,10.67,0.64,32.58,13.03,snow
2014-01-14,11.03,0.62,32.95,13.09,snow
2014-01-15,10.9,0.61,33.51,12.5,snow
2014-01-16,11.07,0.6,34.3,12.02,snow
2014-01-17,11.59,0.57,39.58,16.0,snow
2014-01-18,10.66,0.58,34.16,14.72,snow
2014-01-19,11.1,0.58,35.36,14.22,snow
2014-01-20,11.81,0.56,36.76,17.46,snow
2014-01-21,11.28,0.54,37.99,17.02,snow
2014-01-22,10.54,0.49,41.0,18.46,snow
2014-01-23,11.41,0.49,41.87,20.83,snow
2014-01-24,11.09,0.49,39.87,18.56,snow
2014-01-25,10.69,0.5,39.29,18.87,snow
2014-01-26,11.31,0.46,43.59,19.64,snow
2014-01-27,10.49,0.44,43.12,21.15,snow
2014-01-28,11.07,0.4,50.86,21.17,rain
2014-01-29,11.34,0.39,48.73,24.44,rain
2014-01-30,12.1,0.39,48.65,23.63,rain
2014-01-31,9.49,0.27,59.0,29.0,rain
2014-02-01,14.0,0.4,50.23,26.01,rain
2014-02-02,11.42,0.4,43.29,26.5,rain
2014-02-03,11.21,0.49,32.0,24.12,snow
2014-02-04,18.14,0.72,32.25,23.99,snow
2014-02-05,20.18,0.84,30.82,16.0,snow
2014-02-06,18.29,0.81,32.04,19.5,snow
2014-02-07,17.43,0.78,30.23,18.0,snow
2014-02-08,16.37,0.77,33.57,17.97,snow
2014-02-09,14.48,0.7,32.15,18.0,snow
2014-02-10,13.59,0.67,33.53,16.0,snow
2014-02-11,14.5,0.66,35.66,16.0,snow
2014-02-12,15.11,0.66,39.52,18.57,snow
2014-02-13,16.53,0.64,40.57,19.0,snow
2014-02-14,17.9,0.62,43.45,21.0,snow
2014-02-15,15.32,0.51,45.42,23.0,rain
2014-02-16,14.37,0.48,48.46,23.0,rain
2014-02-17,13.36,0.49,39.94,21.0,snow
2014-02-18,14.22,0.54,39.49,21.96,snow
2014-02-19,15.16,0.5,42.82,23.16,rain
2014-02-20,18.94,0.55,43.28,25.3,rain
2014-02-21,19.63,0.52,50.2,27.88,rain
2014-02-22,16.47,0.44,50.29,29.6,rain
2014-02-23,14.78,0.39,50.28,28.21,rain
2014-02-24,7.65,0.3,51.36,29.0,rain
2014-02-25,4.66,0.24,49.11,30.0,rain
2014-02-26,9.43,0.35,42.37,30.0,rain
2014-02-27,12.24,0.39,45.78,27.0,rain
2014-02-28,11.81,0.38,47.87,26.95,rain
2014-03-01,10.41,0.36,48.05,26.63,rain
2014-03-02,12.74,0.35,53.49,28.0,rain
2014-03-03,11.02,0.32,48.75,29.73,rain
2014-03-04,10.21,0.3,46.37,32.89,rain
2014-03-05,9.14,0.29,48.0,33.93,rain
2014-03-06,11.92,0.32,53.19,30.0,rain
2014-03-07,11.3,0.3,54.27,30.97,rain
2014-03-08,12.28,0.28,54.15,33.09,rain
2014-03-09,11.69,0.29,50.0,34.71,rain
2014-03-10,-9.8,0.11,53.57,39.0,rain
2014-03-11,8.26,0.27,47.3,34.0,rain
2014-03-12,15.18,0.36,48.23,34.09,rain
2014-03-13,16.6,0.38,51.21,31.41,rain
2014-03-14,15.95,0.33,54.29,33.41,rain
2014-03-15,16.48,0.3,57.75,36.58,rain
2014-03-16,17.34,0.28,61.57,40.8,rain
2014-03-17,18.38,0.29,60.83,40.43,rain
2014-03-18,19.75,0.28,64.92,44.36,rain
2014-03-19,15.62,0.21,65.0,49.03,rain
2014-03-20,23.77,0.32,63.28,44.36,rain
2014-03-21,20.16,0.27,63.59,45.25,rain
2014-03-22,24.14,0.3,65.08,47.99,rain
2014-03-23,20.28,0.25,67.07,43.3,rain
2014-03-24,18.78,0.23,68.0,46.51,rain
2014-03-25,25.04,0.28,68.61,49.88,rain
2014-03-26,20.35,0.23,70.3,50.67,rain
2014-03-27,27.85,0.34,65.41,50.84,rain
2014-03-28,33.59,0.54,58.75,45.0,rain
2014-03-29,25.66,0.36,64.0,43.0,rain
2014-03-30,29.41,0.38,68.0,46.0,rain
2014-03-31,23.07,0.28,70.3,44.79,rain
2014-04-01,19.98,0.23,71.21,44.53,rain
2014-04-02,19.13,0.22,70.61,45.48,rain
2014-04-03,18.67,0.2,72.27,51.04,rain
2014-04-04,16.91,0.19,72.6,50.0,rain
2014-04-05,17.68,0.18,71.08,51.64,rain
2014-04-06,19.06,0.2,70.63,54.54,rain
2014-04-07,14.85,0.17,73.27,57.0,rain
2014-04-08,6.74,0.12,69.69,54.0,rain
2014-04-09,18.69,0.23,69.53,46.0,rain
2014-04-10,17.23,0.21,72.74,44.18,rain
2014-04-11,16.8,0.19,73.04,48.36,rain
2014-04-12,18.67,0.21,72.58,47.07,rain
2014-04-13,12.77,0.15,72.0,54.0,rain
2014-04-14,5.82,0.13,70.0,51.46,rain
2014-04-15,4.56,0.11,70.47,46.0,rain
2014-04-16,8.72,0.12,75.0,47.71,rain
2014-04-17,13.83,0.17,66.0,49.84,rain
2014-04-18,19.38,0.21,68.0,54.0,rain
2014-04-19,17.53,0.21,64.0,52.12,rain
2014-04-20,23.42,0.27,67.38,46.84,rain
2014-04-21,24.1,0.25,72.62,49.45,rain
2014-04-22,20.37,0.2,81.0,50.01,rain
2014-04-23,14.41,0.13,80.53,58.55,rain
2014-04-24,5.09,0.11,65.57,57.0,rain
2014-04-25,5.56,0.12,61.13,55.0,rain
2014-04-26,14.3,0.17,68.0,52.5,rain
2014-04-27,17.12,0.18,70.9,51.8,rain
2014-04-28,21.39,0.19,79.0,54.1,rain
2014-04-29,19.45,0.17,80.98,58.31,rain
2014-04-30,11.98,0.13,76.53,53.76,rain
2014-05-01,15.17,0.16,69.63,59.0,rain
2014-05-02,27.18,0.25,75.23,55.0,rain
2014-05-03,26.66,0.22,80.22,53.32,rain
2014-05-04,24.57,0.19,83.3,57.01,rain
2014-05-05,24.41,0.18,83.7,59.1,rain
2014-05-06,25.97,0.18,84.91,61.58,rain
2014-05-07,25.22,0.17,88.0,59.56,rain
2014-05-08,19.56,0.13,90.0,67.09,rain
2014-05-09,19.97,0.15,77.0,65.44,rain
2014-05-10,18.78,0.15,78.98,60.99,rain
2014-05-11,29.77,0.25,75.49,59.31,rain
2014-05-12,22.97,0.2,73.34,61.0,rain
2014-05-13,38.67,0.51,63.77,50.0,rain
2014-05-14,36.08,0.41,67.42,54.11,rain
2014-05-15,30.22,0.31,77.0,50.68,rain
2014-05-16,21.96,0.17,88.0,55.82,rain
2014-05-17,20.68,0.16,77.92,61.0,rain
2014-05-18,20.97,0.16,79.62,61.09,rain
2014-05-19,25.17,0.18,82.05,58.8,rain
2014-05-20,26.32,0.17,84.51,62.92,rain
2014-05-21,21.32,0.15,84.0,63.0,rain
2014-05-22,12.12,0.14,70.0,62.85,rain
2014-05-23,15.21,0.15,77.0,51.12,rain
2014-05-24,14.62,0.13,77.0,58.09,rain
2014-05-25,20.47,0.17,80.69,53.98,rain
2014-05-26,21.29,0.17,82.47,55.2,rain
2014-05-27,23.11,0.17,86.33,57.46,rain
2014-05-28,24.88,0.15,90.0,64.0,rain
2014-05-29,32.71,0.19,90.0,66.83,rain
2014-05-30,33.3,0.19,89.99,69.1,rain
2014-05-31,22.01,0.14,88.0,70.0,rain
2014-06-01,36.05,0.31,79.0,61.0,rain
2014-06-02,41.73,0.39,82.52,57.75,rain
2014-06-03,30.94,0.24,79.0,60.78,rain
2014-06-04,27.19,0.21,82.0,63.0,rain
2014-06-05,40.23,0.37,77.43,58.21,rain
2014-06-06,41.82,0.31,86.28,62.01,rain
2014-06-07,43.28,0.35,82.0,64.0,rain
2014-06-08,39.16,0.34,84.02,63.0,rain
2014-06-09,25.45,0.16,86.0,66.46,rain
2014-06-10,25.6,0.17,86.0,66.3,rain
2014-06-11,35.5,0.26,84.21,59.68,rain
2014-06-12,37.23,0.26,85.52,63.56,rain
2014-06-13,36.42,0.24,88.62,65.05,rain
2014-06-14,36.83,0.22,93.29,66.42,rain
2014-06-15,37.55,0.2,97.0,68.14,rain
2014-06-16,43.1,0.26,92.25,73.0,rain
2014-06-17,52.81,0.46,86.91,64.26,rain
2014-06-18,56.64,0.69,79.0,61.0,rain
2014-06-19,54.78,0.65,77.0,62.24,rain
2014-06-20,54.47,0.63,81.0,58.67,rain
2014-06-21,54.21,0.62,79.17,59.79,rain
2014-06-22,54.39,0.59,81.0,61.0,rain
2014-06-23,53.63,0.59,82.0,60.1,rain
2014-06-24,50.73,0.45,85.99,60.23,rain
2014-06-25,51.25,0.45,86.0,61.16,rain
2014-06-26,50.26,0.41,88.0,63.37,rain
2014-06-27,50.4,0.37,91.4,65.97,rain
2014-06-28,51.36,0.36,93.0,66.0,rain
2014-06-29,49.2,0.31,94.24,70.27,rain
2014-06-30,49.05,0.29,94.08,72.21,rain
2014-07-01,52.77,0.36,95.45,69.06,rain
2014-07-02,50.74,0.32,97.0,74.42,rain
2014-07-03,48.18,0.31,90.0,75.61,rain
2014-07-04,48.33,0.4,84.0,65.72,rain
2014-07-05,31.07,0.21,91.0,65.54,rain
2014-07-06,39.1,0.26,86.0,66.79,rain
2014-07-07,42.56,0.29,88.0,70.82,rain
2014-07-08,45.75,0.36,86.47,65.08,rain
2014-07-09,45.85,0.35,86.28,65.38,rain
2014-07-10,44.8,0.3,89.96,68.59,rain
2014-07-11,46.83,0.31,93.0,72.09,rain
2014-07-12,46.51,0.29,91.22,74.24,rain
2014-07-13,47.91,0.31,89.12,73.96,rain
2014-07-14,48.61,0.29,95.0,77.0,rain
2014-07-15,43.69,0.25,97.0,72.27,rain
2014-07-16,35.97,0.18,95.0,78.55,rain
2014-07-17,45.52,0.35,84.0,68.0,rain
2014-07-18,49.25,0.51,81.0,62.88,rain
2014-07-19,45.39,0.4,82.0,60.71,rain
2014-07-20,48.12,0.43,83.16,62.05,rain
2014-07-21,47.69,0.36,88.0,65.4,rain
2014-07-22,48.26,0.33,93.15,67.88,rain
2014-07-23,46.97,0.28,97.0,69.69,rain
2014-07-24,41.38,0.21,99.0,73.64,rain
2014-07-25,40.52,0.2,95.45,79.39,rain
2014-07-26,45.02,0.26,95.0,74.11,rain
2014-07-27,49.49,0.29,93.0,77.73,rain
2014-07-28,48.47,0.28,95.31,75.78,rain
2014-07-29,41.16,0.21,94.86,78.26,rain
2014-07-30,42.2,0.26,89.47,73.36,rain
2014-07-31,47.55,0.38,86.0,66.0,rain
2014-08-01,50.16,0.4,86.0,68.0,rain
2014-08-02,52.12,0.51,81.0,63.0,rain
2014-08-03,54.85,0.58,77.0,63.0,rain
2014-08-04,55.55,0.65,77.0,59.0,rain
2014-08-05,51.46,0.47,84.0,64.0,rain
2014-08-06,54.01,0.46,87.68,66.91,rain
2014-08-07,52.12,0.4,90.76,68.59,rain
2014-08-08,49.4,0.34,89.06,72.36,rain
2014-08-09,52.29,0.44,82.0,69.32,rain
2014-08-10,51.41,0.45,86.0,62.81,rain
2014-08-11,47.73,0.33,90.0,67.73,rain
2014-08-12,44.97,0.31,86.0,68.97,rain
2014-08-13,49.4,0.37,87.37,72.72,rain
2014-08-14,47.25,0.35,90.0,68.0,rain
2014-08-15,46.62,0.36,82.0,68.0,rain
2014-08-16,53.51,0.63,75.0,60.72,rain
2014-08-17,48.16,0.47,80.07,61.85,rain
2014-08-18,38.03,0.28,85.52,64.83,rain
2014-08-19,42.52,0.34,84.43,60.0,rain
2014-08-20,37.99,0.28,88.3,60.95,rain
2014-08-21,39.42,0.28,90.0,60.07,rain
2014-08-22,39.83,0.28,91.38,62.84,rain
2014-08-23,38.34,0.25,92.84,62.14,rain
2014-08-24,37.63,0.24,93.3,63.95,rain
2014-08-25,40.51,0.24,92.83,65.23,rain
2014-08-26,39.67,0.24,88.44,70.7,rain
2014-08-27,42.83,0.3,80.75,72.0,rain
2014-08-28,42.65,0.31,87.54,66.0,rain
2014-08-29,49.78,0.43,82.03,68.0,rain
2014-08-30,50.49,0.48,82.0,65.09,rain
2014-08-31,48.87,0.47,81.0,59.19,rain
2014-09-01,48.57,0.45,82.53,59.44,rain
2014-09-02,49.55,0.44,84.76,63.43,rain
2014-09-03,52.0,0.5,81.0,66.0,rain
2014-09-04,45.03,0.39,86.0,63.36,rain
2014-09-05,38.47,0.28,84.34,66.31,rain
2014-09-06,46.37,0.39,84.16,61.65,rain
2014-09-07,44.59,0.35,84.0,64.0,rain
2014-09-08,50.16,0.51,79.15,61.0,rain
2014-09-09,53.66,0.64,77.0,57.0,rain
2014-09-10,49.52,0.5,81.75,57.67,rain
2014-09-11,41.92,0.36,86.0,59.13,rain
2014-09-12,37.93,0.3,81.0,62.35,rain
2014-09-13,44.67,0.45,74.07,61.0,rain
2014-09-14,47.72,0.55,73.86,57.0,rain
2014-09-15,46.94,0.48,79.29,56.92,rain
2014-09-16,42.58,0.39,81.78,60.08,rain
2014-09-17,44.37,0.42,77.12,59.7,rain
2014-09-18,42.84,0.39,81.76,59.0,rain
2014-09-19,38.13,0.3,84.79,60.04,rain
2014-09-20,24.98,0.17,82.0,65.4,rain
2014-09-21,37.23,0.36,72.04,61.79,rain
2014-09-22,40.35,0.46,67.21,56.53,rain
2014-09-23,42.44,0.46,72.0,55.96,rain
2014-09-24,44.56,0.47,76.49,54.58,rain
2014-09-25,37.83,0.35,79.0,58.07,rain
2014-09-26,38.09,0.36,79.0,52.32,rain
2014-09-27,39.43,0.38,80.36,53.52,rain
2014-09-28,38.52,0.34,81.0,55.85,rain
2014-09-29,35.0,0.28,82.32,58.26,rain
2014-09-30,36.24,0.31,82.0,55.3,rain
2014-10-01,38.91,0.35,81.16,54.89,rain
2014-10-02,37.24,0.33,80.06,54.92,rain
2014-10-03,34.07,0.27,81.61,58.76,rain
2014-10-04,34.84,0.32,77.6,53.86,rain
2014-10-05,34.92,0.31,78.54,53.98,rain
2014-10-06,38.83,0.36,77.0,58.54,rain
2014-10-07,35.97,0.34,78.08,52.85,rain
2014-10-08,31.04,0.27,77.3,60.99,rain
2014-10-09,2.11,0.11,70.61,54.0,rain
2014-10-10,10.55,0.2,60.54,46.0,rain
2014-10-11,30.92,0.5,55.69,44.46,rain
2014-10-12,30.73,0.49,59.3,41.75,rain
2014-10-13,30.03,0.45,62.21,43.0,rain
2014-10-14,29.45,0.42,63.62,40.96,rain
2014-10-15,29.58,0.39,65.86,44.82,rain
2014-10-16,28.38,0.38,66.93,41.57,rain
2014-10-17,28.02,0.38,67.4,40.37,rain
2014-10-18,29.1,0.38,69.53,40.68,rain
2014-10-19,27.18,0.34,68.47,42.39,rain
2014-10-20,28.6,0.33,72.0,45.91,rain
2014-10-21,31.12,0.37,71.53,43.91,rain
2014-10-22,28.86,0.33,73.84,44.27,rain
2014-10-23,29.33,0.34,74.08,43.21,rain
2014-10-24,29.69,0.34,72.0,46.26,rain
2014-10-25,28.27,0.34,71.83,43.66,rain
2014-10-26,26.39,0.3,71.52,46.83,rain
2014-10-27,22.7,0.27,70.95,46.5,rain
2014-10-28,14.62,0.2,63.94,50.39,rain
2014-10-29,34.7,0.59,54.0,45.0,rain
2014-10-30,37.98,0.77,50.0,41.0,rain
2014-10-31,35.82,0.8,50.92,34.84,rain
2014-11-01,34.48,0.75,50.03,36.23,rain
2014-11-02,33.15,0.67,51.83,34.73,rain
2014-11-03,31.44,0.59,54.75,37.0,rain
2014-11-04,31.41,0.57,57.0,36.42,rain
2014-11-05,29.41,0.49,58.38,40.23,rain
2014-11-06,27.17,0.47,55.53,35.93,rain
2014-11-07,26.73,0.5,52.13,38.39,rain
2014-11-08,27.84,0.52,52.61,40.53,rain
2014-11-09,9.51,0.27,52.15,37.93,rain
2014-11-10,22.71,0.56,48.0,30.17,rain
2014-11-11,26.43,0.69,43.42,28.83,rain
2014-11-12,25.08,0.63,42.36,30.69,rain
2014-11-13,23.95,0.59,48.58,26.98,rain
2014-11-14,22.49,0.57,48.66,26.34,rain
2014-11-15,21.76,0.52,48.0,30.14,rain
2014-11-16,20.67,0.51,48.46,26.31,rain
2014-11-17,19.69,0.48,50.75,28.04,rain
2014-11-18,19.56,0.47,51.09,28.5,rain
2014-11-19,20.27,0.45,53.98,28.32,rain
2014-11-20,19.44,0.46,49.66,28.79,rain
2014-11-21,17.75,0.43,49.66,29.92,rain
2014-11-22,16.85,0.41,46.92,30.47,rain
2014-11-23,17.09,0.46,48.28,28.0,rain
2014-11-24,17.91,0.48,46.91,26.63,rain
2014-11-25,16.55,0.42,54.0,28.03,rain
2014-11-26,11.93,0.31,51.35,36.0,rain
2014-11-27,22.05,0.66,39.65,26.64,rain
2014-11-28,19.46,0.55,61.0,24.41,rain
2014-11-29,20.91,0.68,38.07,25.0,snow
2014-11-30,22.5,0.85,30.46,23.0,snow
2014-12-01,20.29,0.75,35.2,21.0,snow
2014-12-02,20.74,0.74,35.03,21.91,snow
2014-12-03,20.5,0.7,35.08,24.66,snow
2014-12-04,19.56,0.68,36.75,21.0,snow
2014-12-05,19.72,0.67,40.5,22.69,snow
2014-12-06,17.73,0.64,34.91,22.44,snow
2014-12-07,18.3,0.7,34.15,19.58,snow
2014-12-08,-8.6,0.2,46.0,25.0,rain
2014-12-09,14.84,0.72,28.0,17.17,snow
2014-12-10,15.54,0.84,25.0,14.0,snow
2014-12-11,11.76,0.84,20.34,10.0,snow
2014-12-12,11.98,0.81,20.53,14.0,snow
2014-12-13,10.92,0.75,29.3,8.12,snow
2014-12-14,10.86,0.78,23.27,11.55,snow
2014-12-15,10.78,0.8,22.36,10.0,snow
2014-12-16,7.98,0.71,27.0,7.0,snow
2014-12-17,8.18,0.66,28.0,8.77,snow
2014-12-18,9.64,0.66,30.13,10.17,snow
2014-12-19,9.24,0.66,27.0,11.1,snow
2014-12-20,9.4,0.64,28.95,12.64,snow
2014-12-21,9.16,0.58,32.0,14.92,snow
2014-12-22,10.08,0.58,32.0,14.92,snow
2014-12-23,9.47,0.57,32.17,16.01,snow
2014-12-24,8.65,0.58,32.45,13.1,snow
2014-12-25,8.76,0.56,32.35,12.47,snow
2014-12-26,10.96,0.51,45.49,16.96,snow
2014-12-27,8.52,0.5,36.0,16.65,snow
2014-12-28,7.88,0.49,39.0,12.88,snow
2014-12-29,8.68,0.49,38.05,16.22,snow
2014-12-30,9.55,0.52,35.37,16.55,snow
2014-12-31,9.88,0.52,36.16,15.7,snow
2015-01-01,8.88,0.52,36.44,15.02,snow
2015-01-02,8.74,0.53,34.15,14.64,snow
2015-01-03,9.45,0.53,37.0,13.92,snow
2015-01-04,9.23,0.49,35.95,21.0,snow
2015-01-05,8.19,0.52,28.66,18.85,snow
2015-01-06,8.33,0.49,38.27,16.62,snow
2015-01-07,8.26,0.47,41.0,18.0,snow
2015-01-08,8.23,0.46,39.59,17.76,snow
2015-01-09,8.74,0.48,38.67,15.16,snow
2015-01-10,9.45,0.47,41.0,16.71,snow
2015-01-11,9.28,0.46,38.22,18.09,snow
2015-01-12,9.37,0.45,41.13,17.0,snow
2015-01-13,14.16,0.51,37.2,23.77,snow
2015-01-14,18.81,0.56,39.66,27.86,snow
2015-01-15,20.69,0.62,43.61,21.62,rain
2015-01-16,15.15,0.57,39.91,21.0,snow
2015-01-17,13.57,0.55,39.62,20.81,snow
2015-01-18,13.33,0.54,39.76,18.1,snow
2015-01-19,12.3,0.5,40.98,20.09,snow
2015-01-20,10.81,0.49,38.53,19.97,snow
2015-01-21,10.92,0.48,42.08,19.47,snow
2015-01-22,9.97,0.46,36.0,24.54,snow
2015-01-23,8.59,0.46,41.0,16.86,snow
2015-01-24,6.72,0.45,36.0,17.14,snow
2015-01-25,7.06,0.4,40.05,19.0,snow
2015-01-26,12.66,0.58,29.38,22.73,snow
2015-01-27,16.34,0.71,29.0,21.0,snow
2015-01-28,19.66,0.83,29.67,19.35,snow
2015-01-29,19.74,0.89,27.0,19.74,snow
2015-01-30,17.26,0.83,27.92,15.01,snow
2015-01-31,18.14,0.84,27.89,19.75,snow
2015-02-01,18.26,0.84,28.2,18.28,snow
2015-02-02,19.72,0.81,31.05,19.15,snow
2015-02-03,20.47,0.88,27.45,19.0,snow
2015-02-04,19.27,0.82,27.0,21.0,snow
2015-02-05,18.83,0.78,29.62,22.68,snow
2015-02-06,18.59,0.73,30.52,23.0,snow
2015-02-07,19.3,0.74,32.0,23.0,snow
2015-02-08,17.9,0.69,34.0,21.0,snow
2015-02-09,17.63,0.66,40.49,16.56,snow
2015-02-10,19.98,0.67,40.87,20.41,snow
2015-02-11,20.77,0.66,43.6,21.0,snow
2015-02-12,21.06,0.6,47.13,22.96,rain
2015-02-13,15.82,0.44,56.57,28.96,rain
2015-02-14,11.24,0.29,53.9,36.72,rain
2015-02-15,16.78,0.43,47.97,29.52,rain
2015-02-16,17.33,0.43,47.38,29.82,rain
2015-02-17,17.93,0.43,49.55,30.27,rain
2015-02-18,18.87,0.41,52.0,32.9,rain
2015-02-19,16.03,0.38,48.0,30.94,rain
2015-02-20,15.78,0.38,51.24,31.32,rain
2015-02-21,14.97,0.36,52.0,30.96,rain
2015-02-22,16.42,0.36,54.0,31.86,rain
2015-02-23,18.43,0.39,54.11,31.24,rain
2015-02-24,19.01,0.39,53.82,33.2,rain
2015-02-25,19.44,0.42,46.32,35.65,rain
2015-02-26,25.11,0.63,45.5,33.79,rain
2015-02-27,28.62,0.71,44.25,34.0,rain
2015-02-28,23.26,0.54,48.0,34.59,rain
2015-03-01,21.13,0.5,49.69,30.31,rain
2015-03-02,21.74,0.47,48.53,36.4,rain
2015-03-03,21.19,0.46,50.45,32.0,rain
2015-03-04,20.98,0.41,51.21,37.0,rain
2015-03-05,17.49,0.36,53.99,33.68,rain
2015-03-06,20.73,0.38,57.15,36.38,rain
2015-03-07,18.62,0.33,59.12,36.71,rain
2015-03-08,14.28,0.27,55.4,41.83,rain
2015-03-09,12.83,0.27,55.08,38.52,rain
2015-03-10,8.39,0.22,55.84,38.24,rain
2015-03-11,9.73,0.22,56.45,38.25,rain
2015-03-12,6.71,0.18,68.0,40.86,rain
2015-03-13,15.17,0.31,50.17,39.0,rain
2015-03-14,15.94,0.3,55.99,37.0,rain
2015-03-15,18.77,0.3,63.0,38.08,rain
2015-03-16,13.64,0.25,66.0,42.26,rain
2015-03-17,13.34,0.22,60.97,43.0,rain
2015-03-18,7.79,0.16,65.09,44.43,rain
2015-03-19,4.87,0.14,64.05,43.09,rain
2015-03-20,8.57,0.19,61.74,39.55,rain
2015-03-21,12.11,0.18,69.21,43.92,rain
2015-03-22,14.32,0.19,69.78,45.71,rain
2015-03-23,14.6,0.21,66.61,44.96,rain
2015-03-24,15.72,0.2,68.03,48.63,rain
2015-03-25,8.71,0.13,73.47,52.0,rain
2015-03-26,18.67,0.21,70.91,47.73,rain
2015-03-27,15.2,0.18,72.57,51.0,rain
2015-03-28,22.72,0.26,67.28,50.04,rain
2015-03-29,23.24,0.26,68.0,52.0,rain
2015-03-30,23.26,0.28,66.37,48.05,rain
2015-03-31,12.84,0.17,68.44,50.0,rain
2015-04-01,21.36,0.26,68.8,48.6,rain
2015-04-02,14.15,0.2,70.22,50.0,rain
2015-04-03,14.55,0.19,64.0,48.0,rain
2015-04-04,26.61,0.36,59.75,48.0,rain
2015-04-05,27.01,0.35,65.53,45.0,rain
2015-04-06,24.46,0.28,69.05,45.89,rain
2015-04-07,22.43,0.24,70.13,47.73,rain
2015-04-08,21.5,0.23,71.67,51.22,rain
2015-04-09,35.28,0.48,64.25,48.0,rain
2015-04-10,29.6,0.33,69.71,53.05,rain
2015-04-11,24.87,0.27,72.01,49.52,rain
2015-04-12,21.73,0.21,72.45,54.12,rain
2015-04-13,21.67,0.21,76.2,48.63,rain
2015-04-14,26.67,0.24,81.44,49.21,rain
2015-04-15,30.13,0.24,81.29,54.44,rain
2015-04-16,18.58,0.18,73.74,61.0,rain
2015-04-17,13.36,0.14,72.78,53.79,rain
2015-04-18,21.35,0.22,70.23,51.24,rain
2015-04-19,34.73,0.43,65.7,52.0,rain
2015-04-20,40.65,0.6,63.15,48.0,rain
2015-04-21,29.77,0.34,73.49,49.25,rain
2015-04-22,17.36,0.17,77.76,53.14,rain
2015-04-23,22.57,0.21,80.24,50.55,rain
2015-04-24,23.53,0.19,82.09,52.76,rain
2015-04-25,25.6,0.2,82.95,54.16,rain
2015-04-26,24.14,0.19,86.03,53.68,rain
2015-04-27,13.46,0.13,77.0,63.0,rain
2015-04-28,3.97,0.09,78.26,57.62,rain
2015-04-29,28.67,0.27,71.96,56.5,rain
2015-04-30,30.99,0.27,74.29,58.26,rain
2015-05-01,34.02,0.33,72.29,59.0,rain
2015-05-02,31.6,0.32,72.01,55.45,rain
2015-05-03,23.06,0.21,77.15,51.14,rain
2015-05-04,28.64,0.25,81.0,51.17,rain
2015-05-05,24.52,0.17,86.63,59.79,rain
2015-05-06,21.79,0.15,88.0,62.77,rain
2015-05-07,29.29,0.17,86.89,67.08,rain
2015-05-08,35.62,0.22,90.3,62.69,rain
2015-05-09,35.71,0.22,91.82,62.67,rain
2015-05-10,37.63,0.24,82.48,72.0,rain
2015-05-11,35.85,0.24,82.06,72.84,rain
2015-05-12,36.59,0.25,82.0,67.65,rain
2015-05-13,45.58,0.44,73.93,63.0,rain
2015-05-14,29.96,0.2,86.0,65.28,rain
2015-05-15,39.6,0.3,86.0,59.88,rain
2015-05-16,37.32,0.26,88.0,61.54,rain
2015-05-17,35.36,0.25,82.8,64.64,rain
2015-05-18,21.08,0.16,86.0,65.37,rain
2015-05-19,16.57,0.13,86.0,57.43,rain
2015-05-20,32.9,0.24,82.0,62.82,rain
2015-05-21,41.16,0.37,81.0,61.0,rain
2015-05-22,36.37,0.29,84.05,61.33,rain
2015-05-23,28.44,0.21,80.53,64.0,rain
2015-05-24,32.39,0.26,82.0,63.0,rain
2015-05-25,31.46,0.36,79.0,53.84,rain
2015-05-26,39.07,0.43,73.0,53.35,rain
2015-05-27,31.76,0.28,80.54,53.78,rain
2015-05-28,34.14,0.27,81.91,58.68,rain
2015-05-29,40.23,0.36,79.87,61.0,rain
2015-05-30,48.19,0.53,81.0,57.0,rain
2015-05-31,30.22,0.24,82.3,61.6,rain
2015-06-01,25.36,0.17,86.0,63.05,rain
2015-06-02,35.26,0.28,79.0,63.84,rain
2015-06-03,37.12,0.31,81.0,58.68,rain
2015-06-04,36.6,0.27,83.87,60.68,rain
2015-06-05,34.54,0.23,88.0,61.7,rain
2015-06-06,30.77,0.17,91.03,67.68,rain
2015-06-07,30.96,0.18,91.78,68.27,rain
2015-06-08,32.83,0.18,95.0,67.93,rain
2015-06-09,23.49,0.14,91.53,69.75,rain
2015-06-10,21.99,0.15,82.0,66.0,rain
2015-06-11,40.93,0.33,82.0,61.87,rain
2015-06-12,40.85,0.31,86.62,62.47,rain
2015-06-13,36.57,0.24,88.0,67.99,rain
2015-06-14,35.96,0.24,90.0,64.0,rain
2015-06-15,27.92,0.17,88.0,70.46,rain
2015-06-16,22.28,0.14,86.0,66.75,rain
2015-06-17,38.32,0.29,82.21,62.99,rain
2015-06-18,38.8,0.28,86.14,63.34,rain
2015-06-19,40.26,0.26,90.58,65.0,rain
2015-06-20,38.26,0.23,90.14,71.78,rain
2015-06-21,36.9,0.24,86.16,69.96,rain
2015-06-22,40.74,0.31,86.0,62.43,rain
2015-06-23,43.37,0.33,86.88,64.78,rain
2015-06-24,50.34,0.54,71.22,64.0,rain
2015-06-25,54.93,0.81,64.67,57.0,rain
2015-06-26,55.32,0.72,75.15,57.96,rain
2015-06-27,54.93,0.61,80.68,59.79,rain
2015-06-28,47.97,0.39,87.05,61.72,rain
2015-06-29,43.21,0.27,91.0,67.8,rain
2015-06-30,48.43,0.37,86.0,70.0,rain
2015-07-01,50.7,0.43,86.0,66.63,rain
2015-07-02,49.83,0.4,88.0,65.67,rain
2015-07-03,46.54,0.33,93.0,65.84,rain
2015-07-04,46.95,0.3,95.28,67.69,rain
2015-07-05,34.81,0.19,98.69,72.27,rain
2015-07-06,36.1,0.18,91.0,73.92,rain
2015-07-07,41.86,0.24,91.0,75.0,rain
2015-07-08,46.76,0.3,90.0,73.95,rain
2015-07-09,48.26,0.31,92.04,74.26,rain
2015-07-10,52.25,0.44,84.53,67.78,rain
2015-07-11,33.87,0.19,95.0,67.21,rain
2015-07-12,43.41,0.27,93.0,66.48,rain
2015-07-13,41.75,0.23,97.0,71.35,rain
2015-07-14,43.47,0.23,99.45,73.71,rain
2015-07-15,42.18,0.21,98.2,75.05,rain
2015-07-16,40.5,0.2,99.15,71.79,rain
2015-07-17,38.76,0.2,100.62,71.72,rain
2015-07-18,37.69,0.18,101.12,70.79,rain
2015-07-19,41.81,0.19,101.27,78.85,rain
2015-07-20,42.97,0.21,96.39,80.11,rain
2015-07-21,43.98,0.21,98.24,82.19,rain
2015-07-22,42.55,0.21,97.0,78.99,rain
2015-07-23,44.07,0.22,98.53,79.92,rain
2015-07-24,40.1,0.2,100.0,74.09,rain
2015-07-25,37.79,0.17,101.13,74.66,rain
2015-07-26,43.19,0.2,97.42,80.18,rain
2015-07-27,47.4,0.26,91.0,82.34,rain
2015-07-28,50.76,0.32,94.04,77.0,rain
2015-07-29,54.14,0.43,91.86,70.0,rain
2015-07-30,47.97,0.3,94.07,74.24,rain
2015-07-31,55.17,0.46,82.36,72.0,rain
2015-08-01,57.26,0.53,84.88,70.0,rain
2015-08-02,55.62,0.48,85.79,72.0,rain
2015-08-03,53.83,0.41,86.0,73.77,rain
2015-08-04,54.53,0.41,90.0,73.0,rain
2015-08-05,53.63,0.4,88.46,73.78,rain
2015-08-06,52.57,0.38,89.55,71.3,rain
2015-08-07,55.03,0.44,86.0,72.0,rain
2015-08-08,55.79,0.48,88.0,70.0,rain
2015-08-09,48.65,0.35,90.0,69.76,rain
2015-08-10,55.57,0.58,81.0,68.0,rain
2015-08-11,53.25,0.54,86.0,64.0,rain
2015-08-12,50.21,0.43,86.0,63.55,rain
2015-08-13,51.29,0.41,87.08,64.93,rain
2015-08-14,41.59,0.28,91.0,68.36,rain
2015-08-15,28.57,0.16,91.0,67.4,rain
2015-08-16,37.74,0.27,82.0,68.57,rain
2015-08-17,40.23,0.27,86.92,68.89,rain
2015-08-18,41.81,0.29,90.92,64.47,rain
2015-08-19,40.21,0.26,92.07,65.71,rain
2015-08-20,39.21,0.24,91.45,65.1,rain
2015-08-21,42.55,0.28,91.89,66.01,rain
2015-08-22,39.33,0.23,91.06,69.07,rain
2015-08-23,36.31,0.21,90.0,74.24,rain
2015-08-24,40.98,0.27,86.0,72.09,rain
2015-08-25,46.38,0.37,84.78,66.0,rain
2015-08-26,40.68,0.29,88.29,64.9,rain
2015-08-27,34.11,0.21,88.79,67.7,rain
2015-08-28,47.29,0.41,82.95,64.0,rain
2015-08-29,35.28,0.25,86.0,67.06,rain
2015-08-30,44.25,0.37,81.0,65.29,rain
2015-08-31,51.81,0.69,68.0,58.72,rain
2015-09-01,49.0,0.58,81.0,52.79,rain
2015-09-02,48.33,0.5,79.0,56.13,rain
2015-09-03,49.22,0.47,79.0,62.77,rain
2015-09-04,47.27,0.41,84.0,62.0,rain
2015-09-05,49.37,0.49,75.0,63.0,rain
2015-09-06,49.9,0.52,77.0,61.37,rain
2015-09-07,42.28,0.41,77.0,61.41,rain
2015-09-08,46.39,0.56,70.16,55.16,rain
2015-09-09,47.16,0.54,76.35,53.64,rain
2015-09-10,46.37,0.47,75.43,57.85,rain
2015-09-11,46.06,0.47,75.29,59.52,rain
2015-09-12,44.91,0.43,80.24,57.98,rain
2015-09-13,44.58,0.41,83.38,58.06,rain
2015-09-14,28.92,0.21,84.46,62.86,rain
2015-09-15,29.28,0.23,79.0,63.0,rain
2015-09-16,38.69,0.37,75.57,56.73,rain
2015-09-17,38.34,0.36,77.0,56.69,rain
2015-09-18,38.47,0.34,79.62,57.15,rain
2015-09-19,36.85,0.3,81.47,58.22,rain
2015-09-20,26.46,0.22,79.0,64.0,rain
2015-09-21,29.26,0.29,75.2,53.8,rain
2015-09-22,37.01,0.4,72.0,51.3,rain
2015-09-23,36.6,0.36,79.0,54.66,rain
2015-09-24,37.31,0.36,78.07,52.44,rain
2015-09-25,30.55,0.28,79.0,55.6,rain
2015-09-26,19.47,0.17,79.0,61.0,rain
2015-09-27,25.49,0.25,73.45,52.29,rain
2015-09-28,20.84,0.2,77.0,54.87,rain
2015-09-29,19.16,0.18,76.4,56.23,rain
2015-09-30,20.58,0.21,67.04,54.52,rain
2015-10-01,25.98,0.31,66.0,47.12,rain
2015-10-02,28.81,0.32,73.62,46.17,rain
2015-10-03,29.46,0.32,72.29,48.97,rain
2015-10-04,31.05,0.33,75.46,47.26,rain
2015-10-05,30.57,0.29,79.0,49.03,rain
2015-10-06,26.99,0.24,78.51,55.15,rain
2015-10-07,27.61,0.27,75.0,54.61,rain
2015-10-08,29.65,0.3,72.62,50.91,rain
2015-10-09,29.58,0.31,75.32,47.98,rain
2015-10-10,30.62,0.32,74.84,48.29,rain
2015-10-11,29.99,0.3,76.24,49.18,rain
2015-10-12,27.91,0.28,75.0,52.14,rain
2015-10-13,26.27,0.26,75.92,48.89,rain
2015-10-14,27.64,0.28,73.59,51.91,rain
2015-10-15,29.23,0.29,79.63,46.6,rain
2015-10-16,28.5,0.28,73.96,50.74,rain
2015-10-17,30.44,0.33,72.0,51.14,rain
2015-10-18,31.15,0.36,71.22,47.26,rain
2015-10-19,33.69,0.44,67.58,47.32,rain
2015-10-20,33.29,0.41,68.0,52.0,rain
2015-10-21,35.52,0.53,64.05,42.31,rain
2015-10-22,32.81,0.46,63.31,43.43,rain
2015-10-23,24.16,0.35,63.73,43.08,rain
2015-10-24,3.26,0.17,61.0,43.0,rain
2015-10-25,25.58,0.43,55.0,44.34,rain
2015-10-26,31.89,0.56,54.2,43.0,rain
2015-10-27,26.87,0.46,59.61,39.0,rain
2015-10-28,27.87,0.46,66.0,34.42,rain
2015-10-29,26.28,0.4,63.26,40.1,rain
2015-10-30,21.85,0.37,61.9,37.85,rain
2015-10-31,20.74,0.35,61.15,35.36,rain
2015-11-01,21.24,0.36,60.23,36.13,rain
2015-11-02,20.07,0.32,66.78,37.38,rain
2015-11-03,20.26,0.3,60.05,43.82,rain
2015-11-04,27.16,0.49,48.0,41.0,rain
2015-11-05,31.56,0.65,49.99,38.59,rain
2015-11-06,27.73,0.56,54.29,34.49,rain
2015-11-07,25.85,0.53,52.0,32.91,rain
2015-11-08,24.6,0.49,56.0,32.18,rain
2015-11-09,22.85,0.43,56.0,31.65,rain
2015-11-10,22.78,0.46,54.0,33.57,rain
2015-11-11,23.21,0.46,54.78,32.26,rain
2015-11-12,22.71,0.46,54.29,30.59,rain
2015-11-13,23.17,0.38,63.87,37.0,rain
2015-11-14,21.89,0.38,60.38,37.55,rain
2015-11-15,21.76,0.42,53.84,34.92,rain
2015-11-16,20.91,0.4,56.23,33.05,rain
2015-11-17,18.63,0.37,56.65,31.94,rain
2015-11-18,24.24,0.5,55.01,31.56,rain
2015-11-19,26.36,0.56,52.11,33.55,rain
2015-11-20,26.52,0.55,54.42,30.79,rain
2015-11-21,26.19,0.54,53.96,31.26,rain
2015-11-22,25.08,0.56,48.0,34.0,rain
2015-11-23,24.55,0.57,48.46,30.77,rain
2015-11-24,24.92,0.56,47.69,29.82,rain
2015-11-25,25.52,0.58,46.62,32.16,rain
2015-11-26,26.4,0.61,46.23,33.66,rain
2015-11-27,25.22,0.61,48.89,30.28,rain
2015-11-28,24.48,0.59,49.36,26.96,rain
2015-11-29,24.45,0.61,47.83,28.37,rain
2015-11-30,22.34,0.55,56.52,26.19,rain
2015-12-01,20.46,0.49,52.0,28.79,rain
2015-12-02,20.1,0.51,48.59,27.73,rain
2015-12-03,20.71,0.51,48.33,27.59,rain
2015-12-04,20.13,0.5,46.0,29.14,rain
2015-12-05,19.17,0.49,50.0,25.73,rain
2015-12-06,19.63,0.51,49.27,25.56,rain
2015-12-07,19.21,0.52,47.36,25.42,rain
2015-12-08,18.06,0.52,46.95,26.33,rain
2015-12-09,17.36,0.53,43.62,26.02,rain
2015-12-10,11.66,0.47,43.0,24.09,rain
2015-12-11,-10.05,0.17,39.0,28.0,rain
2015-12-12,10.41,0.62,29.68,18.0,snow
2015-12-13,15.16,0.63,30.8,21.0,snow
2015-12-14,10.61,0.57,32.0,18.0,snow
2015-12-15,10.31,0.61,30.0,14.35,snow
2015-12-16,11.44,0.77,25.0,11.76,snow
2015-12-17,13.91,0.86,19.46,15.68,snow
2015-12-18,12.48,0.78,21.33,16.0,snow
2015-12-19,11.44,0.73,21.0,18.0,snow
2015-12-20,10.33,0.67,26.39,14.0,snow
2015-12-21,10.12,0.69,28.03,11.66,snow
2015-12-22,11.33,0.68,27.91,12.59,snow
2015-12-23,12.95,0.65,30.78,18.0,snow
2015-12-24,12.03,0.67,32.58,13.24,snow
2015-12-25,12.36,0.67,32.0,14.31,snow
2015-12-26,13.33,0.67,31.83,15.16,snow
2015-12-27,14.45,0.62,37.0,19.0,snow
2015-12-28,13.6,0.62,36.0,19.0,snow
2015-12-29,13.13,0.63,35.37,15.29,snow
2015-12-30,12.57,0.62,36.29,14.23,snow
2015-12-31,12.81,0.61,36.46,14.84,snow
2016-01-01,13.42,0.58,40.08,18.0,snow
2016-01-02,14.0,0.57,39.3,20.67,snow
2016-01-03,14.54,0.55,39.42,19.78,snow
2016-01-04,15.05,0.55,38.53,22.54,snow
2016-01-05,15.05,0.54,43.0,23.0,snow
2016-01-06,13.59,0.57,36.13,20.88,snow
2016-01-07,12.9,0.58,36.91,17.92,snow
2016-01-08,13.82,0.62,34.0,19.31,snow
2016-01-09,12.56,0.6,38.37,16.0,snow
2016-01-10,13.04,0.57,37.82,18.0,snow
2016-01-11,14.57,0.65,34.73,18.97,snow
2016-01-12,14.26,0.68,31.51,17.0,snow
2016-01-13,15.75,0.72,29.9,17.3,snow
2016-01-14,16.64,0.69,33.04,21.0,snow
2016-01-15,14.59,0.62,39.0,18.0,snow
2016-01-16,13.82,0.54,45.67,18.62,snow
2016-01-17,14.63,0.61,34.57,18.0,snow
2016-01-18,15.16,0.65,33.04,19.0,snow
2016-01-19,12.32,0.6,42.29,14.0,snow
2016-01-20,11.78,0.56,39.98,16.0,snow
2016-01-21,15.98,0.78,27.91,18.43,snow
2016-01-22,14.37,0.83,25.04,10.0,snow
2016-01-23,9.25,0.76,24.38,9.0,snow
2016-01-24,8.57,0.71,25.46,9.0,snow
2016-01-25,11.88,0.74,24.96,15.13,snow
2016-01-26,11.0,0.72,28.61,12.0,snow
2016-01-27,10.56,0.65,30.5,14.0,snow
2016-01-28,11.89,0.63,32.61,15.34,snow
2016-01-29,14.68,0.69,28.96,20.57,snow
2016-01-30,18.81,0.81,30.82,19.0,snow
2016-01-31,18.82,0.81,30.51,18.83,snow
2016-02-01,18.09,0.8,30.35,21.0,snow
2016-02-02,15.02,0.72,33.49,14.0,snow
2016-02-03,14.96,0.68,36.87,16.0,snow
2016-02-04,16.5,0.72,33.35,18.11,snow
2016-02-05,16.6,0.61,36.27,25.0,snow
2016-02-06,15.18,0.6,39.0,19.0,snow
2016-02-07,15.16,0.58,41.42,19.0,snow
2016-02-08,15.11,0.54,43.28,20.25,snow
2016-02-09,16.69,0.52,46.0,23.17,rain
2016-02-10,18.55,0.51,49.24,25.25,rain
2016-02-11,14.18,0.45,39.31,30.0,rain
2016-02-12,17.75,0.78,29.84,21.0,snow
2016-02-13,12.75,0.68,27.63,14.0,snow
2016-02-14,11.47,0.63,29.33,16.0,snow
2016-02-15,11.53,0.6,31.24,16.0,snow
2016-02-16,13.25,0.6,34.29,18.0,snow
2016-02-17,14.25,0.54,45.08,19.0,snow
2016-02-18,14.11,0.52,39.9,23.0,snow
2016-02-19,12.53,0.47,39.15,25.0,snow
2016-02-20,16.28,0.5,41.0,28.0,rain
2016-02-21,14.13,0.35,53.49,31.15,rain
2016-02-22,18.11,0.41,55.78,32.71,rain
2016-02-23,14.82,0.37,54.57,30.0,rain
2016-02-24,12.74,0.36,50.88,29.37,rain
2016-02-25,11.25,0.31,53.38,30.33,rain
2016-02-26,13.29,0.32,56.3,30.44,rain
2016-02-27,15.55,0.33,59.75,30.11,rain
2016-02-28,15.69,0.3,61.13,31.51,rain
2016-02-29,14.69,0.28,62.5,33.97,rain
2016-03-01,12.43,0.24,62.54,35.19,rain
2016-03-02,12.83,0.23,64.67,34.74,rain
2016-03-03,11.89,0.16,75.46,46.38,rain
2016-03-04,13.04,0.2,64.0,44.83,rain
2016-03-05,13.65,0.28,51.79,39.0,rain
2016-03-06,15.0,0.3,53.95,38.82,rain
2016-03-07,17.1,0.32,58.95,37.0,rain
2016-03-08,19.2,0.32,63.55,37.0,rain
2016-03-09,15.61,0.28,53.36,41.04,rain
2016-03-10,14.4,0.3,50.59,39.0,rain
2016-03-11,17.08,0.34,51.06,37.0,rain
2016-03-12,18.23,0.34,51.98,42.09,rain
2016-03-13,21.81,0.41,52.0,39.0,rain
2016-03-14,25.68,0.47,54.0,39.17,rain
2016-03-15,23.66,0.38,61.0,39.0,rain
2016-03-16,18.99,0.3,61.27,39.2,rain
2016-03-17,18.21,0.27,61.0,43.16,rain
2016-03-18,19.55,0.29,58.48,46.0,rain
2016-03-19,28.28,0.47,55.22,43.0,rain
2016-03-20,14.86,0.27,63.0,41.0,rain
2016-03-21,9.33,0.18,66.0,45.63,rain
2016-03-22,6.93,0.16,67.52,40.72,rain
2016-03-23,12.99,0.2,66.88,43.42,rain
2016-03-24,13.71,0.18,68.29,45.22,rain
2016-03-25,12.82,0.16,70.62,48.57,rain
2016-03-26,20.34,0.22,68.8,52.0,rain
2016-03-27,24.3,0.26,70.75,48.0,rain
2016-03-28,23.36,0.26,71.96,46.66,rain
2016-03-29,21.63,0.2,75.0,54.09,rain
2016-03-30,21.61,0.19,81.0,52.68,rain
2016-03-31,22.63,0.18,82.0,55.71,rain
2016-04-01,24.87,0.19,78.96,59.84,rain
2016-04-02,30.88,0.29,68.12,60.95,rain
2016-04-03,42.45,0.59,64.15,54.0,rain
2016-04-04,32.71,0.42,70.49,52.0,rain
2016-04-05,24.85,0.26,71.99,52.0,rain
2016-04-06,33.82,0.4,67.08,54.41,rain
2016-04-07,33.77,0.36,72.0,52.0,rain
2016-04-08,40.17,0.52,69.85,50.0,rain
2016-04-09,35.63,0.4,71.67,53.2,rain
2016-04-10,25.24,0.28,73.84,51.22,rain
2016-04-11,26.38,0.25,74.29,53.5,rain
2016-04-12,31.46,0.33,70.88,55.63,rain
2016-04-13,18.4,0.22,71.07,52.0,rain
2016-04-14,19.57,0.24,73.29,45.48,rain
2016-04-15,18.2,0.19,77.91,48.5,rain
2016-04-16,19.56,0.18,77.09,51.07,rain
2016-04-17,23.16,0.21,74.16,54.58,rain
2016-04-18,25.77,0.2,84.0,56.52,rain
2016-04-19,24.1,0.18,79.41,62.28,rain
2016-04-20,25.42,0.22,71.38,61.0,rain
2016-04-21,26.54,0.24,75.62,57.48,rain
2016-04-22,28.89,0.28,73.22,58.55,rain
2016-04-23,27.16,0.24,75.7,57.0,rain
2016-04-24,24.82,0.21,77.0,58.41,rain
2016-04-25,28.99,0.25,78.53,56.56,rain
2016-04-26,28.37,0.23,79.79,57.95,rain
2016-04-27,24.21,0.19,79.0,59.31,rain
2016-04-28,19.36,0.15,82.0,58.37,rain
2016-04-29,23.32,0.16,86.47,57.05,rain
2016-04-30,25.25,0.15,90.63,63.6,rain
2016-05-01,28.67,0.18,86.0,65.4,rain
2016-05-02,32.54,0.26,75.0,63.22,rain
2016-05-03,36.03,0.29,79.53,64.64,rain
2016-05-04,33.58,0.25,83.15,64.0,rain
2016-05-05,35.22,0.3,81.0,60.05,rain
2016-05-06,37.45,0.31,81.74,58.84,rain
2016-05-07,26.57,0.16,88.0,65.85,rain
2016-05-08,32.07,0.2,87.66,61.63,rain
2016-05-09,30.87,0.19,87.05,62.56,rain
2016-05-10,30.72,0.18,91.17,64.01,rain
2016-05-11,32.97,0.21,88.0,68.42,rain
2016-05-12,39.2,0.45,71.2,55.58,rain
2016-05-13,39.05,0.45,69.82,53.5,rain
2016-05-14,41.92,0.5,67.34,54.0,rain
2016-05-15,43.8,0.49,77.33,54.0,rain
2016-05-16,38.55,0.33,83.08,56.14,rain
2016-05-17,34.22,0.24,84.98,63.54,rain
2016-05-18,28.56,0.19,88.0,64.84,rain
2016-05-19,22.98,0.17,82.0,65.25,rain
2016-05-20,37.48,0.34,72.0,62.36,rain
2016-05-21,40.32,0.41,72.73,59.0,rain
2016-05-22,37.21,0.31,79.0,57.23,rain
2016-05-23,38.04,0.31,82.16,58.55,rain
2016-05-24,44.87,0.44,75.0,61.66,rain
2016-05-25,45.81,0.56,70.0,55.0,rain
2016-05-26,41.23,0.39,76.54,58.71,rain
2016-05-27,39.09,0.32,86.0,58.89,rain
2016-05-28,31.29,0.23,86.0,61.23,rain
2016-05-29,24.64,0.17,84.0,66.0,rain
2016-05-30,26.08,0.19,81.0,61.54,rain
2016-05-31,33.88,0.28,84.0,56.96,rain
2016-06-01,34.82,0.25,88.58,58.36,rain
2016-06-02,34.79,0.21,90.74,64.69,rain
2016-06-03,38.54,0.23,89.83,70.71,rain
2016-06-04,38.14,0.22,91.99,70.01,rain
2016-06-05,39.7,0.24,90.0,71.63,rain
2016-06-06,32.4,0.18,95.0,68.32,rain
2016-06-07,38.78,0.22,91.25,71.52,rain
2016-06-08,40.07,0.24,92.08,68.92,rain
2016-06-09,38.03,0.21,93.0,70.21,rain
2016-06-10,39.82,0.21,93.17,77.0,rain
2016-06-11,45.59,0.31,87.91,73.0,rain
2016-06-12,44.82,0.28,90.34,73.0,rain
2016-06-13,42.8,0.24,94.44,76.57,rain
2016-06-14,43.76,0.24,94.94,78.59,rain
2016-06-15,44.81,0.25,94.78,78.42,rain
2016-06-16,42.94,0.23,94.0,79.2,rain
2016-06-17,40.37,0.22,96.34,75.6,unknown
2016-06-18,32.66,0.16,95.99,75.6,unknown
2016-06-19,32.04,0.16,92.95,74.8,unknown
2016-06-20,36.25,0.18,93.72,74.2,unknown
2016-06-21,37.2,0.2,91.43,74.56,rain
2016-06-22,42.65,0.27,89.4,69.16,rain
2016-06-23,32.22,0.21,85.6,65.16,rain
2016-06-24,34.64,0.21,88.6,67.56,rain
2016-06-25,39.77,0.26,88.6,66.36,unknown
2016-06-26,38.09,0.21,94.78,71.8,unknown
2016-06-27,32.35,0.17,93.61,73.47,unknown
